datetime,season,holiday,workingday,weather,temp,atemp,humidity,windspeed,casual,registered,count,date,time,month,hour,weekday_no
2011-01-01 00:00:00,1,0,0,1,9.84,14.395,81,0.0,3,13,16,11010110.,12AM00.,01,00,6
2011-01-01 01:00:00,1,0,0,1,9.02,13.635,80,0.0,8,32,40,11010110.,01AM00.,01,01,6
2011-01-01 02:00:00,1,0,0,1,9.02,13.635,80,0.0,5,27,32,11010110.,02AM00.,01,02,6
2011-01-01 03:00:00,1,0,0,1,9.84,14.395,75,0.0,3,10,13,11010110.,03AM00.,01,03,6
2011-01-01 04:00:00,1,0,0,1,9.84,14.395,75,0.0,0,1,1,11010110.,04AM00.,01,04,6
2011-01-01 05:00:00,1,0,0,2,9.84,12.88,75,6.0032,0,1,1,11010110.,05AM00.,01,05,6
2011-01-01 06:00:00,1,0,0,1,9.02,13.635,80,0.0,2,0,2,11010110.,06AM00.,01,06,6
2011-01-01 07:00:00,1,0,0,1,8.2,12.88,86,0.0,1,2,3,11010110.,07AM00.,01,07,6
2011-01-01 08:00:00,1,0,0,1,9.84,14.395,75,0.0,1,7,8,11010110.,08AM00.,01,08,6
2011-01-01 09:00:00,1,0,0,1,13.12,17.425,76,0.0,8,6,14,11010110.,09AM00.,01,09,6
2011-01-01 10:00:00,1,0,0,1,15.58,19.695,76,16.9979,12,24,36,11010110.,10AM00.,01,10,6
2011-01-01 11:00:00,1,0,0,1,14.76,16.665,81,19.0012,26,30,56,11010110.,11AM00.,01,11,6
2011-01-01 12:00:00,1,0,0,1,17.22,21.21,77,19.0012,29,55,84,11010110.,12PM00.,01,12,6
2011-01-01 13:00:00,1,0,0,2,18.86,22.725,72,19.9995,47,47,94,11010110.,01PM00.,01,13,6
2011-01-01 14:00:00,1,0,0,2,18.86,22.725,72,19.0012,35,71,106,11010110.,02PM00.,01,14,6
2011-01-01 15:00:00,1,0,0,2,18.04,21.97,77,19.9995,40,70,110,11010110.,03PM00.,01,15,6
2011-01-01 16:00:00,1,0,0,2,17.22,21.21,82,19.9995,41,52,93,11010110.,04PM00.,01,16,6
2011-01-01 17:00:00,1,0,0,2,18.04,21.97,82,19.0012,15,52,67,11010110.,05PM00.,01,17,6
2011-01-01 18:00:00,1,0,0,3,17.22,21.21,88,16.9979,9,26,35,11010110.,06PM00.,01,18,6
2011-01-01 19:00:00,1,0,0,3,17.22,21.21,88,16.9979,6,31,37,11010110.,07PM00.,01,19,6
2011-01-01 20:00:00,1,0,0,2,16.4,20.455,87,16.9979,11,25,36,11010110.,08PM00.,01,20,6
2011-01-01 21:00:00,1,0,0,2,16.4,20.455,87,12.998,3,31,34,11010110.,09PM00.,01,21,6
2011-01-01 22:00:00,1,0,0,2,16.4,20.455,94,15.0013,11,17,28,11010110.,10PM00.,01,22,6
2011-01-01 23:00:00,1,0,0,2,18.86,22.725,88,19.9995,15,24,39,11010110.,11PM00.,01,23,6
2011-01-02 00:00:00,1,0,0,2,18.86,22.725,88,19.9995,4,13,17,11010210.,12AM00.,01,00,7
2011-01-02 01:00:00,1,0,0,2,18.04,21.97,94,16.9979,1,16,17,11010210.,01AM00.,01,01,7
2011-01-02 02:00:00,1,0,0,2,17.22,21.21,100,19.0012,1,8,9,11010210.,02AM00.,01,02,7
2011-01-02 03:00:00,1,0,0,2,18.86,22.725,94,12.998,2,4,6,11010210.,03AM00.,01,03,7
2011-01-02 04:00:00,1,0,0,2,18.86,22.725,94,12.998,2,1,3,11010210.,04AM00.,01,04,7
2011-01-02 06:00:00,1,0,0,3,17.22,21.21,77,19.9995,0,2,2,11010210.,06AM00.,01,06,7
2011-01-02 07:00:00,1,0,0,2,16.4,20.455,76,12.998,0,1,1,11010210.,07AM00.,01,07,7
2011-01-02 08:00:00,1,0,0,3,16.4,20.455,71,15.0013,0,8,8,11010210.,08AM00.,01,08,7
2011-01-02 09:00:00,1,0,0,2,15.58,19.695,76,15.0013,1,19,20,11010210.,09AM00.,01,09,7
2011-01-02 10:00:00,1,0,0,2,14.76,17.425,81,15.0013,7,46,53,11010210.,10AM00.,01,10,7
2011-01-02 11:00:00,1,0,0,2,14.76,16.665,71,16.9979,16,54,70,11010210.,11AM00.,01,11,7
2011-01-02 12:00:00,1,0,0,2,14.76,16.665,66,19.9995,20,73,93,11010210.,12PM00.,01,12,7
2011-01-02 13:00:00,1,0,0,2,14.76,17.425,66,8.9981,11,64,75,11010210.,01PM00.,01,13,7
2011-01-02 14:00:00,1,0,0,3,14.76,17.425,76,12.998,4,55,59,11010210.,02PM00.,01,14,7
2011-01-02 15:00:00,1,0,0,3,13.94,16.665,81,11.0014,19,55,74,11010210.,03PM00.,01,15,7
2011-01-02 16:00:00,1,0,0,3,13.94,16.665,71,11.0014,9,67,76,11010210.,04PM00.,01,16,7
2011-01-02 17:00:00,1,0,0,1,13.94,16.665,57,12.998,7,58,65,11010210.,05PM00.,01,17,7
2011-01-02 18:00:00,1,0,0,2,14.76,16.665,46,22.0028,10,43,53,11010210.,06PM00.,01,18,7
2011-01-02 19:00:00,1,0,0,1,13.12,14.395,42,30.0026,1,29,30,11010210.,07PM00.,01,19,7
2011-01-02 20:00:00,1,0,0,1,12.3,13.635,39,23.9994,5,17,22,11010210.,08PM00.,01,20,7
2011-01-02 21:00:00,1,0,0,1,10.66,11.365,44,22.0028,11,20,31,11010210.,09PM00.,01,21,7
2011-01-02 22:00:00,1,0,0,1,9.84,10.605,44,19.9995,0,9,9,11010210.,10PM00.,01,22,7
2011-01-02 23:00:00,1,0,0,1,9.02,11.365,47,11.0014,0,8,8,11010210.,11PM00.,01,23,7
2011-01-03 00:00:00,1,0,1,1,9.02,9.85,44,23.9994,0,5,5,11010310.,12AM00.,01,00,1
2011-01-03 01:00:00,1,0,1,1,8.2,8.335,44,27.9993,0,2,2,11010310.,01AM00.,01,01,1
2011-01-03 04:00:00,1,0,1,1,6.56,6.82,47,26.0027,0,1,1,11010310.,04AM00.,01,04,1
2011-01-03 05:00:00,1,0,1,1,6.56,6.82,47,19.0012,0,3,3,11010310.,05AM00.,01,05,1
2011-01-03 06:00:00,1,0,1,1,5.74,5.305,50,26.0027,0,30,30,11010310.,06AM00.,01,06,1
2011-01-03 07:00:00,1,0,1,1,5.74,6.82,50,12.998,1,63,64,11010310.,07AM00.,01,07,1
2011-01-03 08:00:00,1,0,1,1,5.74,6.06,50,19.0012,1,153,154,11010310.,08AM00.,01,08,1
2011-01-03 09:00:00,1,0,1,1,6.56,6.82,43,26.0027,7,81,88,11010310.,09AM00.,01,09,1
2011-01-03 10:00:00,1,0,1,1,7.38,8.335,43,16.9979,11,33,44,11010310.,10AM00.,01,10,1
2011-01-03 11:00:00,1,0,1,1,8.2,9.09,40,22.0028,10,41,51,11010310.,11AM00.,01,11,1
2011-01-03 12:00:00,1,0,1,1,9.02,10.605,35,19.9995,13,48,61,11010310.,12PM00.,01,12,1
2011-01-03 13:00:00,1,0,1,1,9.84,10.605,35,19.0012,8,53,61,11010310.,01PM00.,01,13,1
2011-01-03 14:00:00,1,0,1,1,10.66,12.12,30,19.0012,11,66,77,11010310.,02PM00.,01,14,1
2011-01-03 15:00:00,1,0,1,1,10.66,12.12,30,16.9979,14,58,72,11010310.,03PM00.,01,15,1
2011-01-03 16:00:00,1,0,1,1,10.66,12.12,30,16.9979,9,67,76,11010310.,04PM00.,01,16,1
2011-01-03 17:00:00,1,0,1,1,9.84,11.365,30,15.0013,11,146,157,11010310.,05PM00.,01,17,1
2011-01-03 18:00:00,1,0,1,1,9.84,12.88,32,7.0015,9,148,157,11010310.,06PM00.,01,18,1
2011-01-03 19:00:00,1,0,1,1,8.2,12.88,47,0.0,8,102,110,11010310.,07PM00.,01,19,1
2011-01-03 20:00:00,1,0,1,1,8.2,11.365,47,7.0015,3,49,52,11010310.,08PM00.,01,20,1
2011-01-03 21:00:00,1,0,1,1,7.38,9.85,64,8.9981,3,49,52,11010310.,09PM00.,01,21,1
2011-01-03 22:00:00,1,0,1,1,5.74,7.575,69,8.9981,0,20,20,11010310.,10PM00.,01,22,1
2011-01-03 23:00:00,1,0,1,1,7.38,10.605,55,7.0015,1,11,12,11010310.,11PM00.,01,23,1
2011-01-04 00:00:00,1,0,1,1,6.56,9.09,55,7.0015,0,5,5,11010410.,12AM00.,01,00,2
2011-01-04 01:00:00,1,0,1,1,6.56,9.09,59,7.0015,0,2,2,11010410.,01AM00.,01,01,2
2011-01-04 02:00:00,1,0,1,1,5.74,7.575,63,8.9981,0,1,1,11010410.,02AM00.,01,02,2
2011-01-04 04:00:00,1,0,1,1,5.74,9.09,63,6.0032,0,2,2,11010410.,04AM00.,01,04,2
2011-01-04 05:00:00,1,0,1,1,4.92,7.575,68,7.0015,0,4,4,11010410.,05AM00.,01,05,2
2011-01-04 06:00:00,1,0,1,1,4.92,7.575,74,7.0015,0,36,36,11010410.,06AM00.,01,06,2
2011-01-04 07:00:00,1,0,1,1,4.92,7.575,74,8.9981,2,92,94,11010410.,07AM00.,01,07,2
2011-01-04 08:00:00,1,0,1,1,5.74,7.575,69,11.0014,2,177,179,11010410.,08AM00.,01,08,2
2011-01-04 09:00:00,1,0,1,1,6.56,7.575,64,15.0013,2,98,100,11010410.,09AM00.,01,09,2
2011-01-04 10:00:00,1,0,1,2,6.56,6.82,69,22.0028,5,37,42,11010410.,10AM00.,01,10,2
2011-01-04 11:00:00,1,0,1,1,9.02,10.605,51,19.9995,7,50,57,11010410.,11AM00.,01,11,2
2011-01-04 12:00:00,1,0,1,1,9.02,11.365,51,11.0014,12,66,78,11010410.,12PM00.,01,12,2
2011-01-04 13:00:00,1,0,1,1,9.84,11.365,56,12.998,18,79,97,11010410.,01PM00.,01,13,2
2011-01-04 14:00:00,1,0,1,1,10.66,12.88,52,15.0013,9,54,63,11010410.,02PM00.,01,14,2
2011-01-04 15:00:00,1,0,1,1,11.48,13.635,52,16.9979,17,48,65,11010410.,03PM00.,01,15,2
2011-01-04 16:00:00,1,0,1,1,12.3,14.395,49,16.9979,15,68,83,11010410.,04PM00.,01,16,2
2011-01-04 17:00:00,1,0,1,1,11.48,13.635,48,15.0013,10,202,212,11010410.,05PM00.,01,17,2
2011-01-04 18:00:00,1,0,1,1,10.66,12.88,48,12.998,3,179,182,11010410.,06PM00.,01,18,2
2011-01-04 19:00:00,1,0,1,1,9.84,12.88,48,7.0015,2,110,112,11010410.,07PM00.,01,19,2
2011-01-04 20:00:00,1,0,1,1,9.84,12.88,48,7.0015,1,53,54,11010410.,08PM00.,01,20,2
2011-01-04 21:00:00,1,0,1,1,9.02,13.635,64,0.0,0,48,48,11010410.,09PM00.,01,21,2
2011-01-04 22:00:00,1,0,1,1,9.02,12.88,64,6.0032,1,34,35,11010410.,10PM00.,01,22,2
2011-01-04 23:00:00,1,0,1,1,8.2,11.365,69,6.0032,2,9,11,11010410.,11PM00.,01,23,2
2011-01-05 00:00:00,1,0,1,1,8.2,12.88,64,0.0,0,6,6,11010510.,12AM00.,01,00,3
2011-01-05 01:00:00,1,0,1,1,6.56,9.85,74,6.0032,0,6,6,11010510.,01AM00.,01,01,3
2011-01-05 02:00:00,1,0,1,1,6.56,9.85,74,6.0032,0,2,2,11010510.,02AM00.,01,02,3
2011-01-05 04:00:00,1,0,1,1,9.84,11.365,48,15.0013,0,2,2,11010510.,04AM00.,01,04,3
2011-01-05 05:00:00,1,0,1,1,9.02,11.365,47,11.0014,0,3,3,11010510.,05AM00.,01,05,3
2011-01-05 06:00:00,1,0,1,1,8.2,9.85,47,15.0013,0,33,33,11010510.,06AM00.,01,06,3
2011-01-05 07:00:00,1,0,1,1,7.38,9.09,43,12.998,1,87,88,11010510.,07AM00.,01,07,3
2011-01-05 08:00:00,1,0,1,1,8.2,9.09,40,19.9995,3,192,195,11010510.,08AM00.,01,08,3
2011-01-05 09:00:00,1,0,1,1,9.02,9.85,37,22.0028,6,109,115,11010510.,09AM00.,01,09,3
2011-01-05 10:00:00,1,0,1,1,9.02,9.85,37,22.0028,4,53,57,11010510.,10AM00.,01,10,3
2011-01-05 11:00:00,1,0,1,1,10.66,11.365,33,22.0028,12,34,46,11010510.,11AM00.,01,11,3
2011-01-05 12:00:00,1,0,1,1,10.66,11.365,33,22.0028,5,74,79,11010510.,12PM00.,01,12,3
2011-01-05 13:00:00,1,0,1,1,11.48,12.88,30,19.9995,6,65,71,11010510.,01PM00.,01,13,3
2011-01-05 14:00:00,1,0,1,1,12.3,14.395,28,12.998,10,52,62,11010510.,02PM00.,01,14,3
2011-01-05 15:00:00,1,0,1,1,12.3,14.395,28,12.998,7,55,62,11010510.,03PM00.,01,15,3
2011-01-05 16:00:00,1,0,1,1,12.3,15.91,28,6.0032,4,85,89,11010510.,04PM00.,01,16,3
2011-01-05 17:00:00,1,0,1,1,9.84,11.365,38,12.998,4,186,190,11010510.,05PM00.,01,17,3
2011-01-05 18:00:00,1,0,1,1,9.84,12.12,38,8.9981,3,166,169,11010510.,06PM00.,01,18,3
2011-01-05 19:00:00,1,0,1,1,9.84,12.88,38,7.0015,5,127,132,11010510.,07PM00.,01,19,3
2011-01-05 20:00:00,1,0,1,1,9.02,11.365,47,11.0014,7,82,89,11010510.,08PM00.,01,20,3
2011-01-05 21:00:00,1,0,1,1,8.2,9.85,51,12.998,3,40,43,11010510.,09PM00.,01,21,3
2011-01-05 22:00:00,1,0,1,1,7.38,9.85,55,8.9981,1,41,42,11010510.,10PM00.,01,22,3
2011-01-05 23:00:00,1,0,1,1,8.2,12.88,47,0.0,1,18,19,11010510.,11PM00.,01,23,3
2011-01-06 00:00:00,1,0,1,1,7.38,12.12,55,0.0,0,11,11,11010610.,12AM00.,01,00,4
2011-01-06 01:00:00,1,0,1,1,6.56,11.365,64,0.0,0,4,4,11010610.,01AM00.,01,01,4
2011-01-06 02:00:00,1,0,1,1,6.56,11.365,64,0.0,0,2,2,11010610.,02AM00.,01,02,4
2011-01-06 04:00:00,1,0,1,2,6.56,9.85,64,6.0032,0,1,1,11010610.,04AM00.,01,04,4
2011-01-06 05:00:00,1,0,1,2,5.74,9.09,69,6.0032,0,4,4,11010610.,05AM00.,01,05,4
2011-01-06 06:00:00,1,0,1,2,5.74,8.335,63,7.0015,0,36,36,11010610.,06AM00.,01,06,4
2011-01-06 07:00:00,1,0,1,2,6.56,11.365,59,0.0,0,95,95,11010610.,07AM00.,01,07,4
2011-01-06 08:00:00,1,0,1,1,6.56,11.365,59,0.0,3,216,219,11010610.,08AM00.,01,08,4
2011-01-06 09:00:00,1,0,1,2,7.38,12.12,51,0.0,6,116,122,11010610.,09AM00.,01,09,4
2011-01-06 10:00:00,1,0,1,1,8.2,12.88,47,0.0,3,42,45,11010610.,10AM00.,01,10,4
2011-01-06 11:00:00,1,0,1,1,9.02,12.88,44,6.0032,2,57,59,11010610.,11AM00.,01,11,4
2011-01-06 12:00:00,1,0,1,1,10.66,14.395,35,0.0,6,78,84,11010610.,12PM00.,01,12,4
2011-01-06 13:00:00,1,0,1,1,10.66,13.635,35,7.0015,12,55,67,11010610.,01PM00.,01,13,4
2011-01-06 14:00:00,1,0,1,1,11.48,13.635,36,11.0014,11,59,70,11010610.,02PM00.,01,14,4
2011-01-06 15:00:00,1,0,1,1,11.48,13.635,36,0.0,8,54,62,11010610.,03PM00.,01,15,4
2011-01-06 16:00:00,1,0,1,1,10.66,12.88,38,11.0014,12,74,86,11010610.,04PM00.,01,16,4
2011-01-06 17:00:00,1,0,1,1,9.02,11.365,51,11.0014,9,163,172,11010610.,05PM00.,01,17,4
2011-01-06 18:00:00,1,0,1,1,9.02,11.365,51,8.9981,5,158,163,11010610.,06PM00.,01,18,4
2011-01-06 19:00:00,1,0,1,1,9.02,12.88,55,6.0032,3,109,112,11010610.,07PM00.,01,19,4
2011-01-06 20:00:00,1,0,1,1,8.2,10.605,51,11.0014,3,66,69,11010610.,08PM00.,01,20,4
2011-01-06 21:00:00,1,0,1,2,9.02,10.605,55,15.0013,0,48,48,11010610.,09PM00.,01,21,4
2011-01-06 22:00:00,1,0,1,2,9.02,10.605,51,19.0012,1,51,52,11010610.,10PM00.,01,22,4
2011-01-06 23:00:00,1,0,1,2,8.2,9.85,59,12.998,4,19,23,11010610.,11PM00.,01,23,4
2011-01-07 00:00:00,1,0,1,2,8.2,9.85,64,12.998,4,13,17,11010710.,12AM00.,01,00,5
2011-01-07 01:00:00,1,0,1,2,8.2,9.85,69,15.0013,2,5,7,11010710.,01AM00.,01,01,5
2011-01-07 02:00:00,1,0,1,2,8.2,9.85,69,15.0013,0,1,1,11010710.,02AM00.,01,02,5
2011-01-07 04:00:00,1,0,1,2,8.2,10.605,69,8.9981,0,1,1,11010710.,04AM00.,01,04,5
2011-01-07 05:00:00,1,0,1,3,9.02,13.635,55,0.0,0,5,5,11010710.,05AM00.,01,05,5
2011-01-07 06:00:00,1,0,1,2,8.2,12.88,69,0.0,8,26,34,11010710.,06AM00.,01,06,5
2011-01-07 07:00:00,1,0,1,1,8.2,10.605,69,8.9981,8,76,84,11010710.,07AM00.,01,07,5
2011-01-07 08:00:00,1,0,1,1,8.2,9.85,51,16.9979,20,190,210,11010710.,08AM00.,01,08,5
2011-01-07 09:00:00,1,0,1,1,8.2,9.09,47,19.9995,9,125,134,11010710.,09AM00.,01,09,5
2011-01-07 10:00:00,1,0,1,1,9.02,9.85,37,22.0028,16,47,63,11010710.,10AM00.,01,10,5
2011-01-07 11:00:00,1,0,1,2,8.2,9.85,40,15.0013,19,48,67,11010710.,11AM00.,01,11,5
2011-01-07 12:00:00,1,0,1,2,8.2,9.85,37,16.9979,9,50,59,11010710.,12PM00.,01,12,5
2011-01-07 13:00:00,1,0,1,2,8.2,9.09,37,19.0012,9,64,73,11010710.,01PM00.,01,13,5
2011-01-07 14:00:00,1,0,1,2,8.2,9.85,40,16.9979,7,43,50,11010710.,02PM00.,01,14,5
2011-01-07 15:00:00,1,0,1,2,8.2,10.605,37,11.0014,9,63,72,11010710.,03PM00.,01,15,5
2011-01-07 16:00:00,1,0,1,2,8.2,10.605,37,11.0014,5,82,87,11010710.,04PM00.,01,16,5
2011-01-07 17:00:00,1,0,1,2,8.2,12.88,37,0.0,9,178,187,11010710.,05PM00.,01,17,5
2011-01-07 18:00:00,1,0,1,1,8.2,11.365,40,6.0032,7,116,123,11010710.,06PM00.,01,18,5
2011-01-07 19:00:00,1,0,1,1,6.56,9.85,55,6.0032,3,92,95,11010710.,07PM00.,01,19,5
2011-01-07 20:00:00,1,0,1,1,7.38,10.605,47,7.0015,1,50,51,11010710.,08PM00.,01,20,5
2011-01-07 21:00:00,1,0,1,1,7.38,9.85,47,8.9981,0,39,39,11010710.,09PM00.,01,21,5
2011-01-07 22:00:00,1,0,1,2,7.38,9.85,43,11.0014,2,34,36,11010710.,10PM00.,01,22,5
2011-01-07 23:00:00,1,0,1,2,7.38,9.85,51,11.0014,1,14,15,11010710.,11PM00.,01,23,5
2011-01-08 00:00:00,1,0,0,2,7.38,9.85,51,11.0014,1,24,25,11010810.,12AM00.,01,00,6
2011-01-08 01:00:00,1,0,0,2,7.38,10.605,55,6.0032,1,15,16,11010810.,01AM00.,01,01,6
2011-01-08 02:00:00,1,0,0,2,7.38,12.12,55,0.0,3,13,16,11010810.,02AM00.,01,02,6
2011-01-08 03:00:00,1,0,0,3,7.38,9.85,55,11.0014,0,7,7,11010810.,03AM00.,01,03,6
2011-01-08 04:00:00,1,0,0,3,7.38,9.85,55,11.0014,0,1,1,11010810.,04AM00.,01,04,6
2011-01-08 05:00:00,1,0,0,2,6.56,8.335,74,11.0014,0,5,5,11010810.,05AM00.,01,05,6
2011-01-08 06:00:00,1,0,0,2,6.56,8.335,74,11.0014,0,2,2,11010810.,06AM00.,01,06,6
2011-01-08 07:00:00,1,0,0,2,6.56,9.09,74,7.0015,1,8,9,11010810.,07AM00.,01,07,6
2011-01-08 08:00:00,1,0,0,3,6.56,9.09,93,7.0015,0,15,15,11010810.,08AM00.,01,08,6
2011-01-08 09:00:00,1,0,0,3,6.56,9.09,93,7.0015,0,20,20,11010810.,09AM00.,01,09,6
2011-01-08 10:00:00,1,0,0,2,7.38,9.85,80,11.0014,5,56,61,11010810.,10AM00.,01,10,6
2011-01-08 11:00:00,1,0,0,2,8.2,9.09,69,26.0027,2,60,62,11010810.,11AM00.,01,11,6
2011-01-08 12:00:00,1,0,0,2,8.2,9.09,59,23.9994,8,90,98,11010810.,12PM00.,01,12,6
2011-01-08 13:00:00,1,0,0,1,8.2,9.09,44,22.0028,7,95,102,11010810.,01PM00.,01,13,6
2011-01-08 14:00:00,1,0,0,1,8.2,8.335,32,32.9975,12,83,95,11010810.,02PM00.,01,14,6
2011-01-08 15:00:00,1,0,0,1,8.2,8.335,32,30.0026,5,69,74,11010810.,03PM00.,01,15,6
2011-01-08 16:00:00,1,0,0,1,7.38,6.82,29,30.0026,8,68,76,11010810.,04PM00.,01,16,6
2011-01-08 17:00:00,1,0,0,1,6.56,6.06,37,36.9974,5,64,69,11010810.,05PM00.,01,17,6
2011-01-08 18:00:00,1,0,0,1,5.74,6.06,39,19.9995,3,52,55,11010810.,06PM00.,01,18,6
2011-01-08 19:00:00,1,0,0,1,5.74,6.06,36,16.9979,4,26,30,11010810.,07PM00.,01,19,6
2011-01-08 20:00:00,1,0,0,1,4.92,6.06,36,16.9979,0,28,28,11010810.,08PM00.,01,20,6
2011-01-08 21:00:00,1,0,0,1,4.92,5.305,39,23.9994,2,35,37,11010810.,09PM00.,01,21,6
2011-01-08 22:00:00,1,0,0,1,4.92,5.305,36,26.0027,1,33,34,11010810.,10PM00.,01,22,6
2011-01-08 23:00:00,1,0,0,1,4.1,3.03,39,30.0026,0,22,22,11010810.,11PM00.,01,23,6
2011-01-09 00:00:00,1,0,0,1,4.1,3.79,42,26.0027,1,24,25,11010910.,12AM00.,01,00,7
2011-01-09 01:00:00,1,0,0,1,4.1,3.03,42,31.0009,0,12,12,11010910.,01AM00.,01,01,7
2011-01-09 02:00:00,1,0,0,1,4.1,3.03,46,31.0009,0,11,11,11010910.,02AM00.,01,02,7
2011-01-09 03:00:00,1,0,0,1,4.1,3.79,46,27.9993,0,4,4,11010910.,03AM00.,01,03,7
2011-01-09 04:00:00,1,0,0,1,3.28,4.545,53,12.998,0,1,1,11010910.,04AM00.,01,04,7
2011-01-09 05:00:00,1,0,0,1,3.28,4.545,53,12.998,0,1,1,11010910.,05AM00.,01,05,7
2011-01-09 06:00:00,1,0,0,1,4.1,4.545,49,19.0012,0,1,1,11010910.,06AM00.,01,06,7
2011-01-09 07:00:00,1,0,0,1,3.28,4.545,53,12.998,1,5,6,11010910.,07AM00.,01,07,7
2011-01-09 08:00:00,1,0,0,1,4.1,4.545,49,19.0012,0,10,10,11010910.,08AM00.,01,08,7
2011-01-09 09:00:00,1,0,0,1,4.92,3.79,46,35.0008,0,19,19,11010910.,09AM00.,01,09,7
2011-01-09 10:00:00,1,0,0,1,5.74,5.305,43,26.0027,0,49,49,11010910.,10AM00.,01,10,7
2011-01-09 11:00:00,1,0,0,1,6.56,6.06,40,35.0008,2,47,49,11010910.,11AM00.,01,11,7
2011-01-09 12:00:00,1,0,0,1,7.38,6.82,37,30.0026,4,79,83,11010910.,12PM00.,01,12,7
2011-01-09 13:00:00,1,0,0,1,8.2,8.335,34,30.0026,6,69,75,11010910.,01PM00.,01,13,7
2011-01-09 14:00:00,1,0,0,1,9.02,9.09,32,31.0009,8,64,72,11010910.,02PM00.,01,14,7
2011-01-09 15:00:00,1,0,0,1,9.02,9.85,35,23.9994,5,77,82,11010910.,03PM00.,01,15,7
2011-01-09 16:00:00,1,0,0,1,8.2,8.335,34,30.0026,13,79,92,11010910.,04PM00.,01,16,7
2011-01-09 17:00:00,1,0,0,1,7.38,7.575,37,26.0027,3,59,62,11010910.,05PM00.,01,17,7
2011-01-09 18:00:00,1,0,0,1,6.56,6.82,40,22.0028,4,44,48,11010910.,06PM00.,01,18,7
2011-01-09 19:00:00,1,0,0,1,6.56,6.82,43,22.0028,1,40,41,11010910.,07PM00.,01,19,7
2011-01-09 20:00:00,1,0,0,1,5.74,6.06,46,16.9979,0,38,38,11010910.,08PM00.,01,20,7
2011-01-09 21:00:00,1,0,0,1,5.74,5.305,46,27.9993,1,19,20,11010910.,09PM00.,01,21,7
2011-01-09 22:00:00,1,0,0,1,5.74,6.06,46,19.9995,5,10,15,11010910.,10PM00.,01,22,7
2011-01-09 23:00:00,1,0,0,1,4.92,6.82,50,12.998,0,6,6,11010910.,11PM00.,01,23,7
2011-01-10 00:00:00,1,0,1,1,4.92,6.06,50,19.0012,2,3,5,11011010.,12AM00.,01,00,1
2011-01-10 01:00:00,1,0,1,1,4.92,6.06,50,19.0012,1,0,1,11011010.,01AM00.,01,01,1
2011-01-10 02:00:00,1,0,1,1,4.92,6.06,50,15.0013,0,3,3,11011010.,02AM00.,01,02,1
2011-01-10 03:00:00,1,0,1,1,4.92,6.06,50,15.0013,0,1,1,11011010.,03AM00.,01,03,1
2011-01-10 04:00:00,1,0,1,1,4.1,6.06,54,8.9981,1,2,3,11011010.,04AM00.,01,04,1
2011-01-10 05:00:00,1,0,1,1,4.1,5.305,54,16.9979,0,3,3,11011010.,05AM00.,01,05,1
2011-01-10 06:00:00,1,0,1,1,4.92,6.06,50,19.0012,0,31,31,11011010.,06AM00.,01,06,1
2011-01-10 07:00:00,1,0,1,1,4.92,6.06,50,15.0013,2,75,77,11011010.,07AM00.,01,07,1
2011-01-10 08:00:00,1,0,1,2,4.92,6.06,50,19.0012,4,184,188,11011010.,08AM00.,01,08,1
2011-01-10 09:00:00,1,0,1,2,5.74,6.06,50,16.9979,2,92,94,11011010.,09AM00.,01,09,1
2011-01-10 10:00:00,1,0,1,2,5.74,6.06,50,19.9995,0,31,31,11011010.,10AM00.,01,10,1
2011-01-10 11:00:00,1,0,1,2,6.56,6.82,47,19.0012,2,28,30,11011010.,11AM00.,01,11,1
2011-01-10 12:00:00,1,0,1,2,8.2,9.09,40,19.0012,5,47,52,11011010.,12PM00.,01,12,1
2011-01-10 13:00:00,1,0,1,2,8.2,9.09,40,19.0012,4,50,54,11011010.,01PM00.,01,13,1
2011-01-10 14:00:00,1,0,1,2,8.2,9.85,40,15.0013,0,47,47,11011010.,02PM00.,01,14,1
2011-01-10 15:00:00,1,0,1,2,8.2,9.85,40,15.0013,2,43,45,11011010.,03PM00.,01,15,1
2011-01-10 16:00:00,1,0,1,1,8.2,10.605,40,8.9981,4,70,74,11011010.,04PM00.,01,16,1
2011-01-10 17:00:00,1,0,1,1,8.2,11.365,40,7.0015,4,174,178,11011010.,05PM00.,01,17,1
2011-01-10 18:00:00,1,0,1,1,8.2,9.85,40,15.0013,1,154,155,11011010.,06PM00.,01,18,1
2011-01-10 19:00:00,1,0,1,1,6.56,8.335,47,11.0014,3,92,95,11011010.,07PM00.,01,19,1
2011-01-10 20:00:00,1,0,1,1,6.56,8.335,50,11.0014,1,73,74,11011010.,08PM00.,01,20,1
2011-01-10 21:00:00,1,0,1,1,5.74,6.82,59,12.998,1,37,38,11011010.,09PM00.,01,21,1
2011-01-10 22:00:00,1,0,1,1,5.74,7.575,59,11.0014,2,22,24,11011010.,10PM00.,01,22,1
2011-01-10 23:00:00,1,0,1,1,5.74,7.575,59,11.0014,0,18,18,11011010.,11PM00.,01,23,1
2011-01-11 00:00:00,1,0,1,1,5.74,8.335,59,7.0015,2,10,12,11011110.,12AM00.,01,00,2
2011-01-11 01:00:00,1,0,1,1,5.74,7.575,59,11.0014,0,3,3,11011110.,01AM00.,01,01,2
2011-01-11 02:00:00,1,0,1,2,6.56,7.575,55,12.998,0,3,3,11011110.,02AM00.,01,02,2
2011-01-11 05:00:00,1,0,1,2,6.56,9.09,55,8.9981,0,6,6,11011110.,05AM00.,01,05,2
2011-01-11 06:00:00,1,0,1,2,6.56,9.09,55,8.9981,0,27,27,11011110.,06AM00.,01,06,2
2011-01-11 07:00:00,1,0,1,2,6.56,11.365,55,0.0,2,97,99,11011110.,07AM00.,01,07,2
2011-01-11 08:00:00,1,0,1,2,7.38,10.605,51,6.0032,3,214,217,11011110.,08AM00.,01,08,2
2011-01-11 09:00:00,1,0,1,2,7.38,9.85,51,11.0014,3,127,130,11011110.,09AM00.,01,09,2
2011-01-11 10:00:00,1,0,1,2,8.2,10.605,51,11.0014,3,51,54,11011110.,10AM00.,01,10,2
2011-01-11 11:00:00,1,0,1,2,8.2,10.605,47,8.9981,4,31,35,11011110.,11AM00.,01,11,2
2011-01-11 12:00:00,1,0,1,2,8.2,11.365,51,7.0015,2,55,57,11011110.,12PM00.,01,12,2
2011-01-11 13:00:00,1,0,1,2,8.2,11.365,59,6.0032,6,46,52,11011110.,01PM00.,01,13,2
2011-01-11 14:00:00,1,0,1,2,8.2,11.365,59,6.0032,3,60,63,11011110.,02PM00.,01,14,2
2011-01-11 15:00:00,1,0,1,2,6.56,9.85,80,6.0032,2,45,47,11011110.,03PM00.,01,15,2
2011-01-11 16:00:00,1,0,1,2,6.56,7.575,86,15.0013,4,72,76,11011110.,04PM00.,01,16,2
2011-01-11 17:00:00,1,0,1,2,6.56,7.575,86,15.0013,6,130,136,11011110.,05PM00.,01,17,2
2011-01-11 18:00:00,1,0,1,3,6.56,9.09,93,7.0015,1,94,95,11011110.,06PM00.,01,18,2
2011-01-11 19:00:00,1,0,1,3,6.56,11.365,93,0.0,0,51,51,11011110.,07PM00.,01,19,2
2011-01-11 20:00:00,1,0,1,3,6.56,7.575,93,12.998,0,32,32,11011110.,08PM00.,01,20,2
2011-01-11 21:00:00,1,0,1,3,6.56,9.85,86,6.0032,0,20,20,11011110.,09PM00.,01,21,2
2011-01-11 22:00:00,1,0,1,3,6.56,9.09,93,7.0015,1,28,29,11011110.,10PM00.,01,22,2
2011-01-11 23:00:00,1,0,1,3,6.56,9.85,93,6.0032,1,18,19,11011110.,11PM00.,01,23,2
2011-01-12 00:00:00,1,0,1,2,6.56,9.85,86,6.0032,0,7,7,11011210.,12AM00.,01,00,3
2011-01-12 01:00:00,1,0,1,2,6.56,9.09,86,7.0015,0,6,6,11011210.,01AM00.,01,01,3
2011-01-12 02:00:00,1,0,1,1,5.74,7.575,86,8.9981,0,1,1,11011210.,02AM00.,01,02,3
2011-01-12 05:00:00,1,0,1,1,5.74,7.575,86,11.0014,0,5,5,11011210.,05AM00.,01,05,3
2011-01-12 06:00:00,1,0,1,1,4.92,7.575,93,8.9981,0,16,16,11011210.,06AM00.,01,06,3
2011-01-12 07:00:00,1,0,1,1,5.74,7.575,69,8.9981,0,54,54,11011210.,07AM00.,01,07,3
2011-01-12 08:00:00,1,0,1,1,6.56,8.335,59,11.0014,3,125,128,11011210.,08AM00.,01,08,3
2011-01-12 09:00:00,1,0,1,1,6.56,6.82,59,22.0028,3,78,81,11011210.,09AM00.,01,09,3
2011-01-12 10:00:00,1,0,1,1,7.38,9.09,55,15.0013,0,39,39,11011210.,10AM00.,01,10,3
2011-01-12 11:00:00,1,0,1,1,8.2,9.09,51,26.0027,3,32,35,11011210.,11AM00.,01,11,3
2011-01-12 12:00:00,1,0,1,1,8.2,7.575,47,39.0007,3,52,55,11011210.,12PM00.,01,12,3
2011-01-12 13:00:00,1,0,1,1,9.02,9.85,44,23.9994,0,49,49,11011210.,01PM00.,01,13,3
2011-01-12 14:00:00,1,0,1,1,8.2,9.09,47,22.0028,0,44,44,11011210.,02PM00.,01,14,3
2011-01-12 15:00:00,1,0,1,1,8.2,8.335,47,27.9993,1,48,49,11011210.,03PM00.,01,15,3
2011-01-12 16:00:00,1,0,1,1,9.02,9.85,44,22.0028,5,63,68,11011210.,04PM00.,01,16,3
2011-01-12 17:00:00,1,0,1,1,8.2,9.09,47,23.9994,0,139,139,11011210.,05PM00.,01,17,3
2011-01-12 18:00:00,1,0,1,1,8.2,7.575,47,35.0008,2,135,137,11011210.,06PM00.,01,18,3
2011-01-12 19:00:00,1,0,1,1,7.38,7.575,47,27.9993,1,82,83,11011210.,07PM00.,01,19,3
2011-01-12 20:00:00,1,0,1,1,6.56,6.82,50,22.0028,2,54,56,11011210.,08PM00.,01,20,3
2011-01-12 21:00:00,1,0,1,1,6.56,6.82,55,22.0028,0,57,57,11011210.,09PM00.,01,21,3
2011-01-12 22:00:00,1,0,1,1,6.56,6.06,55,30.0026,1,32,33,11011210.,10PM00.,01,22,3
2011-01-12 23:00:00,1,0,1,1,5.74,5.305,59,27.9993,1,19,20,11011210.,11PM00.,01,23,3
2011-01-13 00:00:00,1,0,1,1,5.74,6.06,59,19.0012,1,6,7,11011310.,12AM00.,01,00,4
2011-01-13 01:00:00,1,0,1,1,5.74,6.06,50,19.0012,0,2,2,11011310.,01AM00.,01,01,4
2011-01-13 02:00:00,1,0,1,1,5.74,6.06,50,23.9994,0,2,2,11011310.,02AM00.,01,02,4
2011-01-13 03:00:00,1,0,1,1,5.74,6.06,50,22.0028,0,3,3,11011310.,03AM00.,01,03,4
2011-01-13 04:00:00,1,0,1,1,5.74,6.06,50,16.9979,0,4,4,11011310.,04AM00.,01,04,4
2011-01-13 05:00:00,1,0,1,1,5.74,6.06,50,19.9995,0,3,3,11011310.,05AM00.,01,05,4
2011-01-13 06:00:00,1,0,1,1,4.92,7.575,54,8.9981,0,28,28,11011310.,06AM00.,01,06,4
2011-01-13 07:00:00,1,0,1,1,4.92,7.575,54,8.9981,0,72,72,11011310.,07AM00.,01,07,4
2011-01-13 08:00:00,1,0,1,1,5.74,6.82,50,12.998,5,197,202,11011310.,08AM00.,01,08,4
2011-01-13 09:00:00,1,0,1,1,5.74,6.06,50,22.0028,2,137,139,11011310.,09AM00.,01,09,4
2011-01-13 10:00:00,1,0,1,2,6.56,6.82,50,23.9994,2,36,38,11011310.,10AM00.,01,10,4
2011-01-13 11:00:00,1,0,1,2,8.2,8.335,44,30.0026,4,33,37,11011310.,11AM00.,01,11,4
2011-01-13 12:00:00,1,0,1,1,8.2,8.335,44,27.9993,3,49,52,11011310.,12PM00.,01,12,4
2011-01-13 13:00:00,1,0,1,1,9.02,9.85,41,30.0026,2,81,83,11011310.,01PM00.,01,13,4
2011-01-13 14:00:00,1,0,1,1,9.02,9.85,41,26.0027,3,39,42,11011310.,02PM00.,01,14,4
2011-01-13 15:00:00,1,0,1,1,9.84,10.605,38,19.9995,5,55,60,11011310.,03PM00.,01,15,4
2011-01-13 16:00:00,1,0,1,1,9.84,10.605,38,23.9994,2,76,78,11011310.,04PM00.,01,16,4
2011-01-13 17:00:00,1,0,1,1,8.2,9.09,40,19.0012,4,158,162,11011310.,05PM00.,01,17,4
2011-01-13 18:00:00,1,0,1,1,8.2,9.09,40,22.0028,3,141,144,11011310.,06PM00.,01,18,4
2011-01-13 19:00:00,1,0,1,1,6.56,7.575,47,16.9979,1,98,99,11011310.,07PM00.,01,19,4
2011-01-13 20:00:00,1,0,1,1,6.56,7.575,47,15.0013,0,64,64,11011310.,08PM00.,01,20,4
2011-01-13 21:00:00,1,0,1,1,5.74,6.06,46,19.9995,0,40,40,11011310.,09PM00.,01,21,4
2011-01-13 22:00:00,1,0,1,1,5.74,6.06,46,22.0028,0,30,30,11011310.,10PM00.,01,22,4
2011-01-13 23:00:00,1,0,1,1,4.92,6.82,50,12.998,1,14,15,11011310.,11PM00.,01,23,4
2011-01-14 00:00:00,1,0,1,1,4.92,6.82,50,12.998,0,14,14,11011410.,12AM00.,01,00,5
2011-01-14 01:00:00,1,0,1,1,4.1,6.06,54,11.0014,0,5,5,11011410.,01AM00.,01,01,5
2011-01-14 02:00:00,1,0,1,1,4.1,6.06,54,8.9981,0,1,1,11011410.,02AM00.,01,02,5
2011-01-14 03:00:00,1,0,1,1,4.1,6.82,54,7.0015,0,1,1,11011410.,03AM00.,01,03,5
2011-01-14 05:00:00,1,0,1,1,4.1,6.82,54,6.0032,0,8,8,11011410.,05AM00.,01,05,5
2011-01-14 06:00:00,1,0,1,1,4.1,9.09,54,0.0,0,17,17,11011410.,06AM00.,01,06,5
2011-01-14 07:00:00,1,0,1,1,4.1,6.06,74,11.0014,0,70,70,11011410.,07AM00.,01,07,5
2011-01-14 08:00:00,1,0,1,1,4.92,8.335,68,0.0,2,156,158,11011410.,08AM00.,01,08,5
2011-01-14 09:00:00,1,0,1,1,5.74,7.575,69,8.9981,0,117,117,11011410.,09AM00.,01,09,5
2011-01-14 10:00:00,1,0,1,1,7.38,9.09,55,12.998,4,40,44,11011410.,10AM00.,01,10,5
2011-01-14 11:00:00,1,0,1,1,7.38,8.335,51,19.0012,6,47,53,11011410.,11AM00.,01,11,5
2011-01-14 12:00:00,1,0,1,1,8.2,9.85,44,16.9979,2,59,61,11011410.,12PM00.,01,12,5
2011-01-14 13:00:00,1,0,1,1,9.02,9.85,37,26.0027,4,73,77,11011410.,01PM00.,01,13,5
2011-01-14 14:00:00,1,0,1,1,9.02,10.605,41,19.0012,5,59,64,11011410.,02PM00.,01,14,5
2011-01-14 15:00:00,1,0,1,1,9.84,12.12,38,11.0014,9,59,68,11011410.,03PM00.,01,15,5
2011-01-14 16:00:00,1,0,1,1,9.02,12.12,41,7.0015,3,87,90,11011410.,04PM00.,01,16,5
2011-01-14 17:00:00,1,0,1,1,9.02,11.365,41,11.0014,4,155,159,11011410.,05PM00.,01,17,5
2011-01-14 18:00:00,1,0,1,1,8.2,12.88,47,0.0,5,134,139,11011410.,06PM00.,01,18,5
2011-01-14 19:00:00,1,0,1,1,6.56,9.85,59,6.0032,3,89,92,11011410.,07PM00.,01,19,5
2011-01-14 20:00:00,1,0,1,1,7.38,12.12,59,0.0,0,68,68,11011410.,08PM00.,01,20,5
2011-01-14 21:00:00,1,0,1,1,6.56,11.365,69,0.0,4,48,52,11011410.,09PM00.,01,21,5
2011-01-14 22:00:00,1,0,1,2,6.56,11.365,69,0.0,2,34,36,11011410.,10PM00.,01,22,5
2011-01-14 23:00:00,1,0,1,2,7.38,12.12,55,0.0,1,26,27,11011410.,11PM00.,01,23,5
2011-01-15 00:00:00,1,0,0,1,7.38,12.12,55,0.0,3,25,28,11011510.,12AM00.,01,00,6
2011-01-15 01:00:00,1,0,0,2,6.56,9.85,59,6.0032,2,18,20,11011510.,01AM00.,01,01,6
2011-01-15 02:00:00,1,0,0,2,6.56,9.85,59,6.0032,0,12,12,11011510.,02AM00.,01,02,6
2011-01-15 03:00:00,1,0,0,2,6.56,11.365,59,0.0,1,7,8,11011510.,03AM00.,01,03,6
2011-01-15 04:00:00,1,0,0,2,6.56,11.365,59,0.0,0,5,5,11011510.,04AM00.,01,04,6
2011-01-15 05:00:00,1,0,0,1,6.56,11.365,59,0.0,0,1,1,11011510.,05AM00.,01,05,6
2011-01-15 06:00:00,1,0,0,1,5.74,8.335,63,7.0015,1,2,3,11011510.,06AM00.,01,06,6
2011-01-15 07:00:00,1,0,0,1,5.74,10.605,63,0.0,1,9,10,11011510.,07AM00.,01,07,6
2011-01-15 08:00:00,1,0,0,1,5.74,7.575,63,8.9981,1,22,23,11011510.,08AM00.,01,08,6
2011-01-15 09:00:00,1,0,0,1,6.56,9.09,64,8.9981,2,31,33,11011510.,09AM00.,01,09,6
2011-01-15 10:00:00,1,0,0,1,7.38,9.85,59,11.0014,2,57,59,11011510.,10AM00.,01,10,6
2011-01-15 11:00:00,1,0,0,1,8.2,9.85,55,15.0013,18,54,72,11011510.,11AM00.,01,11,6
2011-01-15 12:00:00,1,0,0,1,9.84,11.365,48,15.0013,15,74,89,11011510.,12PM00.,01,12,6
2011-01-15 13:00:00,1,0,0,1,11.48,12.88,38,19.9995,21,80,101,11011510.,01PM00.,01,13,6
2011-01-15 14:00:00,1,0,0,1,12.3,14.395,39,19.0012,26,92,118,11011510.,02PM00.,01,14,6
2011-01-15 15:00:00,1,0,0,2,13.12,15.91,36,12.998,21,108,129,11011510.,03PM00.,01,15,6
2011-01-15 16:00:00,1,0,0,2,13.94,16.665,34,12.998,33,95,128,11011510.,04PM00.,01,16,6
2011-01-15 17:00:00,1,0,0,2,13.12,15.15,36,19.0012,29,54,83,11011510.,05PM00.,01,17,6
2011-01-15 18:00:00,1,0,0,2,12.3,14.395,45,16.9979,15,69,84,11011510.,06PM00.,01,18,6
2011-01-15 19:00:00,1,0,0,2,13.12,15.15,39,16.9979,14,60,74,11011510.,07PM00.,01,19,6
2011-01-15 20:00:00,1,0,0,2,13.12,15.15,39,16.9979,6,35,41,11011510.,08PM00.,01,20,6
2011-01-15 21:00:00,1,0,0,2,13.12,15.15,39,15.0013,6,51,57,11011510.,09PM00.,01,21,6
2011-01-15 22:00:00,1,0,0,2,12.3,15.91,42,7.0015,0,26,26,11011510.,10PM00.,01,22,6
2011-01-15 23:00:00,1,0,0,1,12.3,14.395,45,19.0012,5,39,44,11011510.,11PM00.,01,23,6
2011-01-16 00:00:00,1,0,0,1,10.66,15.15,56,0.0,6,33,39,11011610.,12AM00.,01,00,7
2011-01-16 01:00:00,1,0,0,1,10.66,13.635,56,8.9981,4,19,23,11011610.,01AM00.,01,01,7
2011-01-16 02:00:00,1,0,0,1,10.66,14.395,56,6.0032,3,13,16,11011610.,02AM00.,01,02,7
2011-01-16 03:00:00,1,0,0,1,9.02,13.635,69,0.0,9,6,15,11011610.,03AM00.,01,03,7
2011-01-16 04:00:00,1,0,0,1,10.66,12.88,56,11.0014,0,1,1,11011610.,04AM00.,01,04,7
2011-01-16 05:00:00,1,0,0,2,10.66,12.88,56,11.0014,1,1,2,11011610.,05AM00.,01,05,7
2011-01-16 06:00:00,1,0,0,2,10.66,12.88,56,11.0014,0,1,1,11011610.,06AM00.,01,06,7
2011-01-16 07:00:00,1,0,0,2,9.84,10.605,56,19.9995,0,3,3,11011610.,07AM00.,01,07,7
2011-01-16 08:00:00,1,0,0,1,9.02,10.605,55,19.0012,0,18,18,11011610.,08AM00.,01,08,7
2011-01-16 09:00:00,1,0,0,1,9.02,10.605,51,16.9979,3,29,32,11011610.,09AM00.,01,09,7
2011-01-16 10:00:00,1,0,0,1,9.02,10.605,51,19.0012,8,71,79,11011610.,10AM00.,01,10,7
2011-01-16 11:00:00,1,0,0,1,9.84,11.365,44,16.9979,23,70,93,11011610.,11AM00.,01,11,7
2011-01-16 12:00:00,1,0,0,1,9.84,10.605,41,19.0012,29,75,104,11011610.,12PM00.,01,12,7
2011-01-16 13:00:00,1,0,0,1,10.66,11.365,35,19.9995,23,95,118,11011610.,01PM00.,01,13,7
2011-01-16 14:00:00,1,0,0,1,11.48,13.635,36,16.9979,22,69,91,11011610.,02PM00.,01,14,7
2011-01-16 15:00:00,1,0,0,1,10.66,12.12,38,16.9979,35,78,113,11011610.,03PM00.,01,15,7
2011-01-16 16:00:00,1,0,0,1,9.84,11.365,38,15.0013,22,77,99,11011610.,04PM00.,01,16,7
2011-01-16 17:00:00,1,0,0,1,9.02,10.605,37,16.9979,23,82,105,11011610.,05PM00.,01,17,7
2011-01-16 18:00:00,1,0,0,1,8.2,10.605,40,11.0014,11,56,67,11011610.,06PM00.,01,18,7
2011-01-16 19:00:00,1,0,0,1,7.38,9.85,47,8.9981,14,47,61,11011610.,07PM00.,01,19,7
2011-01-16 20:00:00,1,0,0,1,7.38,9.85,47,11.0014,7,50,57,11011610.,08PM00.,01,20,7
2011-01-16 21:00:00,1,0,0,1,7.38,9.85,51,11.0014,6,22,28,11011610.,09PM00.,01,21,7
2011-01-16 22:00:00,1,0,0,2,8.2,10.605,49,8.9981,2,19,21,11011610.,10PM00.,01,22,7
2011-01-16 23:00:00,1,0,0,2,8.2,11.365,40,7.0015,0,18,18,11011610.,11PM00.,01,23,7
2011-01-17 00:00:00,1,1,0,2,8.2,9.85,47,15.0013,1,16,17,11011710.,12AM00.,01,00,1
2011-01-17 01:00:00,1,1,0,2,8.2,9.85,44,12.998,1,15,16,11011710.,01AM00.,01,01,1
2011-01-17 02:00:00,1,1,0,2,7.38,8.335,43,16.9979,0,8,8,11011710.,02AM00.,01,02,1
2011-01-17 03:00:00,1,1,0,2,7.38,9.09,43,12.998,0,2,2,11011710.,03AM00.,01,03,1
2011-01-17 04:00:00,1,1,0,2,7.38,9.85,43,8.9981,1,2,3,11011710.,04AM00.,01,04,1
2011-01-17 05:00:00,1,1,0,2,7.38,9.85,43,11.0014,0,1,1,11011710.,05AM00.,01,05,1
2011-01-17 06:00:00,1,1,0,2,7.38,9.09,43,12.998,0,5,5,11011710.,06AM00.,01,06,1
2011-01-17 07:00:00,1,1,0,2,6.56,9.09,50,8.9981,4,9,13,11011710.,07AM00.,01,07,1
2011-01-17 08:00:00,1,1,0,2,6.56,7.575,47,15.0013,3,30,33,11011710.,08AM00.,01,08,1
2011-01-17 09:00:00,1,1,0,2,6.56,7.575,47,15.0013,8,39,47,11011710.,09AM00.,01,09,1
2011-01-17 10:00:00,1,1,0,2,6.56,7.575,50,16.9979,7,50,57,11011710.,10AM00.,01,10,1
2011-01-17 11:00:00,1,1,0,2,6.56,7.575,55,12.998,9,55,64,11011710.,11AM00.,01,11,1
2011-01-17 12:00:00,1,1,0,2,7.38,9.85,47,8.9981,10,70,80,11011710.,12PM00.,01,12,1
2011-01-17 13:00:00,1,1,0,2,7.38,9.85,47,8.9981,13,80,93,11011710.,01PM00.,01,13,1
2011-01-17 14:00:00,1,1,0,2,7.38,10.605,43,7.0015,12,74,86,11011710.,02PM00.,01,14,1
2011-01-17 15:00:00,1,1,0,2,8.2,10.605,47,11.0014,21,72,93,11011710.,03PM00.,01,15,1
2011-01-17 16:00:00,1,1,0,2,8.2,10.605,47,11.0014,6,76,82,11011710.,04PM00.,01,16,1
2011-01-17 17:00:00,1,1,0,1,8.2,9.85,51,12.998,4,67,71,11011710.,05PM00.,01,17,1
2011-01-17 18:00:00,1,1,0,2,7.38,8.335,55,16.9979,7,85,92,11011710.,06PM00.,01,18,1
2011-01-17 19:00:00,1,1,0,3,7.38,9.09,59,12.998,2,58,60,11011710.,07PM00.,01,19,1
2011-01-17 20:00:00,1,1,0,3,6.56,7.575,80,12.998,4,29,33,11011710.,08PM00.,01,20,1
2011-01-17 21:00:00,1,1,0,3,6.56,7.575,80,12.998,3,24,27,11011710.,09PM00.,01,21,1
2011-01-17 22:00:00,1,1,0,3,5.74,6.06,93,16.9979,0,13,13,11011710.,10PM00.,01,22,1
2011-01-17 23:00:00,1,1,0,3,6.56,6.82,86,19.0012,1,3,4,11011710.,11PM00.,01,23,1
2011-01-18 12:00:00,1,0,1,2,8.2,9.09,86,22.0028,0,3,3,11011810.,12PM00.,01,12,2
2011-01-18 13:00:00,1,0,1,2,8.2,9.85,86,15.0013,0,22,22,11011810.,01PM00.,01,13,2
2011-01-18 14:00:00,1,0,1,2,9.02,11.365,80,11.0014,2,26,28,11011810.,02PM00.,01,14,2
2011-01-18 15:00:00,1,0,1,2,9.02,11.365,87,11.0014,3,32,35,11011810.,03PM00.,01,15,2
2011-01-18 16:00:00,1,0,1,2,9.02,11.365,87,12.998,0,61,61,11011810.,04PM00.,01,16,2
2011-01-18 17:00:00,1,0,1,2,9.02,11.365,82,12.998,1,124,125,11011810.,05PM00.,01,17,2
2011-01-18 18:00:00,1,0,1,2,9.02,11.365,80,11.0014,1,132,133,11011810.,06PM00.,01,18,2
2011-01-18 19:00:00,1,0,1,2,9.02,11.365,80,8.9981,1,98,99,11011810.,07PM00.,01,19,2
2011-01-18 20:00:00,1,0,1,2,9.02,13.635,87,0.0,0,83,83,11011810.,08PM00.,01,20,2
2011-01-18 21:00:00,1,0,1,2,9.02,12.12,93,7.0015,0,41,41,11011810.,09PM00.,01,21,2
2011-01-18 22:00:00,1,0,1,2,9.02,12.88,93,6.0032,0,33,33,11011810.,10PM00.,01,22,2
2011-01-18 23:00:00,1,0,1,2,9.02,13.635,93,0.0,1,19,20,11011810.,11PM00.,01,23,2
2011-01-19 00:00:00,1,0,1,2,9.02,13.635,93,0.0,0,3,3,11011910.,12AM00.,01,00,3
2011-01-19 01:00:00,1,0,1,3,9.02,11.365,93,8.9981,1,6,7,11011910.,01AM00.,01,01,3
2011-01-19 02:00:00,1,0,1,3,9.02,11.365,93,8.9981,0,3,3,11011910.,02AM00.,01,02,3
2011-01-19 04:00:00,1,0,1,3,9.02,11.365,93,8.9981,1,1,2,11011910.,04AM00.,01,04,3
2011-01-19 05:00:00,1,0,1,2,9.02,12.88,93,6.0032,0,7,7,11011910.,05AM00.,01,05,3
2011-01-19 06:00:00,1,0,1,2,9.02,12.88,93,6.0032,0,32,32,11011910.,06AM00.,01,06,3
2011-01-19 07:00:00,1,0,1,2,9.84,12.88,92,7.0015,1,89,90,11011910.,07AM00.,01,07,3
2011-01-19 08:00:00,1,0,1,2,9.84,12.88,93,7.0015,1,196,197,11011910.,08AM00.,01,08,3
2011-01-19 09:00:00,1,0,1,2,9.84,12.88,93,7.0015,2,107,109,11011910.,09AM00.,01,09,3
2011-01-19 10:00:00,1,0,1,2,10.66,13.635,93,8.9981,1,46,47,11011910.,10AM00.,01,10,3
2011-01-19 11:00:00,1,0,1,2,11.48,15.15,87,6.0032,5,47,52,11011910.,11AM00.,01,11,3
2011-01-19 12:00:00,1,0,1,2,12.3,15.91,81,6.0032,5,65,70,11011910.,12PM00.,01,12,3
2011-01-19 13:00:00,1,0,1,1,16.4,20.455,62,19.0012,11,67,78,11011910.,01PM00.,01,13,3
2011-01-19 14:00:00,1,0,1,1,16.4,20.455,58,16.9979,7,68,75,11011910.,02PM00.,01,14,3
2011-01-19 15:00:00,1,0,1,1,16.4,20.455,54,19.0012,4,78,82,11011910.,03PM00.,01,15,3
2011-01-19 16:00:00,1,0,1,1,15.58,19.695,58,26.0027,10,94,104,11011910.,04PM00.,01,16,3
2011-01-19 17:00:00,1,0,1,1,14.76,16.665,57,22.0028,7,190,197,11011910.,05PM00.,01,17,3
2011-01-19 18:00:00,1,0,1,1,13.94,15.91,61,19.0012,5,156,161,11011910.,06PM00.,01,18,3
2011-01-19 19:00:00,1,0,1,1,13.12,14.395,57,27.9993,4,108,112,11011910.,07PM00.,01,19,3
2011-01-19 20:00:00,1,0,1,1,13.12,15.15,49,19.9995,2,74,76,11011910.,08PM00.,01,20,3
2011-01-19 21:00:00,1,0,1,1,13.12,14.395,49,27.9993,4,55,59,11011910.,09PM00.,01,21,3
2011-01-19 22:00:00,1,0,1,1,12.3,15.15,52,11.0014,6,53,59,11011910.,10PM00.,01,22,3
2011-01-19 23:00:00,1,0,1,1,12.3,13.635,52,31.0009,1,27,28,11011910.,11PM00.,01,23,3
2011-02-01 00:00:00,1,0,1,2,6.56,9.09,64,7.0015,2,6,8,11020110.,12AM00.,02,00,2
2011-02-01 01:00:00,1,0,1,2,6.56,9.09,69,7.0015,0,3,3,11020110.,01AM00.,02,01,2
2011-02-01 02:00:00,1,0,1,2,6.56,11.365,69,0.0,0,2,2,11020110.,02AM00.,02,02,2
2011-02-01 03:00:00,1,0,1,2,6.56,11.365,69,0.0,0,2,2,11020110.,03AM00.,02,03,2
2011-02-01 05:00:00,1,0,1,3,5.74,10.605,93,0.0,0,3,3,11020110.,05AM00.,02,05,2
2011-02-01 06:00:00,1,0,1,3,5.74,10.605,93,0.0,0,22,22,11020110.,06AM00.,02,06,2
2011-02-01 07:00:00,1,0,1,3,6.56,11.365,93,0.0,0,52,52,11020110.,07AM00.,02,07,2
2011-02-01 08:00:00,1,0,1,3,6.56,11.365,93,0.0,3,132,135,11020110.,08AM00.,02,08,2
2011-02-01 09:00:00,1,0,1,2,6.56,11.365,93,0.0,2,114,116,11020110.,09AM00.,02,09,2
2011-02-01 10:00:00,1,0,1,2,6.56,11.365,93,0.0,0,47,47,11020110.,10AM00.,02,10,2
2011-02-01 11:00:00,1,0,1,2,7.38,12.12,86,0.0,2,49,51,11020110.,11AM00.,02,11,2
2011-02-01 12:00:00,1,0,1,2,8.2,12.88,86,0.0,2,53,55,11020110.,12PM00.,02,12,2
2011-02-01 13:00:00,1,0,1,2,8.2,12.88,86,0.0,3,49,52,11020110.,01PM00.,02,13,2
2011-02-01 14:00:00,1,0,1,2,9.02,12.88,80,6.0032,5,49,54,11020110.,02PM00.,02,14,2
2011-02-01 15:00:00,1,0,1,2,9.84,14.395,75,0.0,7,45,52,11020110.,03PM00.,02,15,2
2011-02-01 16:00:00,1,0,1,2,9.84,12.12,75,8.9981,3,61,64,11020110.,04PM00.,02,16,2
2011-02-01 17:00:00,1,0,1,2,9.84,14.395,75,0.0,4,172,176,11020110.,05PM00.,02,17,2
2011-02-01 18:00:00,1,0,1,2,9.84,12.88,81,7.0015,3,165,168,11020110.,06PM00.,02,18,2
2011-02-01 19:00:00,1,0,1,2,9.84,12.12,81,8.9981,3,105,108,11020110.,07PM00.,02,19,2
2011-02-01 20:00:00,1,0,1,2,9.02,11.365,87,8.9981,5,69,74,11020110.,08PM00.,02,20,2
2011-02-01 21:00:00,1,0,1,2,9.02,11.365,87,8.9981,0,64,64,11020110.,09PM00.,02,21,2
2011-02-01 22:00:00,1,0,1,2,9.02,12.88,87,6.0032,2,34,36,11020110.,10PM00.,02,22,2
2011-02-01 23:00:00,1,0,1,3,8.2,9.85,93,12.998,1,15,16,11020110.,11PM00.,02,23,2
2011-02-02 00:00:00,1,0,1,3,9.02,12.12,93,7.0015,0,2,2,11020210.,12AM00.,02,00,3
2011-02-02 01:00:00,1,0,1,3,9.02,11.365,93,12.998,0,3,3,11020210.,01AM00.,02,01,3
2011-02-02 02:00:00,1,0,1,3,9.02,11.365,93,8.9981,4,0,4,11020210.,02AM00.,02,02,3
2011-02-02 03:00:00,1,0,1,3,9.02,11.365,93,8.9981,0,1,1,11020210.,03AM00.,02,03,3
2011-02-02 04:00:00,1,0,1,3,9.02,10.605,93,19.0012,0,1,1,11020210.,04AM00.,02,04,3
2011-02-02 05:00:00,1,0,1,3,9.02,12.12,93,7.0015,0,3,3,11020210.,05AM00.,02,05,3
2011-02-02 06:00:00,1,0,1,3,9.02,12.12,93,7.0015,1,17,18,11020210.,06AM00.,02,06,3
2011-02-02 07:00:00,1,0,1,3,9.02,10.605,93,15.0013,1,48,49,11020210.,07AM00.,02,07,3
2011-02-02 08:00:00,1,0,1,3,9.02,10.605,93,15.0013,1,154,155,11020210.,08AM00.,02,08,3
2011-02-02 09:00:00,1,0,1,2,9.84,12.88,93,6.0032,4,119,123,11020210.,09AM00.,02,09,3
2011-02-02 10:00:00,1,0,1,2,9.02,13.635,100,0.0,2,59,61,11020210.,10AM00.,02,10,3
2011-02-02 11:00:00,1,0,1,2,9.84,11.365,93,12.998,5,47,52,11020210.,11AM00.,02,11,3
2011-02-02 12:00:00,1,0,1,2,9.84,11.365,93,15.0013,3,61,64,11020210.,12PM00.,02,12,3
2011-02-02 13:00:00,1,0,1,1,13.94,16.665,93,11.0014,1,74,75,11020210.,01PM00.,02,13,3
2011-02-02 14:00:00,1,0,1,1,15.58,19.695,82,26.0027,2,61,63,11020210.,02PM00.,02,14,3
2011-02-02 15:00:00,1,0,1,1,15.58,19.695,76,22.0028,10,66,76,11020210.,03PM00.,02,15,3
2011-02-02 16:00:00,1,0,1,1,14.76,16.665,71,19.9995,8,95,103,11020210.,04PM00.,02,16,3
2011-02-02 17:00:00,1,0,1,1,14.76,15.91,53,35.0008,7,183,190,11020210.,05PM00.,02,17,3
2011-02-02 18:00:00,1,0,1,1,13.94,14.395,42,36.9974,7,175,182,11020210.,06PM00.,02,18,3
2011-02-02 19:00:00,1,0,1,1,11.48,12.12,45,32.9975,3,88,91,11020210.,07PM00.,02,19,3
2011-02-02 20:00:00,1,0,1,1,9.84,9.85,48,36.9974,4,71,75,11020210.,08PM00.,02,20,3
2011-02-02 21:00:00,1,0,1,1,9.02,9.85,47,22.0028,1,62,63,11020210.,09PM00.,02,21,3
2011-02-02 22:00:00,1,0,1,1,9.02,10.605,44,16.9979,5,35,40,11020210.,10PM00.,02,22,3
2011-02-02 23:00:00,1,0,1,1,8.2,8.335,44,30.0026,3,29,32,11020210.,11PM00.,02,23,3
2011-02-03 00:00:00,1,0,1,1,8.2,8.335,40,30.0026,1,11,12,11020310.,12AM00.,02,00,4
2011-02-03 01:00:00,1,0,1,1,8.2,7.575,44,35.0008,0,5,5,11020310.,01AM00.,02,01,4
2011-02-03 02:00:00,1,0,1,1,7.38,8.335,43,16.9979,0,2,2,11020310.,02AM00.,02,02,4
2011-02-03 03:00:00,1,0,1,1,7.38,8.335,43,16.9979,0,1,1,11020310.,03AM00.,02,03,4
2011-02-03 05:00:00,1,0,1,1,6.56,6.82,50,19.9995,0,2,2,11020310.,05AM00.,02,05,4
2011-02-03 06:00:00,1,0,1,1,6.56,6.82,43,23.9994,0,39,39,11020310.,06AM00.,02,06,4
2011-02-03 07:00:00,1,0,1,1,5.74,6.06,50,22.0028,1,86,87,11020310.,07AM00.,02,07,4
2011-02-03 08:00:00,1,0,1,1,5.74,6.06,50,23.9994,4,184,188,11020310.,08AM00.,02,08,4
2011-02-03 09:00:00,1,0,1,1,6.56,6.82,47,19.9995,6,127,133,11020310.,09AM00.,02,09,4
2011-02-03 10:00:00,1,0,1,1,7.38,7.575,43,22.0028,2,50,52,11020310.,10AM00.,02,10,4
2011-02-03 11:00:00,1,0,1,1,7.38,6.82,43,30.0026,9,55,64,11020310.,11AM00.,02,11,4
2011-02-03 12:00:00,1,0,1,1,8.2,9.09,40,23.9994,2,67,69,11020310.,12PM00.,02,12,4
2011-02-03 13:00:00,1,0,1,1,8.2,8.335,40,27.9993,4,47,51,11020310.,01PM00.,02,13,4
2011-02-03 14:00:00,1,0,1,1,9.02,9.85,37,26.0027,4,43,47,11020310.,02PM00.,02,14,4
2011-02-03 15:00:00,1,0,1,1,9.02,9.85,37,22.0028,4,56,60,11020310.,03PM00.,02,15,4
2011-02-03 16:00:00,1,0,1,1,9.02,10.605,37,16.9979,5,73,78,11020310.,04PM00.,02,16,4
2011-02-03 17:00:00,1,0,1,1,8.2,9.85,40,12.998,5,170,175,11020310.,05PM00.,02,17,4
2011-02-03 18:00:00,1,0,1,1,8.2,10.605,40,11.0014,2,145,147,11020310.,06PM00.,02,18,4
2011-02-03 19:00:00,1,0,1,1,8.2,12.88,40,0.0,4,92,96,11020310.,07PM00.,02,19,4
2011-02-03 20:00:00,1,0,1,1,8.2,11.365,47,6.0032,1,108,109,11020310.,08PM00.,02,20,4
2011-02-03 21:00:00,1,0,1,1,7.38,10.605,55,7.0015,1,53,54,11020310.,09PM00.,02,21,4
2011-02-03 22:00:00,1,0,1,1,7.38,10.605,51,6.0032,2,39,41,11020310.,10PM00.,02,22,4
2011-02-03 23:00:00,1,0,1,1,8.2,11.365,47,7.0015,4,34,38,11020310.,11PM00.,02,23,4
2011-02-04 00:00:00,1,0,1,2,8.2,12.88,44,0.0,3,10,13,11020410.,12AM00.,02,00,5
2011-02-04 01:00:00,1,0,1,2,6.56,11.365,59,0.0,0,7,7,11020410.,01AM00.,02,01,5
2011-02-04 02:00:00,1,0,1,2,5.74,8.335,63,7.0015,0,1,1,11020410.,02AM00.,02,02,5
2011-02-04 03:00:00,1,0,1,2,5.74,8.335,63,7.0015,0,1,1,11020410.,03AM00.,02,03,5
2011-02-04 05:00:00,1,0,1,2,5.74,7.575,63,8.9981,0,7,7,11020410.,05AM00.,02,05,5
2011-02-04 06:00:00,1,0,1,2,6.56,11.365,55,0.0,2,26,28,11020410.,06AM00.,02,06,5
2011-02-04 07:00:00,1,0,1,1,5.74,10.605,59,0.0,0,87,87,11020410.,07AM00.,02,07,5
2011-02-04 08:00:00,1,0,1,1,5.74,7.575,74,8.9981,3,217,220,11020410.,08AM00.,02,08,5
2011-02-04 09:00:00,1,0,1,2,6.56,9.09,80,8.9981,3,124,127,11020410.,09AM00.,02,09,5
2011-02-04 10:00:00,1,0,1,2,8.2,10.605,51,8.9981,5,46,51,11020410.,10AM00.,02,10,5
2011-02-04 11:00:00,1,0,1,1,9.02,11.365,51,11.0014,3,61,64,11020410.,11AM00.,02,11,5
2011-02-04 12:00:00,1,0,1,2,9.84,12.12,48,11.0014,8,78,86,11020410.,12PM00.,02,12,5
2011-02-04 13:00:00,1,0,1,2,10.66,12.88,50,15.0013,9,73,82,11020410.,01PM00.,02,13,5
2011-02-04 14:00:00,1,0,1,2,11.48,13.635,45,11.0014,15,76,91,11020410.,02PM00.,02,14,5
2011-02-04 15:00:00,1,0,1,2,11.48,13.635,48,16.9979,9,81,90,11020410.,03PM00.,02,15,5
2011-02-04 16:00:00,1,0,1,2,12.3,14.395,42,15.0013,8,91,99,11020410.,04PM00.,02,16,5
2011-02-04 17:00:00,1,0,1,2,10.66,13.635,56,8.9981,10,195,205,11020410.,05PM00.,02,17,5
2011-02-04 18:00:00,1,0,1,2,9.84,12.88,60,7.0015,3,152,155,11020410.,06PM00.,02,18,5
2011-02-04 19:00:00,1,0,1,2,9.84,12.12,65,8.9981,1,102,103,11020410.,07PM00.,02,19,5
2011-02-04 20:00:00,1,0,1,2,9.84,12.12,65,11.0014,2,69,71,11020410.,08PM00.,02,20,5
2011-02-04 21:00:00,1,0,1,2,9.84,12.12,70,11.0014,2,41,43,11020410.,09PM00.,02,21,5
2011-02-04 22:00:00,1,0,1,2,9.84,12.12,65,11.0014,1,45,46,11020410.,10PM00.,02,22,5
2011-02-04 23:00:00,1,0,1,2,9.84,12.12,70,8.9981,1,30,31,11020410.,11PM00.,02,23,5
2011-02-05 00:00:00,1,0,0,2,9.84,12.12,70,11.0014,3,36,39,11020510.,12AM00.,02,00,6
2011-02-05 01:00:00,1,0,0,2,9.84,12.12,65,11.0014,1,17,18,11020510.,01AM00.,02,01,6
2011-02-05 02:00:00,1,0,0,2,9.84,12.12,75,11.0014,5,12,17,11020510.,02AM00.,02,02,6
2011-02-05 03:00:00,1,0,0,2,9.84,12.12,75,11.0014,1,10,11,11020510.,03AM00.,02,03,6
2011-02-05 04:00:00,1,0,0,3,9.02,11.365,93,8.9981,0,8,8,11020510.,04AM00.,02,04,6
2011-02-05 05:00:00,1,0,0,3,8.2,11.365,100,6.0032,0,9,9,11020510.,05AM00.,02,05,6
2011-02-05 06:00:00,1,0,0,3,8.2,12.88,100,0.0,0,4,4,11020510.,06AM00.,02,06,6
2011-02-05 07:00:00,1,0,0,3,9.02,12.88,93,6.0032,0,4,4,11020510.,07AM00.,02,07,6
2011-02-05 08:00:00,1,0,0,3,8.2,11.365,100,6.0032,0,10,10,11020510.,08AM00.,02,08,6
2011-02-05 09:00:00,1,0,0,3,8.2,11.365,100,6.0032,3,17,20,11020510.,09AM00.,02,09,6
2011-02-05 10:00:00,1,0,0,3,8.2,10.605,100,8.9981,3,31,34,11020510.,10AM00.,02,10,6
2011-02-05 11:00:00,1,0,0,3,9.02,11.365,100,8.9981,1,46,47,11020510.,11AM00.,02,11,6
2011-02-05 12:00:00,1,0,0,3,9.02,11.365,100,11.0014,10,42,52,11020510.,12PM00.,02,12,6
2011-02-05 13:00:00,1,0,0,3,9.02,11.365,100,11.0014,10,62,72,11020510.,01PM00.,02,13,6
2011-02-05 14:00:00,1,0,0,3,9.02,13.635,100,0.0,5,50,55,11020510.,02PM00.,02,14,6
2011-02-05 15:00:00,1,0,0,3,9.02,13.635,100,0.0,11,49,60,11020510.,03PM00.,02,15,6
2011-02-05 16:00:00,1,0,0,3,9.02,11.365,100,8.9981,8,63,71,11020510.,04PM00.,02,16,6
2011-02-05 17:00:00,1,0,0,2,9.84,10.605,100,19.0012,14,64,78,11020510.,05PM00.,02,17,6
2011-02-05 18:00:00,1,0,0,2,11.48,12.12,93,30.0026,2,81,83,11020510.,06PM00.,02,18,6
2011-02-05 19:00:00,1,0,0,2,11.48,12.12,93,30.0026,6,78,84,11020510.,07PM00.,02,19,6
2011-02-05 20:00:00,1,0,0,1,12.3,14.395,87,16.9979,5,64,69,11020510.,08PM00.,02,20,6
2011-02-05 21:00:00,1,0,0,1,10.66,12.88,100,12.998,3,53,56,11020510.,09PM00.,02,21,6
2011-02-05 22:00:00,1,0,0,1,10.66,13.635,93,8.9981,2,43,45,11020510.,10PM00.,02,22,6
2011-02-05 23:00:00,1,0,0,1,10.66,12.88,93,15.0013,7,52,59,11020510.,11PM00.,02,23,6
2011-02-06 00:00:00,1,0,0,1,10.66,12.88,70,12.998,2,37,39,11020610.,12AM00.,02,00,7
2011-02-06 01:00:00,1,0,0,1,10.66,11.365,65,27.9993,4,40,44,11020610.,01AM00.,02,01,7
2011-02-06 02:00:00,1,0,0,1,10.66,11.365,60,22.0028,0,20,20,11020610.,02AM00.,02,02,7
2011-02-06 03:00:00,1,0,0,1,10.66,14.395,60,6.0032,3,10,13,11020610.,03AM00.,02,03,7
2011-02-06 04:00:00,1,0,0,1,10.66,11.365,60,23.9994,0,2,2,11020610.,04AM00.,02,04,7
2011-02-06 05:00:00,1,0,0,1,10.66,12.88,60,15.0013,0,1,1,11020610.,05AM00.,02,05,7
2011-02-06 06:00:00,1,0,0,1,10.66,12.88,60,15.0013,0,1,1,11020610.,06AM00.,02,06,7
2011-02-06 07:00:00,1,0,0,1,9.84,12.12,65,11.0014,0,8,8,11020610.,07AM00.,02,07,7
2011-02-06 08:00:00,1,0,0,1,9.84,12.88,65,7.0015,2,21,23,11020610.,08AM00.,02,08,7
2011-02-06 09:00:00,1,0,0,1,11.48,14.395,56,7.0015,7,38,45,11020610.,09AM00.,02,09,7
2011-02-06 10:00:00,1,0,0,1,12.3,14.395,52,16.9979,15,74,89,11020610.,10AM00.,02,10,7
2011-02-06 11:00:00,1,0,0,1,13.12,15.15,49,16.9979,28,89,117,11020610.,11AM00.,02,11,7
2011-02-06 12:00:00,1,0,0,1,13.94,16.665,46,0.0,48,126,174,11020610.,12PM00.,02,12,7
2011-02-06 13:00:00,1,0,0,1,13.94,18.18,46,0.0,47,135,182,11020610.,01PM00.,02,13,7
2011-02-06 14:00:00,1,0,0,1,13.94,17.425,46,6.0032,47,114,161,11020610.,02PM00.,02,14,7
2011-02-06 15:00:00,1,0,0,1,13.94,17.425,46,6.0032,52,130,182,11020610.,03PM00.,02,15,7
2011-02-06 16:00:00,1,0,0,1,13.94,17.425,49,7.0015,42,115,157,11020610.,04PM00.,02,16,7
2011-02-06 17:00:00,1,0,0,1,13.94,18.18,46,0.0,24,97,121,11020610.,05PM00.,02,17,7
2011-02-06 18:00:00,1,0,0,1,12.3,15.15,56,11.0014,13,65,78,11020610.,06PM00.,02,18,7
2011-02-06 19:00:00,1,0,0,1,11.48,14.395,61,8.9981,1,20,21,11020610.,07PM00.,02,19,7
2011-02-06 20:00:00,1,0,0,1,11.48,14.395,61,7.0015,5,21,26,11020610.,08PM00.,02,20,7
2011-02-06 21:00:00,1,0,0,1,10.66,15.15,60,0.0,5,22,27,11020610.,09PM00.,02,21,7
2011-02-06 22:00:00,1,0,0,1,10.66,15.15,60,0.0,5,57,62,11020610.,10PM00.,02,22,7
2011-02-06 23:00:00,1,0,0,1,9.84,14.395,65,0.0,4,26,30,11020610.,11PM00.,02,23,7
2011-02-07 00:00:00,1,0,1,1,9.84,14.395,65,0.0,1,14,15,11020710.,12AM00.,02,00,1
2011-02-07 01:00:00,1,0,1,1,9.02,13.635,75,0.0,1,4,5,11020710.,01AM00.,02,01,1
2011-02-07 02:00:00,1,0,1,1,8.2,12.88,80,0.0,0,3,3,11020710.,02AM00.,02,02,1
2011-02-07 03:00:00,1,0,1,1,8.2,12.88,86,0.0,0,1,1,11020710.,03AM00.,02,03,1
2011-02-07 04:00:00,1,0,1,1,8.2,12.88,86,0.0,1,1,2,11020710.,04AM00.,02,04,1
2011-02-07 05:00:00,1,0,1,1,8.2,12.88,86,0.0,1,9,10,11020710.,05AM00.,02,05,1
2011-02-07 06:00:00,1,0,1,1,7.38,12.12,93,0.0,1,29,30,11020710.,06AM00.,02,06,1
2011-02-07 07:00:00,1,0,1,1,7.38,12.12,86,0.0,6,89,95,11020710.,07AM00.,02,07,1
2011-02-07 08:00:00,1,0,1,2,6.56,11.365,100,0.0,7,223,230,11020710.,08AM00.,02,08,1
2011-02-07 09:00:00,1,0,1,1,9.02,13.635,80,0.0,3,115,118,11020710.,09AM00.,02,09,1
2011-02-07 10:00:00,1,0,1,1,9.84,12.88,75,7.0015,6,49,55,11020710.,10AM00.,02,10,1
2011-02-07 11:00:00,1,0,1,1,12.3,15.91,65,6.0032,11,36,47,11020710.,11AM00.,02,11,1
2011-02-07 12:00:00,1,0,1,2,13.12,17.425,62,0.0,7,59,66,11020710.,12PM00.,02,12,1
2011-02-07 13:00:00,1,0,1,2,14.76,18.18,57,6.0032,10,54,64,11020710.,01PM00.,02,13,1
2011-02-07 14:00:00,1,0,1,2,14.76,18.18,57,6.0032,8,52,60,11020710.,02PM00.,02,14,1
2011-02-07 15:00:00,1,0,1,2,15.58,19.695,54,6.0032,4,46,50,11020710.,03PM00.,02,15,1
2011-02-07 16:00:00,1,0,1,2,14.76,17.425,57,8.9981,16,98,114,11020710.,04PM00.,02,16,1
2011-02-07 17:00:00,1,0,1,2,13.12,15.91,70,11.0014,9,207,216,11020710.,05PM00.,02,17,1
2011-02-07 18:00:00,1,0,1,2,13.94,16.665,66,8.9981,5,170,175,11020710.,06PM00.,02,18,1
2011-02-07 19:00:00,1,0,1,2,13.12,17.425,70,0.0,5,123,128,11020710.,07PM00.,02,19,1
2011-02-07 20:00:00,1,0,1,2,13.12,16.665,70,7.0015,6,82,88,11020710.,08PM00.,02,20,1
2011-02-07 21:00:00,1,0,1,1,13.12,17.425,70,0.0,3,75,78,11020710.,09PM00.,02,21,1
2011-02-07 22:00:00,1,0,1,1,11.48,15.15,81,6.0032,3,34,37,11020710.,10PM00.,02,22,1
2011-02-07 23:00:00,1,0,1,2,12.3,16.665,81,0.0,6,19,25,11020710.,11PM00.,02,23,1
2011-02-08 00:00:00,1,0,1,2,11.48,15.91,87,0.0,4,6,10,11020810.,12AM00.,02,00,2
2011-02-08 01:00:00,1,0,1,2,11.48,15.91,87,0.0,0,4,4,11020810.,01AM00.,02,01,2
2011-02-08 02:00:00,1,0,1,2,10.66,13.635,93,7.0015,1,1,2,11020810.,02AM00.,02,02,2
2011-02-08 03:00:00,1,0,1,3,11.48,13.635,93,11.0014,0,1,1,11020810.,03AM00.,02,03,2
2011-02-08 04:00:00,1,0,1,1,10.66,12.88,93,11.0014,0,3,3,11020810.,04AM00.,02,04,2
2011-02-08 05:00:00,1,0,1,1,10.66,11.365,81,22.0028,0,2,2,11020810.,05AM00.,02,05,2
2011-02-08 06:00:00,1,0,1,1,10.66,11.365,70,22.0028,0,39,39,11020810.,06AM00.,02,06,2
2011-02-08 07:00:00,1,0,1,1,9.84,9.85,65,27.9993,3,97,100,11020810.,07AM00.,02,07,2
2011-02-08 08:00:00,1,0,1,1,9.84,9.85,56,32.9975,7,236,243,11020810.,08AM00.,02,08,2
2011-02-08 09:00:00,1,0,1,1,9.84,9.85,52,32.9975,7,128,135,11020810.,09AM00.,02,09,2
2011-02-08 10:00:00,1,0,1,1,9.02,9.09,47,36.9974,4,44,48,11020810.,10AM00.,02,10,2
2011-02-08 11:00:00,1,0,1,1,9.02,9.09,47,31.0009,1,49,50,11020810.,11AM00.,02,11,2
2011-02-08 12:00:00,1,0,1,1,9.84,9.85,38,32.9975,2,63,65,11020810.,12PM00.,02,12,2
2011-02-08 13:00:00,1,0,1,2,9.84,9.85,32,30.0026,2,48,50,11020810.,01PM00.,02,13,2
2011-02-08 14:00:00,1,0,1,1,9.02,9.85,37,27.9993,3,61,64,11020810.,02PM00.,02,14,2
2011-02-08 15:00:00,1,0,1,1,9.02,9.85,35,26.0027,6,45,51,11020810.,03PM00.,02,15,2
2011-02-08 16:00:00,1,0,1,1,9.02,9.09,35,35.0008,4,79,83,11020810.,04PM00.,02,16,2
2011-02-08 17:00:00,1,0,1,1,9.02,9.09,32,39.0007,4,172,176,11020810.,05PM00.,02,17,2
2011-02-08 18:00:00,1,0,1,1,8.2,9.09,32,26.0027,1,151,152,11020810.,06PM00.,02,18,2
2011-02-08 19:00:00,1,0,1,1,6.56,6.06,40,31.0009,1,100,101,11020810.,07PM00.,02,19,2
2011-02-08 20:00:00,1,0,1,1,6.56,6.82,40,22.0028,3,53,56,11020810.,08PM00.,02,20,2
2011-02-08 21:00:00,1,0,1,1,5.74,5.305,33,31.0009,8,46,54,11020810.,09PM00.,02,21,2
2011-02-08 22:00:00,1,0,1,1,4.92,5.305,33,23.9994,0,29,29,11020810.,10PM00.,02,22,2
2011-02-08 23:00:00,1,0,1,1,4.92,5.305,33,22.0028,3,9,12,11020810.,11PM00.,02,23,2
2011-02-09 00:00:00,1,0,1,1,4.1,3.79,36,23.9994,0,17,17,11020910.,12AM00.,02,00,3
2011-02-09 01:00:00,1,0,1,1,4.1,5.305,36,15.0013,0,7,7,11020910.,01AM00.,02,01,3
2011-02-09 02:00:00,1,0,1,1,3.28,3.79,38,19.0012,1,2,3,11020910.,02AM00.,02,02,3
2011-02-09 03:00:00,1,0,1,1,2.46,3.79,45,8.9981,0,2,2,11020910.,03AM00.,02,03,3
2011-02-09 05:00:00,1,0,1,1,2.46,5.305,45,7.0015,0,7,7,11020910.,05AM00.,02,05,3
2011-02-09 06:00:00,1,0,1,1,2.46,7.575,45,0.0,0,43,43,11020910.,06AM00.,02,06,3
2011-02-09 07:00:00,1,0,1,1,2.46,5.305,49,7.0015,4,95,99,11020910.,07AM00.,02,07,3
2011-02-09 08:00:00,1,0,1,1,4.1,6.82,42,0.0,1,198,199,11020910.,08AM00.,02,08,3
2011-02-09 09:00:00,1,0,1,1,4.92,6.82,39,11.0014,4,119,123,11020910.,09AM00.,02,09,3
2011-02-09 10:00:00,1,0,1,1,5.74,9.09,36,0.0,8,51,59,11020910.,10AM00.,02,10,3
2011-02-09 11:00:00,1,0,1,2,5.74,7.575,43,11.0014,1,40,41,11020910.,11AM00.,02,11,3
2011-02-09 12:00:00,1,0,1,2,7.38,9.09,40,15.0013,4,57,61,11020910.,12PM00.,02,12,3
2011-02-09 13:00:00,1,0,1,1,7.38,8.335,40,16.9979,2,67,69,11020910.,01PM00.,02,13,3
2011-02-09 14:00:00,1,0,1,1,8.2,9.09,34,19.9995,2,56,58,11020910.,02PM00.,02,14,3
2011-02-09 15:00:00,1,0,1,2,8.2,9.09,34,19.0012,3,61,64,11020910.,03PM00.,02,15,3
2011-02-09 16:00:00,1,0,1,2,8.2,9.85,37,16.9979,7,72,79,11020910.,04PM00.,02,16,3
2011-02-09 17:00:00,1,0,1,2,8.2,9.85,34,16.9979,9,157,166,11020910.,05PM00.,02,17,3
2011-02-09 18:00:00,1,0,1,2,7.38,8.335,47,19.9995,2,168,170,11020910.,06PM00.,02,18,3
2011-02-09 19:00:00,1,0,1,3,5.74,6.06,86,16.9979,1,87,88,11020910.,07PM00.,02,19,3
2011-02-09 20:00:00,1,0,1,3,5.74,7.575,86,11.0014,0,84,84,11020910.,08PM00.,02,20,3
2011-02-09 21:00:00,1,0,1,2,5.74,7.575,86,11.0014,0,83,83,11020910.,09PM00.,02,21,3
2011-02-09 22:00:00,1,0,1,3,6.56,8.335,80,11.0014,4,42,46,11020910.,10PM00.,02,22,3
2011-02-09 23:00:00,1,0,1,3,6.56,7.575,80,12.998,0,37,37,11020910.,11PM00.,02,23,3
2011-02-10 00:00:00,1,0,1,3,5.74,6.82,86,12.998,0,16,16,11021010.,12AM00.,02,00,4
2011-02-10 01:00:00,1,0,1,3,5.74,7.575,80,8.9981,0,7,7,11021010.,01AM00.,02,01,4
2011-02-10 02:00:00,1,0,1,3,5.74,7.575,80,8.9981,0,3,3,11021010.,02AM00.,02,02,4
2011-02-10 04:00:00,1,0,1,2,5.74,6.82,59,15.0013,0,1,1,11021010.,04AM00.,02,04,4
2011-02-10 05:00:00,1,0,1,2,4.92,6.06,50,15.0013,0,6,6,11021010.,05AM00.,02,05,4
2011-02-10 06:00:00,1,0,1,2,4.92,6.06,54,19.0012,0,26,26,11021010.,06AM00.,02,06,4
2011-02-10 07:00:00,1,0,1,1,4.1,3.79,50,27.9993,0,99,99,11021010.,07AM00.,02,07,4
2011-02-10 08:00:00,1,0,1,1,4.1,3.79,49,22.0028,5,173,178,11021010.,08AM00.,02,08,4
2011-02-10 09:00:00,1,0,1,1,4.92,5.305,42,23.9994,1,121,122,11021010.,09AM00.,02,09,4
2011-02-10 10:00:00,1,0,1,1,4.92,5.305,42,19.9995,1,34,35,11021010.,10AM00.,02,10,4
2011-02-10 11:00:00,1,0,1,1,5.74,6.06,39,23.9994,1,44,45,11021010.,11AM00.,02,11,4
2011-02-10 12:00:00,1,0,1,1,6.56,6.82,34,26.0027,4,65,69,11021010.,12PM00.,02,12,4
2011-02-10 13:00:00,1,0,1,1,7.38,8.335,29,19.9995,3,59,62,11021010.,01PM00.,02,13,4
2011-02-10 14:00:00,1,0,1,1,8.2,9.09,27,19.0012,6,42,48,11021010.,02PM00.,02,14,4
2011-02-10 15:00:00,1,0,1,1,8.2,9.85,25,16.9979,0,50,50,11021010.,03PM00.,02,15,4
2011-02-10 16:00:00,1,0,1,1,8.2,9.09,27,19.9995,4,76,80,11021010.,04PM00.,02,16,4
2011-02-10 17:00:00,1,0,1,1,7.38,9.09,26,12.998,6,159,165,11021010.,05PM00.,02,17,4
2011-02-10 18:00:00,1,0,1,1,6.56,9.09,28,8.9981,3,157,160,11021010.,06PM00.,02,18,4
2011-02-10 19:00:00,1,0,1,1,5.74,8.335,28,7.0015,2,110,112,11021010.,07PM00.,02,19,4
2011-02-10 20:00:00,1,0,1,1,5.74,9.09,31,6.0032,4,93,97,11021010.,08PM00.,02,20,4
2011-02-10 21:00:00,1,0,1,1,5.74,10.605,39,0.0,2,70,72,11021010.,09PM00.,02,21,4
2011-02-10 22:00:00,1,0,1,1,4.92,9.85,39,0.0,4,47,51,11021010.,10PM00.,02,22,4
2011-02-10 23:00:00,1,0,1,1,4.92,7.575,42,7.0015,1,33,34,11021010.,11PM00.,02,23,4
2011-02-11 00:00:00,1,0,1,1,4.1,6.82,49,7.0015,2,12,14,11021110.,12AM00.,02,00,5
2011-02-11 01:00:00,1,0,1,1,4.1,6.82,54,6.0032,1,6,7,11021110.,01AM00.,02,01,5
2011-02-11 02:00:00,1,0,1,1,4.1,6.82,54,6.0032,0,3,3,11021110.,02AM00.,02,02,5
2011-02-11 05:00:00,1,0,1,1,3.28,6.06,63,6.0032,0,4,4,11021110.,05AM00.,02,05,5
2011-02-11 06:00:00,1,0,1,1,4.1,9.09,68,0.0,1,23,24,11021110.,06AM00.,02,06,5
2011-02-11 07:00:00,1,0,1,1,3.28,8.335,73,0.0,1,73,74,11021110.,07AM00.,02,07,5
2011-02-11 08:00:00,1,0,1,1,4.1,6.06,74,11.0014,4,212,216,11021110.,08AM00.,02,08,5
2011-02-11 09:00:00,1,0,1,1,4.92,6.06,74,15.0013,8,132,140,11021110.,09AM00.,02,09,5
2011-02-11 10:00:00,1,0,1,1,5.74,6.82,69,12.998,5,39,44,11021110.,10AM00.,02,10,5
2011-02-11 11:00:00,1,0,1,1,9.02,11.365,47,8.9981,12,52,64,11021110.,11AM00.,02,11,5
2011-02-11 12:00:00,1,0,1,1,9.02,11.365,47,8.9981,7,64,71,11021110.,12PM00.,02,12,5
2011-02-11 13:00:00,1,0,1,1,9.84,11.365,35,12.998,21,89,110,11021110.,01PM00.,02,13,5
2011-02-11 14:00:00,1,0,1,1,12.3,14.395,26,16.9979,17,67,84,11021110.,02PM00.,02,14,5
2011-02-11 15:00:00,1,0,1,1,13.12,15.91,21,11.0014,12,62,74,11021110.,03PM00.,02,15,5
2011-02-11 16:00:00,1,0,1,1,12.3,14.395,28,12.998,14,111,125,11021110.,04PM00.,02,16,5
2011-02-11 17:00:00,1,0,1,1,12.3,16.665,24,0.0,18,193,211,11021110.,05PM00.,02,17,5
2011-02-11 18:00:00,1,0,1,1,11.48,15.91,28,0.0,9,165,174,11021110.,06PM00.,02,18,5
2011-02-11 19:00:00,1,0,1,1,10.66,15.15,33,0.0,7,94,101,11021110.,07PM00.,02,19,5
2011-02-11 20:00:00,1,0,1,1,9.02,11.365,55,8.9981,2,61,63,11021110.,08PM00.,02,20,5
2011-02-11 21:00:00,1,0,1,1,8.2,10.605,59,8.9981,1,46,47,11021110.,09PM00.,02,21,5
2011-02-11 22:00:00,1,0,1,1,8.2,11.365,64,6.0032,2,41,43,11021110.,10PM00.,02,22,5
2011-02-11 23:00:00,1,0,1,1,7.38,12.12,69,0.0,5,48,53,11021110.,11PM00.,02,23,5
2011-02-12 00:00:00,1,0,0,1,6.56,9.85,69,6.0032,3,27,30,11021210.,12AM00.,02,00,6
2011-02-12 01:00:00,1,0,0,1,5.74,10.605,86,0.0,2,22,24,11021210.,01AM00.,02,01,6
2011-02-12 02:00:00,1,0,0,1,5.74,10.605,80,0.0,2,13,15,11021210.,02AM00.,02,02,6
2011-02-12 03:00:00,1,0,0,1,4.92,9.85,80,0.0,3,7,10,11021210.,03AM00.,02,03,6
2011-02-12 04:00:00,1,0,0,1,4.92,8.335,74,6.0032,0,4,4,11021210.,04AM00.,02,04,6
2011-02-12 05:00:00,1,0,0,1,4.92,8.335,74,6.0032,0,1,1,11021210.,05AM00.,02,05,6
2011-02-12 06:00:00,1,0,0,1,4.92,6.82,93,12.998,1,1,2,11021210.,06AM00.,02,06,6
2011-02-12 07:00:00,1,0,0,1,4.92,7.575,80,7.0015,2,9,11,11021210.,07AM00.,02,07,6
2011-02-12 08:00:00,1,0,0,1,5.74,7.575,86,8.9981,2,28,30,11021210.,08AM00.,02,08,6
2011-02-12 09:00:00,1,0,0,1,6.56,9.09,64,8.9981,5,38,43,11021210.,09AM00.,02,09,6
2011-02-12 10:00:00,1,0,0,1,9.02,10.605,41,16.9979,13,71,84,11021210.,10AM00.,02,10,6
2011-02-12 11:00:00,1,0,0,1,12.3,13.635,28,22.0028,30,84,114,11021210.,11AM00.,02,11,6
2011-02-12 12:00:00,1,0,0,1,12.3,13.635,39,31.0009,27,93,120,11021210.,12PM00.,02,12,6
2011-02-12 13:00:00,1,0,0,1,12.3,13.635,39,27.9993,32,103,135,11021210.,01PM00.,02,13,6
2011-02-12 14:00:00,1,0,0,1,13.94,15.91,31,19.0012,30,90,120,11021210.,02PM00.,02,14,6
2011-02-12 15:00:00,1,0,0,1,13.94,15.15,29,27.9993,47,127,174,11021210.,03PM00.,02,15,6
2011-02-12 16:00:00,1,0,0,1,13.94,15.15,29,27.9993,42,103,145,11021210.,04PM00.,02,16,6
2011-02-12 17:00:00,1,0,0,1,13.12,14.395,31,35.0008,24,113,137,11021210.,05PM00.,02,17,6
2011-02-12 18:00:00,1,0,0,1,11.48,12.88,38,22.0028,4,60,64,11021210.,06PM00.,02,18,6
2011-02-12 19:00:00,1,0,0,1,11.48,13.635,38,11.0014,2,39,41,11021210.,07PM00.,02,19,6
2011-02-12 20:00:00,1,0,0,1,10.66,12.88,41,15.0013,1,39,40,11021210.,08PM00.,02,20,6
2011-02-12 21:00:00,1,0,0,1,10.66,15.15,41,0.0,9,42,51,11021210.,09PM00.,02,21,6
2011-02-12 22:00:00,1,0,0,1,9.84,12.88,44,6.0032,6,39,45,11021210.,10PM00.,02,22,6
2011-02-12 23:00:00,1,0,0,1,9.02,11.365,51,8.9981,1,31,32,11021210.,11PM00.,02,23,6
2011-02-13 00:00:00,1,0,0,1,8.2,11.365,64,7.0015,5,34,39,11021310.,12AM00.,02,00,7
2011-02-13 01:00:00,1,0,0,1,8.2,11.365,59,6.0032,1,23,24,11021310.,01AM00.,02,01,7
2011-02-13 02:00:00,1,0,0,2,8.2,11.365,75,6.0032,1,19,20,11021310.,02AM00.,02,02,7
2011-02-13 03:00:00,1,0,0,2,8.2,11.365,69,7.0015,4,8,12,11021310.,03AM00.,02,03,7
2011-02-13 04:00:00,1,0,0,2,8.2,10.605,69,11.0014,0,2,2,11021310.,04AM00.,02,04,7
2011-02-13 06:00:00,1,0,0,2,8.2,10.605,69,8.9981,2,3,5,11021310.,06AM00.,02,06,7
2011-02-13 07:00:00,1,0,0,2,9.02,13.635,55,0.0,0,3,3,11021310.,07AM00.,02,07,7
2011-02-13 08:00:00,1,0,0,2,9.02,11.365,64,12.998,1,11,12,11021310.,08AM00.,02,08,7
2011-02-13 09:00:00,1,0,0,2,9.84,11.365,60,15.0013,12,35,47,11021310.,09AM00.,02,09,7
2011-02-13 10:00:00,1,0,0,1,12.3,13.635,45,22.0028,19,86,105,11021310.,10AM00.,02,10,7
2011-02-13 11:00:00,1,0,0,1,13.12,14.395,39,30.0026,26,86,112,11021310.,11AM00.,02,11,7
2011-02-13 12:00:00,1,0,0,1,14.76,15.91,32,31.0009,58,94,152,11021310.,12PM00.,02,12,7
2011-02-13 13:00:00,1,0,0,1,15.58,19.695,29,23.9994,62,92,154,11021310.,01PM00.,02,13,7
2011-02-13 14:00:00,1,0,0,2,16.4,20.455,30,27.9993,51,110,161,11021310.,02PM00.,02,14,7
2011-02-13 15:00:00,1,0,0,2,16.4,20.455,30,19.9995,40,122,162,11021310.,03PM00.,02,15,7
2011-02-13 16:00:00,1,0,0,2,17.22,21.21,28,22.0028,28,106,134,11021310.,04PM00.,02,16,7
2011-02-13 17:00:00,1,0,0,1,17.22,21.21,28,22.0028,30,95,125,11021310.,05PM00.,02,17,7
2011-02-13 18:00:00,1,0,0,1,16.4,20.455,32,19.9995,17,78,95,11021310.,06PM00.,02,18,7
2011-02-13 19:00:00,1,0,0,1,16.4,20.455,35,19.0012,11,50,61,11021310.,07PM00.,02,19,7
2011-02-13 20:00:00,1,0,0,1,16.4,20.455,35,22.0028,15,32,47,11021310.,08PM00.,02,20,7
2011-02-13 21:00:00,1,0,0,1,16.4,20.455,35,23.9994,6,45,51,11021310.,09PM00.,02,21,7
2011-02-13 22:00:00,1,0,0,1,16.4,20.455,35,19.9995,5,31,36,11021310.,10PM00.,02,22,7
2011-02-13 23:00:00,1,0,0,1,16.4,20.455,35,23.9994,3,27,30,11021310.,11PM00.,02,23,7
2011-02-14 00:00:00,1,0,1,1,15.58,19.695,37,23.9994,3,8,11,11021410.,12AM00.,02,00,1
2011-02-14 01:00:00,1,0,1,1,15.58,19.695,37,23.9994,1,6,7,11021410.,01AM00.,02,01,1
2011-02-14 02:00:00,1,0,1,1,14.76,16.665,40,19.9995,0,2,2,11021410.,02AM00.,02,02,1
2011-02-14 03:00:00,1,0,1,1,13.94,15.91,46,15.0013,1,1,2,11021410.,03AM00.,02,03,1
2011-02-14 04:00:00,1,0,1,1,13.12,15.15,53,19.0012,0,2,2,11021410.,04AM00.,02,04,1
2011-02-14 05:00:00,1,0,1,1,13.12,15.15,53,19.0012,0,3,3,11021410.,05AM00.,02,05,1
2011-02-14 06:00:00,1,0,1,1,13.94,15.15,46,19.9995,1,25,26,11021410.,06AM00.,02,06,1
2011-02-14 07:00:00,1,0,1,1,13.94,15.15,46,19.9995,2,96,98,11021410.,07AM00.,02,07,1
2011-02-14 08:00:00,1,0,1,1,15.58,19.695,40,31.0009,7,249,256,11021410.,08AM00.,02,08,1
2011-02-14 09:00:00,1,0,1,1,16.4,20.455,37,26.0027,8,122,130,11021410.,09AM00.,02,09,1
2011-02-14 10:00:00,1,0,1,1,18.04,21.97,33,15.0013,9,46,55,11021410.,10AM00.,02,10,1
2011-02-14 11:00:00,1,0,1,1,21.32,25.0,23,16.9979,10,43,53,11021410.,11AM00.,02,11,1
2011-02-14 12:00:00,1,0,1,1,22.96,26.515,22,30.0026,27,99,126,11021410.,12PM00.,02,12,1
2011-02-14 13:00:00,1,0,1,1,23.78,27.275,19,26.0027,27,93,120,11021410.,01PM00.,02,13,1
2011-02-14 14:00:00,1,0,1,1,24.6,29.545,15,32.9975,14,76,90,11021410.,02PM00.,02,14,1
2011-02-14 15:00:00,1,0,1,1,22.96,26.515,21,43.9989,19,71,90,11021410.,03PM00.,02,15,1
2011-02-14 16:00:00,1,0,1,1,21.32,25.0,27,31.0009,16,102,118,11021410.,04PM00.,02,16,1
2011-02-14 17:00:00,1,0,1,1,18.86,22.725,33,40.9973,25,218,243,11021410.,05PM00.,02,17,1
2011-02-14 18:00:00,1,0,1,1,16.4,20.455,40,40.9973,11,194,205,11021410.,06PM00.,02,18,1
2011-02-14 19:00:00,1,0,1,1,15.58,19.695,43,32.9975,12,86,98,11021410.,07PM00.,02,19,1
2011-02-14 20:00:00,1,0,1,1,14.76,15.91,46,31.0009,5,65,70,11021410.,08PM00.,02,20,1
2011-02-14 21:00:00,1,0,1,1,14.76,15.91,50,35.0008,8,35,43,11021410.,09PM00.,02,21,1
2011-02-14 22:00:00,1,0,1,1,13.94,14.395,46,43.9989,1,44,45,11021410.,10PM00.,02,22,1
2011-02-14 23:00:00,1,0,1,1,13.12,14.395,49,32.9975,1,19,20,11021410.,11PM00.,02,23,1
2011-02-15 00:00:00,1,0,1,1,12.3,13.635,49,27.9993,7,12,19,11021510.,12AM00.,02,00,2
2011-02-15 01:00:00,1,0,1,1,12.3,12.12,42,51.9987,0,5,5,11021510.,01AM00.,02,01,2
2011-02-15 02:00:00,1,0,1,1,11.48,11.365,41,46.0022,1,2,3,11021510.,02AM00.,02,02,2
2011-02-15 04:00:00,1,0,1,1,9.02,9.09,37,35.0008,0,1,1,11021510.,04AM00.,02,04,2
2011-02-15 05:00:00,1,0,1,1,9.02,9.09,32,31.0009,0,4,4,11021510.,05AM00.,02,05,2
2011-02-15 06:00:00,1,0,1,1,8.2,9.09,32,22.0028,0,30,30,11021510.,06AM00.,02,06,2
2011-02-15 07:00:00,1,0,1,1,8.2,9.09,32,23.9994,2,103,105,11021510.,07AM00.,02,07,2
2011-02-15 08:00:00,1,0,1,1,8.2,9.09,32,23.9994,10,213,223,11021510.,08AM00.,02,08,2
2011-02-15 09:00:00,1,0,1,1,9.02,9.85,29,30.0026,2,108,110,11021510.,09AM00.,02,09,2
2011-02-15 10:00:00,1,0,1,1,9.84,10.605,27,19.0012,5,47,52,11021510.,10AM00.,02,10,2
2011-02-15 11:00:00,1,0,1,1,10.66,12.12,25,16.9979,11,46,57,11021510.,11AM00.,02,11,2
2011-02-15 12:00:00,1,0,1,1,11.48,13.635,24,16.9979,6,65,71,11021510.,12PM00.,02,12,2
2011-02-15 13:00:00,1,0,1,1,13.12,15.15,21,15.0013,14,68,82,11021510.,01PM00.,02,13,2
2011-02-15 14:00:00,1,0,1,1,13.94,15.91,19,15.0013,10,69,79,11021510.,02PM00.,02,14,2
2011-02-15 15:00:00,1,0,1,1,13.94,16.665,19,11.0014,11,74,85,11021510.,03PM00.,02,15,2
2011-02-15 16:00:00,1,0,1,1,13.94,15.91,19,16.9979,21,77,98,11021510.,04PM00.,02,16,2
2011-02-15 17:00:00,1,0,1,1,13.12,15.15,22,15.0013,15,191,206,11021510.,05PM00.,02,17,2
2011-02-15 18:00:00,1,0,1,1,12.3,15.15,22,8.9981,14,198,212,11021510.,06PM00.,02,18,2
2011-02-15 19:00:00,1,0,1,1,11.48,14.395,26,8.9981,3,142,145,11021510.,07PM00.,02,19,2
2011-02-15 20:00:00,1,0,1,1,10.66,13.635,33,7.0015,3,98,101,11021510.,08PM00.,02,20,2
2011-02-15 21:00:00,1,0,1,1,9.84,14.395,52,0.0,5,61,66,11021510.,09PM00.,02,21,2
2011-02-15 22:00:00,1,0,1,1,9.84,14.395,44,0.0,0,41,41,11021510.,10PM00.,02,22,2
2011-02-15 23:00:00,1,0,1,2,9.02,12.88,44,6.0032,0,20,20,11021510.,11PM00.,02,23,2
2011-02-16 00:00:00,1,0,1,1,9.02,12.88,41,6.0032,0,15,15,11021610.,12AM00.,02,00,3
2011-02-16 01:00:00,1,0,1,1,8.2,11.365,44,6.0032,0,9,9,11021610.,01AM00.,02,01,3
2011-02-16 03:00:00,1,0,1,2,8.2,9.85,47,12.998,0,1,1,11021610.,03AM00.,02,03,3
2011-02-16 04:00:00,1,0,1,1,8.2,9.85,51,12.998,0,1,1,11021610.,04AM00.,02,04,3
2011-02-16 05:00:00,1,0,1,1,8.2,9.85,47,12.998,0,5,5,11021610.,05AM00.,02,05,3
2011-02-16 06:00:00,1,0,1,1,8.2,9.85,55,15.0013,1,32,33,11021610.,06AM00.,02,06,3
2011-02-16 07:00:00,1,0,1,2,8.2,9.85,55,15.0013,5,103,108,11021610.,07AM00.,02,07,3
2011-02-16 08:00:00,1,0,1,2,9.02,11.365,55,11.0014,6,224,230,11021610.,08AM00.,02,08,3
2011-02-16 09:00:00,1,0,1,1,9.84,10.605,52,19.0012,2,122,124,11021610.,09AM00.,02,09,3
2011-02-16 10:00:00,1,0,1,1,10.66,11.365,41,26.0027,14,55,69,11021610.,10AM00.,02,10,3
2011-02-16 11:00:00,1,0,1,1,13.94,15.15,34,19.9995,7,59,66,11021610.,11AM00.,02,11,3
2011-02-16 12:00:00,1,0,1,1,15.58,19.695,32,22.0028,14,72,86,11021610.,12PM00.,02,12,3
2011-02-16 13:00:00,1,0,1,1,17.22,21.21,30,23.9994,13,80,93,11021610.,01PM00.,02,13,3
2011-02-16 14:00:00,1,0,1,1,18.86,22.725,28,27.9993,17,65,82,11021610.,02PM00.,02,14,3
2011-02-16 15:00:00,1,0,1,1,18.86,22.725,28,27.9993,35,82,117,11021610.,03PM00.,02,15,3
2011-02-16 16:00:00,1,0,1,1,18.86,22.725,31,26.0027,26,96,122,11021610.,04PM00.,02,16,3
2011-02-16 17:00:00,1,0,1,1,18.86,22.725,28,19.0012,11,244,255,11021610.,05PM00.,02,17,3
2011-02-16 18:00:00,1,0,1,1,16.4,20.455,40,15.0013,20,202,222,11021610.,06PM00.,02,18,3
2011-02-16 19:00:00,1,0,1,1,13.94,15.91,53,15.0013,18,143,161,11021610.,07PM00.,02,19,3
2011-02-16 20:00:00,1,0,1,1,15.58,19.695,43,12.998,10,108,118,11021610.,08PM00.,02,20,3
2011-02-16 21:00:00,1,0,1,1,14.76,17.425,46,12.998,5,87,92,11021610.,09PM00.,02,21,3
2011-02-16 22:00:00,1,0,1,1,13.94,16.665,53,12.998,12,61,73,11021610.,10PM00.,02,22,3
2011-02-16 23:00:00,1,0,1,1,15.58,19.695,40,15.0013,2,31,33,11021610.,11PM00.,02,23,3
2011-02-17 00:00:00,1,0,1,1,13.94,16.665,53,12.998,1,16,17,11021710.,12AM00.,02,00,4
2011-02-17 01:00:00,1,0,1,1,13.94,15.91,53,15.0013,0,6,6,11021710.,01AM00.,02,01,4
2011-02-17 02:00:00,1,0,1,2,13.94,15.91,53,15.0013,2,4,6,11021710.,02AM00.,02,02,4
2011-02-17 03:00:00,1,0,1,1,13.94,16.665,53,12.998,3,1,4,11021710.,03AM00.,02,03,4
2011-02-17 04:00:00,1,0,1,1,13.12,15.91,57,12.998,3,1,4,11021710.,04AM00.,02,04,4
2011-02-17 05:00:00,1,0,1,1,13.12,16.665,66,6.0032,1,11,12,11021710.,05AM00.,02,05,4
2011-02-17 06:00:00,1,0,1,1,12.3,15.15,70,8.9981,3,44,47,11021710.,06AM00.,02,06,4
2011-02-17 07:00:00,1,0,1,1,13.12,16.665,57,7.0015,7,119,126,11021710.,07AM00.,02,07,4
2011-02-17 08:00:00,1,0,1,1,13.12,16.665,57,6.0032,18,267,285,11021710.,08AM00.,02,08,4
2011-02-17 09:00:00,1,0,1,1,14.76,17.425,57,12.998,16,163,179,11021710.,09AM00.,02,09,4
2011-02-17 10:00:00,1,0,1,1,15.58,19.695,54,12.998,18,70,88,11021710.,10AM00.,02,10,4
2011-02-17 11:00:00,1,0,1,2,18.04,21.97,44,16.9979,19,71,90,11021710.,11AM00.,02,11,4
2011-02-17 12:00:00,1,0,1,1,19.68,23.485,41,15.0013,15,86,101,11021710.,12PM00.,02,12,4
2011-02-17 13:00:00,1,0,1,1,22.14,25.76,34,15.0013,15,108,123,11021710.,01PM00.,02,13,4
2011-02-17 14:00:00,1,0,1,1,24.6,31.06,31,15.0013,26,55,81,11021710.,02PM00.,02,14,4
2011-02-17 15:00:00,1,0,1,1,24.6,30.305,28,16.9979,15,91,106,11021710.,03PM00.,02,15,4
2011-02-17 16:00:00,1,0,1,2,22.96,26.515,35,19.9995,29,117,146,11021710.,04PM00.,02,16,4
2011-02-17 17:00:00,1,0,1,2,23.78,27.275,32,19.9995,18,256,274,11021710.,05PM00.,02,17,4
2011-02-17 18:00:00,1,0,1,2,22.14,25.76,42,19.0012,11,211,222,11021710.,06PM00.,02,18,4
2011-02-17 19:00:00,1,0,1,1,19.68,23.485,55,22.0028,14,161,175,11021710.,07PM00.,02,19,4
2011-02-17 20:00:00,1,0,1,1,19.68,23.485,59,22.0028,8,131,139,11021710.,08PM00.,02,20,4
2011-02-17 21:00:00,1,0,1,1,21.32,25.0,55,26.0027,5,119,124,11021710.,09PM00.,02,21,4
2011-02-17 22:00:00,1,0,1,1,20.5,24.24,59,19.0012,8,68,76,11021710.,10PM00.,02,22,4
2011-02-17 23:00:00,1,0,1,1,18.86,22.725,67,19.9995,4,40,44,11021710.,11PM00.,02,23,4
2011-02-18 00:00:00,1,0,1,1,18.04,21.97,72,19.0012,12,20,32,11021810.,12AM00.,02,00,5
2011-02-18 01:00:00,1,0,1,1,18.04,21.97,72,15.0013,1,7,8,11021810.,01AM00.,02,01,5
2011-02-18 02:00:00,1,0,1,1,18.04,21.97,72,19.0012,2,5,7,11021810.,02AM00.,02,02,5
2011-02-18 03:00:00,1,0,1,1,18.86,22.725,67,16.9979,2,6,8,11021810.,03AM00.,02,03,5
2011-02-18 04:00:00,1,0,1,1,18.86,22.725,67,16.9979,0,1,1,11021810.,04AM00.,02,04,5
2011-02-18 05:00:00,1,0,1,2,18.86,22.725,67,7.0015,1,6,7,11021810.,05AM00.,02,05,5
2011-02-18 06:00:00,1,0,1,2,18.04,21.97,72,11.0014,2,48,50,11021810.,06AM00.,02,06,5
2011-02-18 07:00:00,1,0,1,2,17.22,21.21,77,15.0013,8,108,116,11021810.,07AM00.,02,07,5
2011-02-18 08:00:00,1,0,1,2,17.22,21.21,77,12.998,26,246,272,11021810.,08AM00.,02,08,5
2011-02-18 09:00:00,1,0,1,2,17.22,21.21,77,12.998,15,154,169,11021810.,09AM00.,02,09,5
2011-02-18 10:00:00,1,0,1,2,18.04,21.97,72,15.0013,17,78,95,11021810.,10AM00.,02,10,5
2011-02-18 11:00:00,1,0,1,1,18.04,21.97,72,11.0014,31,82,113,11021810.,11AM00.,02,11,5
2011-02-18 12:00:00,1,0,1,1,20.5,24.24,59,12.998,59,126,185,11021810.,12PM00.,02,12,5
2011-02-18 13:00:00,1,0,1,1,24.6,31.06,43,12.998,45,131,176,11021810.,01PM00.,02,13,5
2011-02-18 14:00:00,1,0,1,1,27.06,31.06,36,19.9995,73,118,191,11021810.,02PM00.,02,14,5
2011-02-18 15:00:00,1,0,1,1,27.06,31.06,36,22.0028,55,117,172,11021810.,03PM00.,02,15,5
2011-02-18 16:00:00,1,0,1,1,27.06,31.06,36,19.0012,68,164,232,11021810.,04PM00.,02,16,5
2011-02-18 17:00:00,1,0,1,1,27.06,31.06,34,23.9994,52,275,327,11021810.,05PM00.,02,17,5
2011-02-18 18:00:00,1,0,1,1,26.24,31.06,33,22.0028,29,195,224,11021810.,06PM00.,02,18,5
2011-02-18 19:00:00,1,0,1,1,25.42,31.06,29,39.0007,16,146,162,11021810.,07PM00.,02,19,5
2011-02-18 20:00:00,1,0,1,1,24.6,31.06,31,12.998,19,105,124,11021810.,08PM00.,02,20,5
2011-02-18 21:00:00,1,0,1,1,23.78,27.275,21,32.9975,11,61,72,11021810.,09PM00.,02,21,5
2011-02-18 22:00:00,1,0,1,1,22.14,25.76,10,16.9979,19,88,107,11021810.,10PM00.,02,22,5
2011-02-18 23:00:00,1,0,1,1,21.32,25.0,8,19.0012,16,61,77,11021810.,11PM00.,02,23,5
2011-02-19 00:00:00,1,0,0,1,19.68,23.485,12,32.9975,6,23,29,11021910.,12AM00.,02,00,6
2011-02-19 01:00:00,1,0,0,1,18.86,22.725,14,27.9993,10,21,31,11021910.,01AM00.,02,01,6
2011-02-19 02:00:00,1,0,0,1,18.04,21.97,13,26.0027,3,14,17,11021910.,02AM00.,02,02,6
2011-02-19 03:00:00,1,0,0,1,17.22,21.21,14,19.9995,0,7,7,11021910.,03AM00.,02,03,6
2011-02-19 04:00:00,1,0,0,1,16.4,20.455,15,22.0028,0,3,3,11021910.,04AM00.,02,04,6
2011-02-19 05:00:00,1,0,0,1,16.4,20.455,15,22.0028,0,3,3,11021910.,05AM00.,02,05,6
2011-02-19 06:00:00,1,0,0,1,16.4,20.455,17,27.9993,3,3,6,11021910.,06AM00.,02,06,6
2011-02-19 07:00:00,1,0,0,1,15.58,19.695,17,35.0008,6,16,22,11021910.,07AM00.,02,07,6
2011-02-19 08:00:00,1,0,0,1,15.58,19.695,17,39.0007,9,36,45,11021910.,08AM00.,02,08,6
2011-02-19 09:00:00,1,0,0,1,16.4,20.455,16,43.9989,18,37,55,11021910.,09AM00.,02,09,6
2011-02-19 10:00:00,1,0,0,1,17.22,21.21,16,39.0007,34,72,106,11021910.,10AM00.,02,10,6
2011-02-19 11:00:00,1,0,0,1,18.04,21.97,16,39.0007,47,76,123,11021910.,11AM00.,02,11,6
2011-02-19 12:00:00,1,0,0,1,18.04,21.97,18,32.9975,38,81,119,11021910.,12PM00.,02,12,6
2011-02-19 13:00:00,1,0,0,1,18.04,21.97,16,40.9973,52,103,155,11021910.,01PM00.,02,13,6
2011-02-19 14:00:00,1,0,0,1,18.86,22.725,15,43.9989,102,94,196,11021910.,02PM00.,02,14,6
2011-02-19 15:00:00,1,0,0,1,18.04,21.97,16,50.0021,84,87,171,11021910.,03PM00.,02,15,6
2011-02-19 16:00:00,1,0,0,1,18.04,21.97,16,43.0006,39,81,120,11021910.,04PM00.,02,16,6
2011-02-19 17:00:00,1,0,0,1,17.22,21.21,19,40.9973,36,91,127,11021910.,05PM00.,02,17,6
2011-02-19 18:00:00,1,0,0,1,14.76,15.91,25,30.0026,21,67,88,11021910.,06PM00.,02,18,6
2011-02-19 19:00:00,1,0,0,1,13.94,15.15,29,23.9994,5,54,59,11021910.,07PM00.,02,19,6
2011-02-19 20:00:00,1,0,0,1,13.12,14.395,28,35.0008,9,38,47,11021910.,08PM00.,02,20,6
2011-02-19 21:00:00,1,0,0,1,13.12,13.635,26,36.9974,4,29,33,11021910.,09PM00.,02,21,6
2011-02-19 22:00:00,1,0,0,1,12.3,12.88,28,32.9975,2,42,44,11021910.,10PM00.,02,22,6
2011-02-19 23:00:00,1,0,0,1,11.48,12.12,33,30.0026,4,25,29,11021910.,11PM00.,02,23,6
2011-03-01 00:00:00,1,0,1,1,12.3,13.635,70,31.0009,0,7,7,11030110.,12AM00.,03,00,2
2011-03-01 01:00:00,1,0,1,1,10.66,11.365,70,23.9994,0,3,3,11030110.,01AM00.,03,01,2
2011-03-01 02:00:00,1,0,1,1,9.84,10.605,65,26.0027,0,4,4,11030110.,02AM00.,03,02,2
2011-03-01 03:00:00,1,0,1,1,9.02,10.605,69,19.0012,0,2,2,11030110.,03AM00.,03,03,2
2011-03-01 04:00:00,1,0,1,1,9.02,10.605,69,16.9979,0,1,1,11030110.,04AM00.,03,04,2
2011-03-01 05:00:00,1,0,1,1,8.2,9.09,64,19.0012,1,1,2,11030110.,05AM00.,03,05,2
2011-03-01 06:00:00,1,0,1,1,8.2,9.09,59,19.9995,0,46,46,11030110.,06AM00.,03,06,2
2011-03-01 07:00:00,1,0,1,1,8.2,9.09,59,22.0028,2,105,107,11030110.,07AM00.,03,07,2
2011-03-01 08:00:00,1,0,1,1,8.2,9.09,59,26.0027,10,204,214,11030110.,08AM00.,03,08,2
2011-03-01 09:00:00,1,0,1,1,9.02,9.85,55,27.9993,8,116,124,11030110.,09AM00.,03,09,2
2011-03-01 10:00:00,1,0,1,1,9.84,10.605,52,19.0012,13,55,68,11030110.,10AM00.,03,10,2
2011-03-01 11:00:00,1,0,1,1,11.48,13.635,45,16.9979,8,48,56,11030110.,11AM00.,03,11,2
2011-03-01 12:00:00,1,0,1,1,12.3,15.15,39,8.9981,6,80,86,11030110.,12PM00.,03,12,2
2011-03-01 13:00:00,1,0,1,1,13.12,17.425,39,0.0,13,65,78,11030110.,01PM00.,03,13,2
2011-03-01 14:00:00,1,0,1,1,13.12,16.665,36,8.9981,18,61,79,11030110.,02PM00.,03,14,2
2011-03-01 15:00:00,1,0,1,1,13.94,18.18,34,0.0,7,57,64,11030110.,03PM00.,03,15,2
2011-03-01 16:00:00,1,0,1,1,13.94,17.425,34,6.0032,10,92,102,11030110.,04PM00.,03,16,2
2011-03-01 17:00:00,1,0,1,1,13.94,17.425,34,6.0032,12,230,242,11030110.,05PM00.,03,17,2
2011-03-01 18:00:00,1,0,1,1,13.12,15.91,39,12.998,10,214,224,11030110.,06PM00.,03,18,2
2011-03-01 19:00:00,1,0,1,1,12.3,15.15,49,8.9981,4,115,119,11030110.,07PM00.,03,19,2
2011-03-01 20:00:00,1,0,1,1,12.3,15.91,61,6.0032,2,86,88,11030110.,08PM00.,03,20,2
2011-03-01 21:00:00,1,0,1,1,10.66,15.15,56,0.0,8,55,63,11030110.,09PM00.,03,21,2
2011-03-01 22:00:00,1,0,1,1,9.84,13.635,62,7.0015,3,44,47,11030110.,10PM00.,03,22,2
2011-03-01 23:00:00,1,0,1,1,9.84,11.365,65,15.0013,2,23,25,11030110.,11PM00.,03,23,2
2011-03-02 00:00:00,1,0,1,1,9.02,11.365,69,11.0014,3,5,8,11030210.,12AM00.,03,00,3
2011-03-02 01:00:00,1,0,1,1,9.02,11.365,69,12.998,0,4,4,11030210.,01AM00.,03,01,3
2011-03-02 02:00:00,1,0,1,1,9.02,11.365,69,12.998,0,2,2,11030210.,02AM00.,03,02,3
2011-03-02 03:00:00,1,0,1,1,9.02,10.605,69,19.0012,3,1,4,11030210.,03AM00.,03,03,3
2011-03-02 04:00:00,1,0,1,1,8.2,10.605,75,8.9981,1,0,1,11030210.,04AM00.,03,04,3
2011-03-02 05:00:00,1,0,1,1,9.02,10.605,69,15.0013,0,5,5,11030210.,05AM00.,03,05,3
2011-03-02 06:00:00,1,0,1,1,9.02,10.605,55,16.9979,1,39,40,11030210.,06AM00.,03,06,3
2011-03-02 07:00:00,1,0,1,1,9.02,10.605,64,16.9979,2,108,110,11030210.,07AM00.,03,07,3
2011-03-02 08:00:00,1,0,1,1,9.84,10.605,65,19.0012,13,243,256,11030210.,08AM00.,03,08,3
2011-03-02 09:00:00,1,0,1,1,11.48,12.88,56,19.9995,7,141,148,11030210.,09AM00.,03,09,3
2011-03-02 10:00:00,1,0,1,1,13.12,15.15,49,19.0012,11,65,76,11030210.,10AM00.,03,10,3
2011-03-02 11:00:00,1,0,1,1,13.94,15.15,53,22.0028,8,65,73,11030210.,11AM00.,03,11,3
2011-03-02 12:00:00,1,0,1,1,16.4,20.455,43,12.998,20,62,82,11030210.,12PM00.,03,12,3
2011-03-02 13:00:00,1,0,1,1,20.5,24.24,25,0.0,35,90,125,11030210.,01PM00.,03,13,3
2011-03-02 14:00:00,1,0,1,1,21.32,25.0,23,19.9995,21,75,96,11030210.,02PM00.,03,14,3
2011-03-02 15:00:00,1,0,1,1,22.14,25.76,19,27.9993,19,91,110,11030210.,03PM00.,03,15,3
2011-03-02 16:00:00,1,0,1,1,22.14,25.76,19,22.0028,27,112,139,11030210.,04PM00.,03,16,3
2011-03-02 17:00:00,1,0,1,1,20.5,24.24,23,19.0012,30,238,268,11030210.,05PM00.,03,17,3
2011-03-02 18:00:00,1,0,1,1,18.86,22.725,23,32.9975,8,193,201,11030210.,06PM00.,03,18,3
2011-03-02 19:00:00,1,0,1,1,16.4,20.455,28,35.0008,6,144,150,11030210.,07PM00.,03,19,3
2011-03-02 20:00:00,1,0,1,1,14.76,16.665,29,27.9993,9,86,95,11030210.,08PM00.,03,20,3
2011-03-02 21:00:00,1,0,1,1,13.94,14.395,29,31.0009,3,68,71,11030210.,09PM00.,03,21,3
2011-03-02 22:00:00,1,0,1,1,12.3,12.88,26,36.9974,4,44,48,11030210.,10PM00.,03,22,3
2011-03-02 23:00:00,1,0,1,1,10.66,10.605,30,35.0008,0,22,22,11030210.,11PM00.,03,23,3
2011-03-03 00:00:00,1,0,1,1,9.84,9.85,30,31.0009,3,10,13,11030310.,12AM00.,03,00,4
2011-03-03 01:00:00,1,0,1,1,9.84,9.85,30,31.0009,0,1,1,11030310.,01AM00.,03,01,4
2011-03-03 02:00:00,1,0,1,1,8.2,8.335,27,31.0009,1,2,3,11030310.,02AM00.,03,02,4
2011-03-03 03:00:00,1,0,1,1,8.2,8.335,27,31.0009,0,1,1,11030310.,03AM00.,03,03,4
2011-03-03 04:00:00,1,0,1,1,6.56,6.06,31,32.9975,0,1,1,11030310.,04AM00.,03,04,4
2011-03-03 05:00:00,1,0,1,1,5.74,6.06,33,19.9995,1,7,8,11030310.,05AM00.,03,05,4
2011-03-03 06:00:00,1,0,1,1,5.74,6.06,33,19.9995,1,34,35,11030310.,06AM00.,03,06,4
2011-03-03 07:00:00,1,0,1,1,4.92,4.545,42,27.9993,1,110,111,11030310.,07AM00.,03,07,4
2011-03-03 08:00:00,1,0,1,1,5.74,6.06,39,19.9995,4,216,220,11030310.,08AM00.,03,08,4
2011-03-03 09:00:00,1,0,1,1,6.56,6.82,37,19.0012,10,135,145,11030310.,09AM00.,03,09,4
2011-03-03 10:00:00,1,0,1,1,7.38,9.09,29,12.998,7,49,56,11030310.,10AM00.,03,10,4
2011-03-03 11:00:00,1,0,1,1,8.2,11.365,29,6.0032,10,40,50,11030310.,11AM00.,03,11,4
2011-03-03 12:00:00,1,0,1,1,9.02,11.365,25,8.9981,7,65,72,11030310.,12PM00.,03,12,4
2011-03-03 13:00:00,1,0,1,1,9.02,12.88,25,6.0032,13,67,80,11030310.,01PM00.,03,13,4
2011-03-03 14:00:00,1,0,1,1,9.84,12.88,21,7.0015,18,60,78,11030310.,02PM00.,03,14,4
2011-03-03 15:00:00,1,0,1,1,9.84,14.395,23,0.0,6,62,68,11030310.,03PM00.,03,15,4
2011-03-03 16:00:00,1,0,1,1,10.66,15.15,23,0.0,6,65,71,11030310.,04PM00.,03,16,4
2011-03-03 17:00:00,1,0,1,1,10.66,15.15,22,0.0,17,185,202,11030310.,05PM00.,03,17,4
2011-03-03 18:00:00,1,0,1,1,9.84,10.605,35,22.0028,6,161,167,11030310.,06PM00.,03,18,4
2011-03-03 19:00:00,1,0,1,1,8.2,9.85,40,16.9979,5,101,106,11030310.,07PM00.,03,19,4
2011-03-03 20:00:00,1,0,1,1,8.2,11.365,40,6.0032,1,69,70,11030310.,08PM00.,03,20,4
2011-03-03 21:00:00,1,0,1,1,7.38,10.605,40,7.0015,3,48,51,11030310.,09PM00.,03,21,4
2011-03-03 22:00:00,1,0,1,1,8.2,12.88,40,0.0,3,50,53,11030310.,10PM00.,03,22,4
2011-03-03 23:00:00,1,0,1,2,7.38,10.605,43,6.0032,0,23,23,11030310.,11PM00.,03,23,4
2011-03-04 00:00:00,1,0,1,2,8.2,9.85,55,12.998,0,12,12,11030410.,12AM00.,03,00,5
2011-03-04 01:00:00,1,0,1,2,7.38,9.09,64,12.998,0,4,4,11030410.,01AM00.,03,01,5
2011-03-04 02:00:00,1,0,1,2,7.38,9.09,64,12.998,0,2,2,11030410.,02AM00.,03,02,5
2011-03-04 03:00:00,1,0,1,2,7.38,8.335,74,16.9979,0,1,1,11030410.,03AM00.,03,03,5
2011-03-04 04:00:00,1,0,1,2,7.38,9.09,74,12.998,1,0,1,11030410.,04AM00.,03,04,5
2011-03-04 05:00:00,1,0,1,2,6.56,9.09,74,8.9981,0,7,7,11030410.,05AM00.,03,05,5
2011-03-04 06:00:00,1,0,1,2,6.56,9.85,74,6.0032,1,28,29,11030410.,06AM00.,03,06,5
2011-03-04 07:00:00,1,0,1,1,6.56,9.09,80,8.9981,0,83,83,11030410.,07AM00.,03,07,5
2011-03-04 08:00:00,1,0,1,1,7.38,9.85,74,8.9981,6,222,228,11030410.,08AM00.,03,08,5
2011-03-04 09:00:00,1,0,1,1,9.02,11.365,60,8.9981,12,138,150,11030410.,09AM00.,03,09,5
2011-03-04 10:00:00,1,0,1,1,9.84,11.365,60,16.9979,10,56,66,11030410.,10AM00.,03,10,5
2011-03-04 11:00:00,1,0,1,1,11.48,13.635,52,15.0013,16,73,89,11030410.,11AM00.,03,11,5
2011-03-04 12:00:00,1,0,1,1,13.12,15.15,43,11.0014,10,87,97,11030410.,12PM00.,03,12,5
2011-03-04 13:00:00,1,0,1,1,13.94,15.91,42,15.0013,13,74,87,11030410.,01PM00.,03,13,5
2011-03-04 14:00:00,1,0,1,1,14.76,16.665,40,19.0012,30,65,95,11030410.,02PM00.,03,14,5
2011-03-04 15:00:00,1,0,1,1,14.76,16.665,40,19.9995,31,75,106,11030410.,03PM00.,03,15,5
2011-03-04 16:00:00,1,0,1,1,14.76,17.425,46,12.998,17,101,118,11030410.,04PM00.,03,16,5
2011-03-04 17:00:00,1,0,1,2,14.76,16.665,50,16.9979,22,206,228,11030410.,05PM00.,03,17,5
2011-03-04 18:00:00,1,0,1,2,13.94,15.15,53,19.9995,15,172,187,11030410.,06PM00.,03,18,5
2011-03-04 19:00:00,1,0,1,1,13.12,15.15,61,16.9979,5,102,107,11030410.,07PM00.,03,19,5
2011-03-04 20:00:00,1,0,1,2,12.3,14.395,70,12.998,9,78,87,11030410.,08PM00.,03,20,5
2011-03-04 21:00:00,1,0,1,2,12.3,14.395,70,15.0013,6,64,70,11030410.,09PM00.,03,21,5
2011-03-04 22:00:00,1,0,1,1,12.3,14.395,70,12.998,4,40,44,11030410.,10PM00.,03,22,5
2011-03-04 23:00:00,1,0,1,2,12.3,15.15,75,11.0014,6,40,46,11030410.,11PM00.,03,23,5
2011-03-05 00:00:00,1,0,0,2,11.48,14.395,81,7.0015,4,15,19,11030510.,12AM00.,03,00,6
2011-03-05 01:00:00,1,0,0,2,12.3,15.91,81,7.0015,5,20,25,11030510.,01AM00.,03,01,6
2011-03-05 02:00:00,1,0,0,2,12.3,14.395,87,12.998,5,15,20,11030510.,02AM00.,03,02,6
2011-03-05 03:00:00,1,0,0,2,12.3,14.395,87,12.998,0,2,2,11030510.,03AM00.,03,03,6
2011-03-05 04:00:00,1,0,0,2,12.3,15.15,93,11.0014,0,1,1,11030510.,04AM00.,03,04,6
2011-03-05 05:00:00,1,0,0,2,12.3,15.15,100,8.9981,0,3,3,11030510.,05AM00.,03,05,6
2011-03-05 06:00:00,1,0,0,2,12.3,14.395,100,15.0013,1,3,4,11030510.,06AM00.,03,06,6
2011-03-05 07:00:00,1,0,0,2,12.3,13.635,100,19.9995,5,10,15,11030510.,07AM00.,03,07,6
2011-03-05 08:00:00,1,0,0,2,12.3,13.635,100,19.9995,11,34,45,11030510.,08AM00.,03,08,6
2011-03-05 09:00:00,1,0,0,2,13.12,15.15,93,15.0013,15,48,63,11030510.,09AM00.,03,09,6
2011-03-05 10:00:00,1,0,0,2,13.94,16.665,93,12.998,34,69,103,11030510.,10AM00.,03,10,6
2011-03-05 11:00:00,1,0,0,2,16.4,20.455,76,15.0013,43,116,159,11030510.,11AM00.,03,11,6
2011-03-05 12:00:00,1,0,0,2,18.04,21.97,67,16.9979,46,121,167,11030510.,12PM00.,03,12,6
2011-03-05 13:00:00,1,0,0,2,18.86,22.725,67,19.0012,60,130,190,11030510.,01PM00.,03,13,6
2011-03-05 14:00:00,1,0,0,2,19.68,23.485,59,19.0012,80,118,198,11030510.,02PM00.,03,14,6
2011-03-05 15:00:00,1,0,0,2,18.86,22.725,63,19.9995,83,122,205,11030510.,03PM00.,03,15,6
2011-03-05 16:00:00,1,0,0,2,19.68,23.485,59,19.9995,74,130,204,11030510.,04PM00.,03,16,6
2011-03-05 17:00:00,1,0,0,2,19.68,23.485,59,23.9994,60,104,164,11030510.,05PM00.,03,17,6
2011-03-05 18:00:00,1,0,0,2,19.68,23.485,59,22.0028,37,115,152,11030510.,06PM00.,03,18,6
2011-03-05 19:00:00,1,0,0,2,18.86,22.725,67,22.0028,27,62,89,11030510.,07PM00.,03,19,6
2011-03-05 20:00:00,1,0,0,2,18.04,21.97,77,22.0028,12,58,70,11030510.,08PM00.,03,20,6
2011-03-05 21:00:00,1,0,0,2,18.04,21.97,72,22.0028,12,60,72,11030510.,09PM00.,03,21,6
2011-03-05 22:00:00,1,0,0,2,17.22,21.21,77,19.9995,16,47,63,11030510.,10PM00.,03,22,6
2011-03-05 23:00:00,1,0,0,2,18.04,21.97,77,19.9995,10,34,44,11030510.,11PM00.,03,23,6
2011-03-06 00:00:00,1,0,0,2,17.22,21.21,77,23.9994,11,41,52,11030610.,12AM00.,03,00,7
2011-03-06 01:00:00,1,0,0,2,17.22,21.21,77,19.0012,12,27,39,11030610.,01AM00.,03,01,7
2011-03-06 02:00:00,1,0,0,2,16.4,20.455,82,19.0012,5,27,32,11030610.,02AM00.,03,02,7
2011-03-06 03:00:00,1,0,0,2,17.22,21.21,82,19.9995,2,9,11,11030610.,03AM00.,03,03,7
2011-03-06 04:00:00,1,0,0,2,17.22,21.21,88,23.9994,0,3,3,11030610.,04AM00.,03,04,7
2011-03-06 06:00:00,1,0,0,2,17.22,21.21,94,23.9994,1,1,2,11030610.,06AM00.,03,06,7
2011-03-06 07:00:00,1,0,0,3,17.22,21.21,100,30.0026,0,5,5,11030610.,07AM00.,03,07,7
2011-03-06 08:00:00,1,0,0,2,16.4,20.455,100,19.9995,1,8,9,11030610.,08AM00.,03,08,7
2011-03-06 09:00:00,1,0,0,2,17.22,21.21,100,19.0012,4,18,22,11030610.,09AM00.,03,09,7
2011-03-06 10:00:00,1,0,0,2,17.22,21.21,100,19.9995,4,27,31,11030610.,10AM00.,03,10,7
2011-03-06 11:00:00,1,0,0,2,17.22,21.21,100,15.0013,18,44,62,11030610.,11AM00.,03,11,7
2011-03-06 12:00:00,1,0,0,2,18.86,22.725,94,22.0028,10,69,79,11030610.,12PM00.,03,12,7
2011-03-06 13:00:00,1,0,0,2,18.86,22.725,94,23.9994,22,83,105,11030610.,01PM00.,03,13,7
2011-03-06 14:00:00,1,0,0,3,18.04,21.97,100,15.0013,12,27,39,11030610.,02PM00.,03,14,7
2011-03-06 15:00:00,1,0,0,3,18.04,21.97,100,15.0013,3,4,7,11030610.,03PM00.,03,15,7
2011-03-06 16:00:00,1,0,0,3,14.76,16.665,100,19.0012,3,8,11,11030610.,04PM00.,03,16,7
2011-03-06 17:00:00,1,0,0,3,13.94,15.15,100,19.9995,2,23,25,11030610.,05PM00.,03,17,7
2011-03-06 18:00:00,1,0,0,3,13.12,14.395,100,23.9994,0,23,23,11030610.,06PM00.,03,18,7
2011-03-06 19:00:00,1,0,0,3,12.3,12.88,100,32.9975,0,11,11,11030610.,07PM00.,03,19,7
2011-03-06 20:00:00,1,0,0,3,11.48,12.12,100,27.9993,3,8,11,11030610.,08PM00.,03,20,7
2011-03-06 21:00:00,1,0,0,3,9.84,9.09,93,40.9973,1,6,7,11030610.,09PM00.,03,21,7
2011-03-06 22:00:00,1,0,0,2,9.02,9.85,100,26.0027,0,10,10,11030610.,10PM00.,03,22,7
2011-03-06 23:00:00,1,0,0,2,9.02,9.85,100,27.9993,0,9,9,11030610.,11PM00.,03,23,7
2011-03-07 00:00:00,1,0,1,3,8.2,9.09,100,22.0028,0,4,4,11030710.,12AM00.,03,00,1
2011-03-07 01:00:00,1,0,1,3,8.2,9.09,100,22.0028,0,2,2,11030710.,01AM00.,03,01,1
2011-03-07 03:00:00,1,0,1,1,8.2,7.575,80,39.0007,0,1,1,11030710.,03AM00.,03,03,1
2011-03-07 04:00:00,1,0,1,1,8.2,7.575,80,35.0008,1,0,1,11030710.,04AM00.,03,04,1
2011-03-07 05:00:00,1,0,1,1,8.2,9.09,75,23.9994,0,1,1,11030710.,05AM00.,03,05,1
2011-03-07 06:00:00,1,0,1,1,8.2,9.09,75,26.0027,3,31,34,11030710.,06AM00.,03,06,1
2011-03-07 07:00:00,1,0,1,1,8.2,8.335,75,27.9993,3,88,91,11030710.,07AM00.,03,07,1
2011-03-07 08:00:00,1,0,1,1,8.2,9.09,75,26.0027,11,200,211,11030710.,08AM00.,03,08,1
2011-03-07 09:00:00,1,0,1,1,9.02,9.09,64,31.0009,5,129,134,11030710.,09AM00.,03,09,1
2011-03-07 10:00:00,1,0,1,1,9.84,10.605,60,19.9995,15,43,58,11030710.,10AM00.,03,10,1
2011-03-07 11:00:00,1,0,1,1,10.66,10.605,48,30.0026,19,41,60,11030710.,11AM00.,03,11,1
2011-03-07 12:00:00,1,0,1,1,12.3,13.635,42,27.9993,28,68,96,11030710.,12PM00.,03,12,1
2011-03-07 13:00:00,1,0,1,1,13.12,14.395,36,26.0027,16,54,70,11030710.,01PM00.,03,13,1
2011-03-07 14:00:00,1,0,1,1,13.12,14.395,36,27.9993,21,56,77,11030710.,02PM00.,03,14,1
2011-03-07 15:00:00,1,0,1,1,13.94,15.15,31,26.0027,32,64,96,11030710.,03PM00.,03,15,1
2011-03-07 16:00:00,1,0,1,1,13.94,15.15,31,23.9994,26,96,122,11030710.,04PM00.,03,16,1
2011-03-07 17:00:00,1,0,1,1,13.94,15.15,29,23.9994,27,206,233,11030710.,05PM00.,03,17,1
2011-03-07 18:00:00,1,0,1,1,13.12,15.15,31,15.0013,19,214,233,11030710.,06PM00.,03,18,1
2011-03-07 19:00:00,1,0,1,1,12.3,14.395,33,15.0013,11,134,145,11030710.,07PM00.,03,19,1
2011-03-07 20:00:00,1,0,1,1,12.3,15.15,33,11.0014,5,87,92,11030710.,08PM00.,03,20,1
2011-03-07 21:00:00,1,0,1,1,11.48,13.635,38,15.0013,1,53,54,11030710.,09PM00.,03,21,1
2011-03-07 22:00:00,1,0,1,1,10.66,12.88,48,11.0014,1,34,35,11030710.,10PM00.,03,22,1
2011-03-07 23:00:00,1,0,1,1,11.48,15.91,48,0.0,0,22,22,11030710.,11PM00.,03,23,1
2011-03-08 00:00:00,1,0,1,1,10.66,14.395,48,6.0032,1,9,10,11030810.,12AM00.,03,00,2
2011-03-08 01:00:00,1,0,1,1,9.84,12.12,52,8.9981,0,4,4,11030810.,01AM00.,03,01,2
2011-03-08 02:00:00,1,0,1,1,9.84,12.12,52,8.9981,1,0,1,11030810.,02AM00.,03,02,2
2011-03-08 03:00:00,1,0,1,1,9.84,12.88,52,6.0032,5,2,7,11030810.,03AM00.,03,03,2
2011-03-08 04:00:00,1,0,1,1,9.02,13.635,64,0.0,0,2,2,11030810.,04AM00.,03,04,2
2011-03-08 05:00:00,1,0,1,1,8.2,11.365,69,7.0015,2,8,10,11030810.,05AM00.,03,05,2
2011-03-08 06:00:00,1,0,1,1,8.2,12.88,59,0.0,3,42,45,11030810.,06AM00.,03,06,2
2011-03-08 07:00:00,1,0,1,1,7.38,9.85,64,8.9981,9,119,128,11030810.,07AM00.,03,07,2
2011-03-08 08:00:00,1,0,1,1,9.02,11.365,55,12.998,10,247,257,11030810.,08AM00.,03,08,2
2011-03-08 09:00:00,1,0,1,1,10.66,12.88,41,11.0014,11,140,151,11030810.,09AM00.,03,09,2
2011-03-08 10:00:00,1,0,1,2,12.3,14.395,33,12.998,25,46,71,11030810.,10AM00.,03,10,2
2011-03-08 11:00:00,1,0,1,2,14.76,17.425,25,11.0014,26,52,78,11030810.,11AM00.,03,11,2
2011-03-08 12:00:00,1,0,1,2,14.76,18.94,23,0.0,29,70,99,11030810.,12PM00.,03,12,2
2011-03-08 13:00:00,1,0,1,2,15.58,19.695,25,7.0015,25,73,98,11030810.,01PM00.,03,13,2
2011-03-08 14:00:00,1,0,1,2,15.58,19.695,20,0.0,16,56,72,11030810.,02PM00.,03,14,2
2011-03-08 15:00:00,1,0,1,2,14.76,18.94,18,0.0,35,77,112,11030810.,03PM00.,03,15,2
2011-03-08 16:00:00,1,0,1,1,15.58,19.695,27,11.0014,26,82,108,11030810.,04PM00.,03,16,2
2011-03-08 17:00:00,1,0,1,1,14.76,17.425,27,15.0013,39,209,248,11030810.,05PM00.,03,17,2
2011-03-08 18:00:00,1,0,1,1,13.94,16.665,27,12.998,21,214,235,11030810.,06PM00.,03,18,2
2011-03-08 19:00:00,1,0,1,1,13.94,17.425,31,7.0015,9,141,150,11030810.,07PM00.,03,19,2
2011-03-08 20:00:00,1,0,1,1,13.12,16.665,39,6.0032,2,74,76,11030810.,08PM00.,03,20,2
2011-03-08 21:00:00,1,0,1,1,12.3,14.395,49,12.998,7,68,75,11030810.,09PM00.,03,21,2
2011-03-08 22:00:00,1,0,1,1,12.3,14.395,49,15.0013,11,44,55,11030810.,10PM00.,03,22,2
2011-03-08 23:00:00,1,0,1,1,11.48,13.635,61,12.998,3,38,41,11030810.,11PM00.,03,23,2
2011-03-09 00:00:00,1,0,1,1,10.66,14.395,65,6.0032,0,9,9,11030910.,12AM00.,03,00,3
2011-03-09 01:00:00,1,0,1,1,10.66,13.635,52,8.9981,0,4,4,11030910.,01AM00.,03,01,3
2011-03-09 02:00:00,1,0,1,1,10.66,13.635,52,8.9981,1,1,2,11030910.,02AM00.,03,02,3
2011-03-09 03:00:00,1,0,1,1,9.84,12.88,70,6.0032,1,2,3,11030910.,03AM00.,03,03,3
2011-03-09 04:00:00,1,0,1,1,9.84,12.88,75,7.0015,0,2,2,11030910.,04AM00.,03,04,3
2011-03-09 05:00:00,1,0,1,2,9.84,12.12,81,8.9981,1,7,8,11030910.,05AM00.,03,05,3
2011-03-09 06:00:00,1,0,1,2,9.84,12.88,85,7.0015,5,44,49,11030910.,06AM00.,03,06,3
2011-03-09 07:00:00,1,0,1,2,9.84,12.12,87,11.0014,18,123,141,11030910.,07AM00.,03,07,3
2011-03-09 08:00:00,1,0,1,2,9.84,12.12,87,8.9981,11,238,249,11030910.,08AM00.,03,08,3
2011-03-09 09:00:00,1,0,1,2,10.66,12.12,87,16.9979,5,136,141,11030910.,09AM00.,03,09,3
2011-03-09 10:00:00,1,0,1,2,12.3,14.395,75,16.9979,8,49,57,11030910.,10AM00.,03,10,3
2011-03-09 11:00:00,1,0,1,2,13.12,14.395,76,26.0027,15,44,59,11030910.,11AM00.,03,11,3
2011-03-09 12:00:00,1,0,1,2,13.12,15.15,76,16.9979,14,84,98,11030910.,12PM00.,03,12,3
2011-03-09 13:00:00,1,0,1,2,13.12,14.395,76,23.9994,17,82,99,11030910.,01PM00.,03,13,3
2011-03-09 14:00:00,1,0,1,2,13.94,15.15,76,19.9995,10,61,71,11030910.,02PM00.,03,14,3
2011-03-09 15:00:00,1,0,1,2,14.76,16.665,71,19.9995,15,64,79,11030910.,03PM00.,03,15,3
2011-03-09 16:00:00,1,0,1,2,13.94,15.15,76,22.0028,10,102,112,11030910.,04PM00.,03,16,3
2011-03-09 17:00:00,1,0,1,2,13.94,15.15,76,19.9995,18,176,194,11030910.,05PM00.,03,17,3
2011-03-09 18:00:00,1,0,1,2,13.94,15.91,76,16.9979,12,176,188,11030910.,06PM00.,03,18,3
2011-03-09 19:00:00,1,0,1,2,13.94,15.15,76,22.0028,11,123,134,11030910.,07PM00.,03,19,3
2011-03-09 20:00:00,1,0,1,2,13.12,15.91,87,12.998,4,87,91,11030910.,08PM00.,03,20,3
2011-03-09 21:00:00,1,0,1,2,13.12,15.15,93,22.0028,10,52,62,11030910.,09PM00.,03,21,3
2011-03-09 22:00:00,1,0,1,3,13.12,15.91,93,11.0014,4,17,21,11030910.,10PM00.,03,22,3
2011-03-09 23:00:00,1,0,1,3,13.94,16.665,93,12.998,1,17,18,11030910.,11PM00.,03,23,3
2011-03-10 00:00:00,1,0,1,3,13.94,15.91,0,16.9979,3,0,3,11031010.,12AM00.,03,00,4
2011-03-10 01:00:00,1,0,1,3,13.94,15.91,0,16.9979,0,2,2,11031010.,01AM00.,03,01,4
2011-03-10 02:00:00,1,0,1,3,13.94,15.91,0,16.9979,0,1,1,11031010.,02AM00.,03,02,4
2011-03-10 05:00:00,1,0,1,3,14.76,17.425,0,12.998,1,2,3,11031010.,05AM00.,03,05,4
2011-03-10 06:00:00,1,0,1,3,14.76,16.665,0,22.0028,0,12,12,11031010.,06AM00.,03,06,4
2011-03-10 07:00:00,1,0,1,3,15.58,19.695,0,15.0013,1,36,37,11031010.,07AM00.,03,07,4
2011-03-10 08:00:00,1,0,1,3,15.58,19.695,0,19.0012,1,43,44,11031010.,08AM00.,03,08,4
2011-03-10 09:00:00,1,0,1,3,16.4,20.455,0,15.0013,1,23,24,11031010.,09AM00.,03,09,4
2011-03-10 10:00:00,1,0,1,3,16.4,20.455,0,11.0014,0,17,17,11031010.,10AM00.,03,10,4
2011-03-10 11:00:00,1,0,1,3,16.4,20.455,0,16.9979,6,5,11,11031010.,11AM00.,03,11,4
2011-03-10 12:00:00,1,0,1,3,17.22,21.21,0,15.0013,4,30,34,11031010.,12PM00.,03,12,4
2011-03-10 13:00:00,1,0,1,3,17.22,21.21,0,15.0013,1,11,12,11031010.,01PM00.,03,13,4
2011-03-10 14:00:00,1,0,1,3,18.04,21.97,0,19.9995,0,12,12,11031010.,02PM00.,03,14,4
2011-03-10 15:00:00,1,0,1,3,18.04,21.97,0,15.0013,3,11,14,11031010.,03PM00.,03,15,4
2011-03-10 16:00:00,1,0,1,3,17.22,21.21,0,16.9979,1,20,21,11031010.,04PM00.,03,16,4
2011-03-10 17:00:00,1,0,1,2,18.04,21.97,0,26.0027,2,109,111,11031010.,05PM00.,03,17,4
2011-03-10 18:00:00,1,0,1,3,18.04,21.97,0,23.9994,2,80,82,11031010.,06PM00.,03,18,4
2011-03-10 19:00:00,1,0,1,3,18.04,21.97,0,39.0007,5,51,56,11031010.,07PM00.,03,19,4
2011-03-10 20:00:00,1,0,1,3,14.76,16.665,0,22.0028,9,29,38,11031010.,08PM00.,03,20,4
2011-03-10 21:00:00,1,0,1,3,14.76,17.425,0,15.0013,1,27,28,11031010.,09PM00.,03,21,4
2011-03-10 22:00:00,1,0,1,2,13.94,16.665,0,8.9981,4,30,34,11031010.,10PM00.,03,22,4
2011-03-10 23:00:00,1,0,1,3,13.94,17.425,0,6.0032,1,26,27,11031010.,11PM00.,03,23,4
2011-03-11 00:00:00,1,0,1,2,13.94,17.425,100,6.0032,0,6,6,11031110.,12AM00.,03,00,5
2011-03-11 01:00:00,1,0,1,3,13.94,17.425,100,7.0015,0,8,8,11031110.,01AM00.,03,01,5
2011-03-11 02:00:00,1,0,1,3,13.94,17.425,100,7.0015,2,3,5,11031110.,02AM00.,03,02,5
2011-03-11 03:00:00,1,0,1,2,13.12,16.665,93,6.0032,0,2,2,11031110.,03AM00.,03,03,5
2011-03-11 05:00:00,1,0,1,1,12.3,14.395,81,15.0013,1,6,7,11031110.,05AM00.,03,05,5
2011-03-11 06:00:00,1,0,1,1,10.66,12.12,81,19.0012,1,31,32,11031110.,06AM00.,03,06,5
2011-03-11 07:00:00,1,0,1,1,10.66,12.88,70,12.998,10,104,114,11031110.,07AM00.,03,07,5
2011-03-11 08:00:00,1,0,1,1,11.48,13.635,70,16.9979,15,244,259,11031110.,08AM00.,03,08,5
2011-03-11 09:00:00,1,0,1,2,12.3,14.395,61,19.0012,13,143,156,11031110.,09AM00.,03,09,5
2011-03-11 10:00:00,1,0,1,2,13.12,15.15,57,19.9995,18,60,78,11031110.,10AM00.,03,10,5
2011-03-11 11:00:00,1,0,1,2,13.12,15.15,57,19.9995,14,67,81,11031110.,11AM00.,03,11,5
2011-03-11 12:00:00,1,0,1,2,13.94,15.91,53,16.9979,15,96,111,11031110.,12PM00.,03,12,5
2011-03-11 13:00:00,1,0,1,1,14.76,16.665,53,16.9979,15,92,107,11031110.,01PM00.,03,13,5
2011-03-11 14:00:00,1,0,1,2,14.76,16.665,50,23.9994,25,64,89,11031110.,02PM00.,03,14,5
2011-03-11 15:00:00,1,0,1,2,13.94,15.91,53,16.9979,21,64,85,11031110.,03PM00.,03,15,5
2011-03-11 16:00:00,1,0,1,2,13.94,15.15,49,19.9995,18,95,113,11031110.,04PM00.,03,16,5
2011-03-11 17:00:00,1,0,1,1,13.94,15.91,49,15.0013,23,200,223,11031110.,05PM00.,03,17,5
2011-03-11 18:00:00,1,0,1,1,13.12,15.15,49,22.0028,19,134,153,11031110.,06PM00.,03,18,5
2011-03-11 19:00:00,1,0,1,1,12.3,13.635,56,22.0028,7,111,118,11031110.,07PM00.,03,19,5
2011-03-11 20:00:00,1,0,1,1,12.3,15.15,56,11.0014,6,70,76,11031110.,08PM00.,03,20,5
2011-03-11 21:00:00,1,0,1,2,12.3,14.395,52,16.9979,10,43,53,11031110.,09PM00.,03,21,5
2011-03-11 22:00:00,1,0,1,1,12.3,15.15,52,11.0014,11,53,64,11031110.,10PM00.,03,22,5
2011-03-11 23:00:00,1,0,1,1,12.3,14.395,52,16.9979,3,34,37,11031110.,11PM00.,03,23,5
2011-03-12 00:00:00,1,0,0,1,10.66,13.635,60,8.9981,4,30,34,11031210.,12AM00.,03,00,6
2011-03-12 01:00:00,1,0,0,1,9.84,11.365,65,12.998,3,15,18,11031210.,01AM00.,03,01,6
2011-03-12 02:00:00,1,0,0,1,9.84,11.365,65,12.998,0,14,14,11031210.,02AM00.,03,02,6
2011-03-12 03:00:00,1,0,0,1,9.84,11.365,65,16.9979,1,6,7,11031210.,03AM00.,03,03,6
2011-03-12 04:00:00,1,0,0,1,9.84,11.365,65,16.9979,0,1,1,11031210.,04AM00.,03,04,6
2011-03-12 05:00:00,1,0,0,1,9.02,11.365,69,12.998,0,2,2,11031210.,05AM00.,03,05,6
2011-03-12 06:00:00,1,0,0,1,9.02,10.605,75,16.9979,2,2,4,11031210.,06AM00.,03,06,6
2011-03-12 07:00:00,1,0,0,1,9.84,11.365,70,12.998,4,19,23,11031210.,07AM00.,03,07,6
2011-03-12 08:00:00,1,0,0,1,10.66,12.88,65,11.0014,9,44,53,11031210.,08AM00.,03,08,6
2011-03-12 09:00:00,1,0,0,1,11.48,14.395,65,7.0015,25,76,101,11031210.,09AM00.,03,09,6
2011-03-12 10:00:00,1,0,0,1,13.12,15.15,66,15.0013,21,78,99,11031210.,10AM00.,03,10,6
2011-03-12 11:00:00,1,0,0,1,13.94,15.15,49,22.0028,36,83,119,11031210.,11AM00.,03,11,6
2011-03-12 12:00:00,1,0,0,1,13.94,15.91,53,19.0012,51,107,158,11031210.,12PM00.,03,12,6
2011-03-12 13:00:00,1,0,0,1,14.76,16.665,51,23.9994,62,95,157,11031210.,01PM00.,03,13,6
2011-03-12 14:00:00,1,0,0,1,16.4,20.455,50,30.0026,70,96,166,11031210.,02PM00.,03,14,6
2011-03-12 15:00:00,1,0,0,1,17.22,21.21,44,32.9975,81,101,182,11031210.,03PM00.,03,15,6
2011-03-12 16:00:00,1,0,0,1,18.86,22.725,41,30.0026,100,144,244,11031210.,04PM00.,03,16,6
2011-03-12 17:00:00,1,0,0,1,18.86,22.725,44,22.0028,99,114,213,11031210.,05PM00.,03,17,6
2011-03-12 18:00:00,1,0,0,1,17.22,21.21,54,11.0014,54,91,145,11031210.,06PM00.,03,18,6
2011-03-12 19:00:00,1,0,0,1,17.22,21.21,54,6.0032,26,86,112,11031210.,07PM00.,03,19,6
2011-03-12 20:00:00,1,0,0,1,16.4,20.455,58,7.0015,22,64,86,11031210.,08PM00.,03,20,6
2011-03-12 21:00:00,1,0,0,1,15.58,19.695,62,0.0,36,46,82,11031210.,09PM00.,03,21,6
2011-03-12 22:00:00,1,0,0,1,14.76,18.94,71,0.0,7,56,63,11031210.,10PM00.,03,22,6
2011-03-12 23:00:00,1,0,0,1,15.58,19.695,66,6.0032,11,38,49,11031210.,11PM00.,03,23,6
2011-03-13 00:00:00,1,0,0,1,15.58,19.695,62,7.0015,3,35,38,11031310.,12AM00.,03,00,7
2011-03-13 01:00:00,1,0,0,1,14.76,17.425,66,8.9981,10,23,33,11031310.,01AM00.,03,01,7
2011-03-13 03:00:00,1,0,0,1,13.94,16.665,76,8.9981,6,17,23,11031310.,03AM00.,03,03,7
2011-03-13 04:00:00,1,0,0,1,13.94,16.665,66,11.0014,4,9,13,11031310.,04AM00.,03,04,7
2011-03-13 05:00:00,1,0,0,1,14.76,17.425,62,8.9981,0,3,3,11031310.,05AM00.,03,05,7
2011-03-13 06:00:00,1,0,0,1,13.94,18.18,66,0.0,0,2,2,11031310.,06AM00.,03,06,7
2011-03-13 07:00:00,1,0,0,1,14.76,17.425,62,12.998,2,8,10,11031310.,07AM00.,03,07,7
2011-03-13 08:00:00,1,0,0,1,16.4,20.455,50,19.9995,11,23,34,11031310.,08AM00.,03,08,7
2011-03-13 09:00:00,1,0,0,1,16.4,20.455,50,27.9993,8,36,44,11031310.,09AM00.,03,09,7
2011-03-13 10:00:00,1,0,0,1,17.22,21.21,47,16.9979,36,86,122,11031310.,10AM00.,03,10,7
2011-03-13 11:00:00,1,0,0,1,18.04,21.97,41,27.9993,88,93,181,11031310.,11AM00.,03,11,7
2011-03-13 12:00:00,1,0,0,1,18.86,22.725,38,26.0027,74,120,194,11031310.,12PM00.,03,12,7
2011-03-13 13:00:00,1,0,0,1,18.86,22.725,38,26.0027,97,124,221,11031310.,01PM00.,03,13,7
2011-03-13 14:00:00,1,0,0,1,18.86,22.725,41,19.9995,144,106,250,11031310.,02PM00.,03,14,7
2011-03-13 15:00:00,1,0,0,1,19.68,23.485,39,22.0028,149,155,304,11031310.,03PM00.,03,15,7
2011-03-13 16:00:00,1,0,0,1,18.86,22.725,41,26.0027,124,132,256,11031310.,04PM00.,03,16,7
2011-03-13 17:00:00,1,0,0,1,18.04,21.97,41,23.9994,98,143,241,11031310.,05PM00.,03,17,7
2011-03-13 18:00:00,1,0,0,1,16.4,20.455,43,23.9994,55,92,147,11031310.,06PM00.,03,18,7
2011-03-13 19:00:00,1,0,0,1,14.76,16.665,50,23.9994,28,73,101,11031310.,07PM00.,03,19,7
2011-03-13 20:00:00,1,0,0,1,13.12,15.15,57,19.9995,23,54,77,11031310.,08PM00.,03,20,7
2011-03-13 21:00:00,1,0,0,1,12.3,14.395,56,16.9979,9,49,58,11031310.,09PM00.,03,21,7
2011-03-13 22:00:00,1,0,0,1,12.3,13.635,56,22.0028,8,29,37,11031310.,10PM00.,03,22,7
2011-03-13 23:00:00,1,0,0,1,10.66,12.88,65,15.0013,5,23,28,11031310.,11PM00.,03,23,7
2011-03-14 00:00:00,1,0,1,1,10.66,13.635,65,7.0015,4,7,11,11031410.,12AM00.,03,00,1
2011-03-14 01:00:00,1,0,1,1,10.66,14.395,65,6.0032,0,1,1,11031410.,01AM00.,03,01,1
2011-03-14 02:00:00,1,0,1,1,10.66,14.395,65,6.0032,0,1,1,11031410.,02AM00.,03,02,1
2011-03-14 03:00:00,1,0,1,1,10.66,13.635,65,8.9981,0,3,3,11031410.,03AM00.,03,03,1
2011-03-14 05:00:00,1,0,1,1,9.84,12.12,70,8.9981,0,8,8,11031410.,05AM00.,03,05,1
2011-03-14 06:00:00,1,0,1,1,10.66,13.635,65,8.9981,1,27,28,11031410.,06AM00.,03,06,1
2011-03-14 07:00:00,1,0,1,2,11.48,15.91,61,0.0,4,84,88,11031410.,07AM00.,03,07,1
2011-03-14 08:00:00,1,0,1,2,12.3,15.15,56,8.9981,24,217,241,11031410.,08AM00.,03,08,1
2011-03-14 09:00:00,1,0,1,1,13.12,15.15,53,22.0028,13,127,140,11031410.,09AM00.,03,09,1
2011-03-14 10:00:00,1,0,1,1,13.94,15.91,42,16.9979,27,57,84,11031410.,10AM00.,03,10,1
2011-03-14 11:00:00,1,0,1,1,14.76,16.665,40,16.9979,26,45,71,11031410.,11AM00.,03,11,1
2011-03-14 12:00:00,1,0,1,1,15.58,19.695,37,0.0,40,54,94,11031410.,12PM00.,03,12,1
2011-03-14 13:00:00,1,0,1,1,15.58,19.695,36,22.0028,24,51,75,11031410.,01PM00.,03,13,1
2011-03-14 14:00:00,1,0,1,2,15.58,19.695,34,0.0,27,52,79,11031410.,02PM00.,03,14,1
2011-03-14 15:00:00,1,0,1,1,15.58,19.695,37,11.0014,24,77,101,11031410.,03PM00.,03,15,1
2011-03-14 16:00:00,1,0,1,1,16.4,20.455,35,7.0015,27,80,107,11031410.,04PM00.,03,16,1
2011-03-14 17:00:00,1,0,1,1,15.58,19.695,40,12.998,42,229,271,11031410.,05PM00.,03,17,1
2011-03-14 18:00:00,1,0,1,1,14.76,18.18,40,7.0015,25,210,235,11031410.,06PM00.,03,18,1
2011-03-14 19:00:00,1,0,1,1,14.76,17.425,43,8.9981,17,133,150,11031410.,07PM00.,03,19,1
2011-03-14 20:00:00,1,0,1,1,13.94,15.91,46,15.0013,23,106,129,11031410.,08PM00.,03,20,1
2011-03-14 21:00:00,1,0,1,1,13.94,16.665,46,8.9981,5,58,63,11031410.,09PM00.,03,21,1
2011-03-14 22:00:00,1,0,1,1,13.12,16.665,49,7.0015,4,43,47,11031410.,10PM00.,03,22,1
2011-03-14 23:00:00,1,0,1,1,13.12,17.425,53,0.0,2,17,19,11031410.,11PM00.,03,23,1
2011-03-15 00:00:00,1,0,1,1,13.12,17.425,53,0.0,7,7,14,11031510.,12AM00.,03,00,2
2011-03-15 01:00:00,1,0,1,1,12.3,15.15,62,6.0032,4,6,10,11031510.,01AM00.,03,01,2
2011-03-15 02:00:00,1,0,1,1,12.3,15.15,62,6.0032,1,2,3,11031510.,02AM00.,03,02,2
2011-03-15 04:00:00,1,0,1,1,9.84,12.88,75,6.0032,1,1,2,11031510.,04AM00.,03,04,2
2011-03-15 05:00:00,1,0,1,1,9.84,11.365,75,12.998,0,11,11,11031510.,05AM00.,03,05,2
2011-03-15 06:00:00,1,0,1,1,9.02,11.365,80,12.998,3,32,35,11031510.,06AM00.,03,06,2
2011-03-15 07:00:00,1,0,1,1,9.84,12.12,75,11.0014,10,109,119,11031510.,07AM00.,03,07,2
2011-03-15 08:00:00,1,0,1,1,10.66,14.395,70,6.0032,23,259,282,11031510.,08AM00.,03,08,2
2011-03-15 09:00:00,1,0,1,2,12.3,16.665,70,0.0,10,147,157,11031510.,09AM00.,03,09,2
2011-03-15 10:00:00,1,0,1,2,13.12,15.91,66,12.998,22,56,78,11031510.,10AM00.,03,10,2
2011-03-15 11:00:00,1,0,1,2,13.94,15.91,57,15.0013,27,51,78,11031510.,11AM00.,03,11,2
2011-03-15 12:00:00,1,0,1,2,14.76,17.425,50,15.0013,32,70,102,11031510.,12PM00.,03,12,2
2011-03-15 13:00:00,1,0,1,2,14.76,16.665,57,19.0012,23,74,97,11031510.,01PM00.,03,13,2
2011-03-15 14:00:00,1,0,1,2,15.58,19.695,46,19.9995,14,74,88,11031510.,02PM00.,03,14,2
2011-03-15 15:00:00,1,0,1,2,15.58,19.695,43,19.0012,24,66,90,11031510.,03PM00.,03,15,2
2011-03-15 16:00:00,1,0,1,2,15.58,19.695,46,22.0028,21,93,114,11031510.,04PM00.,03,16,2
2011-03-15 17:00:00,1,0,1,2,14.76,17.425,62,12.998,22,195,217,11031510.,05PM00.,03,17,2
2011-03-15 18:00:00,1,0,1,2,14.76,16.665,62,19.9995,18,207,225,11031510.,06PM00.,03,18,2
2011-03-15 19:00:00,1,0,1,2,13.94,15.91,71,19.0012,14,138,152,11031510.,07PM00.,03,19,2
2011-03-15 20:00:00,1,0,1,2,13.94,15.91,71,19.0012,9,79,88,11031510.,08PM00.,03,20,2
2011-03-15 21:00:00,1,0,1,3,13.12,16.665,81,7.0015,2,53,55,11031510.,09PM00.,03,21,2
2011-03-15 22:00:00,1,0,1,2,13.12,15.91,87,11.0014,1,20,21,11031510.,10PM00.,03,22,2
2011-03-15 23:00:00,1,0,1,2,13.12,15.91,87,11.0014,1,17,18,11031510.,11PM00.,03,23,2
2011-03-16 00:00:00,1,0,1,3,12.3,14.395,93,16.9979,0,8,8,11031610.,12AM00.,03,00,3
2011-03-16 01:00:00,1,0,1,3,12.3,13.635,100,19.9995,1,2,3,11031610.,01AM00.,03,01,3
2011-03-16 03:00:00,1,0,1,2,11.48,13.635,100,15.0013,1,2,3,11031610.,03AM00.,03,03,3
2011-03-16 04:00:00,1,0,1,2,12.3,15.15,93,11.0014,0,1,1,11031610.,04AM00.,03,04,3
2011-03-16 05:00:00,1,0,1,2,12.3,15.91,93,7.0015,0,3,3,11031610.,05AM00.,03,05,3
2011-03-16 06:00:00,1,0,1,2,12.3,15.91,93,7.0015,1,30,31,11031610.,06AM00.,03,06,3
2011-03-16 07:00:00,1,0,1,2,12.3,14.395,93,12.998,10,101,111,11031610.,07AM00.,03,07,3
2011-03-16 08:00:00,1,0,1,2,13.12,15.91,93,0.0,26,227,253,11031610.,08AM00.,03,08,3
2011-03-16 09:00:00,1,0,1,2,13.12,16.665,93,8.9981,10,144,154,11031610.,09AM00.,03,09,3
2011-03-16 10:00:00,1,0,1,2,14.76,17.425,81,11.0014,19,49,68,11031610.,10AM00.,03,10,3
2011-03-16 11:00:00,1,0,1,2,14.76,17.425,81,8.9981,13,62,75,11031610.,11AM00.,03,11,3
2011-03-16 12:00:00,1,0,1,2,16.4,20.455,71,7.0015,23,65,88,11031610.,12PM00.,03,12,3
2011-03-16 13:00:00,1,0,1,2,16.4,20.455,76,8.9981,18,81,99,11031610.,01PM00.,03,13,3
2011-03-16 14:00:00,1,0,1,2,16.4,20.455,76,15.0013,33,67,100,11031610.,02PM00.,03,14,3
2011-03-16 15:00:00,1,0,1,2,16.4,20.455,76,16.9979,22,79,101,11031610.,03PM00.,03,15,3
2011-03-16 16:00:00,1,0,1,2,16.4,20.455,76,11.0014,30,121,151,11031610.,04PM00.,03,16,3
2011-03-16 17:00:00,1,0,1,2,18.04,21.97,54,19.9995,37,216,253,11031610.,05PM00.,03,17,3
2011-03-16 18:00:00,1,0,1,2,18.04,21.97,54,15.0013,26,211,237,11031610.,06PM00.,03,18,3
2011-03-16 19:00:00,1,0,1,2,18.04,21.97,51,22.0028,18,150,168,11031610.,07PM00.,03,19,3
2011-03-16 20:00:00,1,0,1,2,17.22,21.21,54,19.9995,10,111,121,11031610.,08PM00.,03,20,3
2011-03-16 21:00:00,1,0,1,2,17.22,21.21,58,19.0012,3,75,78,11031610.,09PM00.,03,21,3
2011-03-16 22:00:00,1,0,1,2,16.4,20.455,62,26.0027,11,48,59,11031610.,10PM00.,03,22,3
2011-03-16 23:00:00,1,0,1,1,16.4,20.455,65,12.998,9,18,27,11031610.,11PM00.,03,23,3
2011-03-17 00:00:00,1,0,1,1,15.58,19.695,66,16.9979,4,19,23,11031710.,12AM00.,03,00,4
2011-03-17 01:00:00,1,0,1,1,14.76,17.425,71,15.0013,1,11,12,11031710.,01AM00.,03,01,4
2011-03-17 02:00:00,1,0,1,1,13.94,15.15,71,19.9995,3,5,8,11031710.,02AM00.,03,02,4
2011-03-17 03:00:00,1,0,1,1,13.94,16.665,66,11.0014,1,1,2,11031710.,03AM00.,03,03,4
2011-03-17 04:00:00,1,0,1,1,13.94,16.665,71,12.998,0,3,3,11031710.,04AM00.,03,04,4
2011-03-17 05:00:00,1,0,1,1,13.12,16.665,76,7.0015,0,13,13,11031710.,05AM00.,03,05,4
2011-03-17 06:00:00,1,0,1,1,13.12,15.91,76,12.998,4,47,51,11031710.,06AM00.,03,06,4
2011-03-17 07:00:00,1,0,1,1,13.12,16.665,76,8.9981,12,128,140,11031710.,07AM00.,03,07,4
2011-03-17 08:00:00,1,0,1,1,14.76,17.425,66,8.9981,17,282,299,11031710.,08AM00.,03,08,4
2011-03-17 09:00:00,1,0,1,1,16.4,20.455,62,16.9979,23,162,185,11031710.,09AM00.,03,09,4
2011-03-17 10:00:00,1,0,1,1,18.04,21.97,54,22.0028,9,69,78,11031710.,10AM00.,03,10,4
2011-03-17 11:00:00,1,0,1,1,18.04,21.97,54,19.0012,20,66,86,11031710.,11AM00.,03,11,4
2011-03-17 12:00:00,1,0,1,1,20.5,24.24,45,15.0013,24,81,105,11031710.,12PM00.,03,12,4
2011-03-17 13:00:00,1,0,1,2,21.32,25.0,42,6.0032,26,85,111,11031710.,01PM00.,03,13,4
2011-03-17 14:00:00,1,0,1,1,20.5,24.24,45,7.0015,32,87,119,11031710.,02PM00.,03,14,4
2011-03-17 15:00:00,1,0,1,1,21.32,25.0,42,16.9979,30,95,125,11031710.,03PM00.,03,15,4
2011-03-17 16:00:00,1,0,1,1,20.5,24.24,48,19.0012,34,108,142,11031710.,04PM00.,03,16,4
2011-03-17 17:00:00,1,0,1,1,20.5,24.24,42,12.998,48,265,313,11031710.,05PM00.,03,17,4
2011-03-17 18:00:00,1,0,1,2,18.86,22.725,59,11.0014,50,260,310,11031710.,06PM00.,03,18,4
2011-03-17 19:00:00,1,0,1,1,18.04,21.97,58,12.998,18,189,207,11031710.,07PM00.,03,19,4
2011-03-17 20:00:00,1,0,1,1,17.22,21.21,67,15.0013,25,112,137,11031710.,08PM00.,03,20,4
2011-03-17 21:00:00,1,0,1,1,17.22,21.21,62,15.0013,19,119,138,11031710.,09PM00.,03,21,4
2011-03-17 22:00:00,1,0,1,1,16.4,20.455,66,15.0013,17,70,87,11031710.,10PM00.,03,22,4
2011-03-17 23:00:00,1,0,1,1,17.22,21.21,62,19.0012,7,43,50,11031710.,11PM00.,03,23,4
2011-03-18 00:00:00,1,0,1,1,17.22,21.21,58,19.0012,5,24,29,11031810.,12AM00.,03,00,5
2011-03-18 01:00:00,1,0,1,1,16.4,20.455,62,16.9979,4,12,16,11031810.,01AM00.,03,01,5
2011-03-18 02:00:00,1,0,1,1,16.4,20.455,62,12.998,5,9,14,11031810.,02AM00.,03,02,5
2011-03-18 03:00:00,1,0,1,1,14.76,17.425,71,12.998,1,4,5,11031810.,03AM00.,03,03,5
2011-03-18 05:00:00,1,0,1,1,15.58,19.695,66,11.0014,2,8,10,11031810.,05AM00.,03,05,5
2011-03-18 06:00:00,1,0,1,1,16.4,20.455,66,12.998,1,35,36,11031810.,06AM00.,03,06,5
2011-03-18 07:00:00,1,0,1,1,16.4,20.455,66,12.998,11,112,123,11031810.,07AM00.,03,07,5
2011-03-18 08:00:00,1,0,1,1,17.22,21.21,67,16.9979,24,256,280,11031810.,08AM00.,03,08,5
2011-03-18 09:00:00,1,0,1,1,18.86,22.725,63,15.0013,18,192,210,11031810.,09AM00.,03,09,5
2011-03-18 10:00:00,1,0,1,1,21.32,25.0,53,19.0012,43,74,117,11031810.,10AM00.,03,10,5
2011-03-18 11:00:00,1,0,1,1,22.14,25.76,52,19.0012,55,104,159,11031810.,11AM00.,03,11,5
2011-03-18 12:00:00,1,0,1,2,22.96,26.515,49,23.9994,72,123,195,11031810.,12PM00.,03,12,5
2011-03-18 13:00:00,1,0,1,1,26.24,31.06,41,19.0012,57,118,175,11031810.,01PM00.,03,13,5
2011-03-18 14:00:00,1,0,1,1,27.06,31.06,39,16.9979,71,103,174,11031810.,02PM00.,03,14,5
2011-03-18 15:00:00,1,0,1,2,27.88,31.82,39,23.9994,62,111,173,11031810.,03PM00.,03,15,5
2011-03-18 16:00:00,1,0,1,1,27.88,31.82,39,19.0012,67,137,204,11031810.,04PM00.,03,16,5
2011-03-18 17:00:00,1,0,1,1,28.7,31.82,37,22.0028,95,237,332,11031810.,05PM00.,03,17,5
2011-03-18 18:00:00,1,0,1,1,27.88,31.82,39,11.0014,84,247,331,11031810.,06PM00.,03,18,5
2011-03-18 19:00:00,1,0,1,1,27.06,31.06,44,8.9981,58,132,190,11031810.,07PM00.,03,19,5
2011-03-18 20:00:00,1,0,1,1,25.42,31.06,46,8.9981,46,103,149,11031810.,08PM00.,03,20,5
2011-03-18 21:00:00,1,0,1,1,25.42,31.06,46,7.0015,22,91,113,11031810.,09PM00.,03,21,5
2011-03-18 22:00:00,1,0,1,1,25.42,31.06,50,11.0014,55,63,118,11031810.,10PM00.,03,22,5
2011-03-18 23:00:00,1,0,1,2,24.6,31.06,53,15.0013,26,60,86,11031810.,11PM00.,03,23,5
2011-03-19 00:00:00,1,0,0,2,24.6,31.06,53,16.9979,26,50,76,11031910.,12AM00.,03,00,6
2011-03-19 01:00:00,1,0,0,2,23.78,27.275,46,23.9994,16,35,51,11031910.,01AM00.,03,01,6
2011-03-19 02:00:00,1,0,0,2,22.96,26.515,43,15.0013,5,20,25,11031910.,02AM00.,03,02,6
2011-03-19 03:00:00,1,0,0,2,22.14,25.76,39,22.0028,1,7,8,11031910.,03AM00.,03,03,6
2011-03-19 04:00:00,1,0,0,1,21.32,25.0,34,27.9993,1,2,3,11031910.,04AM00.,03,04,6
2011-03-19 05:00:00,1,0,0,1,21.32,25.0,34,27.9993,0,2,2,11031910.,05AM00.,03,05,6
2011-03-19 06:00:00,1,0,0,1,18.04,21.97,44,27.9993,0,10,10,11031910.,06AM00.,03,06,6
2011-03-19 07:00:00,1,0,0,1,16.4,20.455,50,22.0028,4,9,13,11031910.,07AM00.,03,07,6
2011-03-19 08:00:00,1,0,0,1,17.22,21.21,47,32.9975,11,37,48,11031910.,08AM00.,03,08,6
2011-03-19 09:00:00,1,0,0,1,17.22,21.21,44,31.0009,35,41,76,11031910.,09AM00.,03,09,6
2011-03-19 10:00:00,1,0,0,1,18.04,21.97,38,27.9993,55,85,140,11031910.,10AM00.,03,10,6
2011-03-19 11:00:00,1,0,0,1,18.86,22.725,36,30.0026,90,106,196,11031910.,11AM00.,03,11,6
2011-03-19 12:00:00,1,0,0,1,18.86,22.725,33,27.9993,126,141,267,11031910.,12PM00.,03,12,6
2011-03-19 13:00:00,1,0,0,1,20.5,24.24,34,31.0009,174,127,301,11031910.,01PM00.,03,13,6
2011-03-19 14:00:00,1,0,0,1,20.5,24.24,31,32.9975,168,144,312,11031910.,02PM00.,03,14,6
2011-03-19 15:00:00,1,0,0,1,20.5,24.24,29,27.9993,170,143,313,11031910.,03PM00.,03,15,6
2011-03-19 16:00:00,1,0,0,1,20.5,24.24,31,26.0027,175,129,304,11031910.,04PM00.,03,16,6
2011-03-19 17:00:00,1,0,0,1,19.68,23.485,31,22.0028,138,140,278,11031910.,05PM00.,03,17,6
2011-03-19 18:00:00,1,0,0,1,18.86,22.725,31,22.0028,92,125,217,11031910.,06PM00.,03,18,6
2011-03-19 19:00:00,1,0,0,1,18.04,21.97,33,19.0012,38,116,154,11031910.,07PM00.,03,19,6
2011-03-19 20:00:00,1,0,0,1,17.22,21.21,35,15.0013,39,69,108,11031910.,08PM00.,03,20,6
2011-03-19 21:00:00,1,0,0,1,16.4,20.455,37,19.9995,20,73,93,11031910.,09PM00.,03,21,6
2011-03-19 22:00:00,1,0,0,1,16.4,20.455,37,22.0028,27,45,72,11031910.,10PM00.,03,22,6
2011-03-19 23:00:00,1,0,0,1,15.58,19.695,40,19.9995,13,37,50,11031910.,11PM00.,03,23,6
2011-04-01 00:00:00,2,0,1,3,10.66,12.88,100,11.0014,0,6,6,11040110.,12AM00.,04,00,5
2011-04-01 01:00:00,2,0,1,3,10.66,12.88,100,11.0014,0,4,4,11040110.,01AM00.,04,01,5
2011-04-01 02:00:00,2,0,1,3,10.66,12.88,93,12.998,0,7,7,11040110.,02AM00.,04,02,5
2011-04-01 03:00:00,2,0,1,2,9.84,11.365,93,16.9979,0,4,4,11040110.,03AM00.,04,03,5
2011-04-01 04:00:00,2,0,1,2,9.84,11.365,93,16.9979,0,3,3,11040110.,04AM00.,04,04,5
2011-04-01 05:00:00,2,0,1,3,9.84,11.365,93,15.0013,1,11,12,11040110.,05AM00.,04,05,5
2011-04-01 06:00:00,2,0,1,3,9.84,11.365,93,15.0013,2,26,28,11040110.,06AM00.,04,06,5
2011-04-01 07:00:00,2,0,1,3,9.84,12.12,93,0.0,4,91,95,11040110.,07AM00.,04,07,5
2011-04-01 08:00:00,2,0,1,2,10.66,12.12,87,16.9979,8,198,206,11040110.,08AM00.,04,08,5
2011-04-01 09:00:00,2,0,1,1,13.12,14.395,70,23.9994,11,162,173,11040110.,09AM00.,04,09,5
2011-04-01 10:00:00,2,0,1,1,13.12,15.15,66,19.0012,12,63,75,11040110.,10AM00.,04,10,5
2011-04-01 11:00:00,2,0,1,1,13.12,14.395,61,23.9994,17,72,89,11040110.,11AM00.,04,11,5
2011-04-01 12:00:00,2,0,1,1,13.94,15.15,53,23.9994,15,80,95,11040110.,12PM00.,04,12,5
2011-04-01 13:00:00,2,0,1,1,14.76,16.665,50,23.9994,18,92,110,11040110.,01PM00.,04,13,5
2011-04-01 14:00:00,2,0,1,2,14.76,16.665,46,23.9994,26,61,87,11040110.,02PM00.,04,14,5
2011-04-01 15:00:00,2,0,1,1,13.94,15.15,46,27.9993,30,81,111,11040110.,03PM00.,04,15,5
2011-04-01 16:00:00,2,0,1,1,13.94,15.15,46,27.9993,42,125,167,11040110.,04PM00.,04,16,5
2011-04-01 17:00:00,2,0,1,1,13.94,15.15,46,22.0028,36,245,281,11040110.,05PM00.,04,17,5
2011-04-01 18:00:00,2,0,1,1,13.94,15.15,46,22.0028,36,205,241,11040110.,06PM00.,04,18,5
2011-04-01 19:00:00,2,0,1,1,13.94,15.15,49,22.0028,16,120,136,11040110.,07PM00.,04,19,5
2011-04-01 20:00:00,2,0,1,1,13.12,15.91,53,12.998,2,75,77,11040110.,08PM00.,04,20,5
2011-04-01 21:00:00,2,0,1,1,13.12,16.665,53,8.9981,9,84,93,11040110.,09PM00.,04,21,5
2011-04-01 22:00:00,2,0,1,1,12.3,15.15,56,11.0014,10,64,74,11040110.,10PM00.,04,22,5
2011-04-01 23:00:00,2,0,1,1,12.3,15.91,61,6.0032,12,41,53,11040110.,11PM00.,04,23,5
2011-04-02 00:00:00,2,0,0,2,12.3,16.665,61,0.0,3,29,32,11040210.,12AM00.,04,00,6
2011-04-02 01:00:00,2,0,0,1,10.66,13.635,65,8.9981,4,28,32,11040210.,01AM00.,04,01,6
2011-04-02 02:00:00,2,0,0,1,9.84,12.12,75,8.9981,1,20,21,11040210.,02AM00.,04,02,6
2011-04-02 03:00:00,2,0,0,1,9.84,12.12,70,11.0014,1,8,9,11040210.,03AM00.,04,03,6
2011-04-02 04:00:00,2,0,0,1,9.84,12.12,70,11.0014,0,5,5,11040210.,04AM00.,04,04,6
2011-04-02 05:00:00,2,0,0,2,9.84,12.12,75,11.0014,1,4,5,11040210.,05AM00.,04,05,6
2011-04-02 06:00:00,2,0,0,1,10.66,13.635,70,7.0015,5,7,12,11040210.,06AM00.,04,06,6
2011-04-02 07:00:00,2,0,0,2,10.66,13.635,70,7.0015,2,16,18,11040210.,07AM00.,04,07,6
2011-04-02 08:00:00,2,0,0,1,12.3,15.91,70,7.0015,10,45,55,11040210.,08AM00.,04,08,6
2011-04-02 09:00:00,2,0,0,2,13.94,17.425,66,7.0015,22,65,87,11040210.,09AM00.,04,09,6
2011-04-02 10:00:00,2,0,0,2,14.76,17.425,57,11.0014,41,113,154,11040210.,10AM00.,04,10,6
2011-04-02 11:00:00,2,0,0,2,16.4,20.455,47,11.0014,72,126,198,11040210.,11AM00.,04,11,6
2011-04-02 12:00:00,2,0,0,3,13.12,16.665,81,8.9981,84,100,184,11040210.,12PM00.,04,12,6
2011-04-02 13:00:00,2,0,0,1,13.94,16.665,81,8.9981,56,81,137,11040210.,01PM00.,04,13,6
2011-04-02 14:00:00,2,0,0,3,13.12,15.15,76,22.0028,97,93,190,11040210.,02PM00.,04,14,6
2011-04-02 15:00:00,2,0,0,3,13.94,15.15,76,26.0027,72,64,136,11040210.,03PM00.,04,15,6
2011-04-02 16:00:00,2,0,0,1,15.58,19.695,62,22.0028,111,85,196,11040210.,04PM00.,04,16,6
2011-04-02 17:00:00,2,0,0,1,15.58,19.695,54,23.9994,89,95,184,11040210.,05PM00.,04,17,6
2011-04-02 18:00:00,2,0,0,1,15.58,19.695,54,12.998,69,110,179,11040210.,06PM00.,04,18,6
2011-04-02 19:00:00,2,0,0,1,14.76,16.665,53,23.9994,71,77,148,11040210.,07PM00.,04,19,6
2011-04-02 20:00:00,2,0,0,1,13.94,15.91,53,19.0012,29,56,85,11040210.,08PM00.,04,20,6
2011-04-02 21:00:00,2,0,0,1,13.12,15.15,61,16.9979,24,53,77,11040210.,09PM00.,04,21,6
2011-04-02 22:00:00,2,0,0,1,13.12,15.15,61,19.9995,14,41,55,11040210.,10PM00.,04,22,6
2011-04-02 23:00:00,2,0,0,1,13.12,15.91,61,11.0014,20,33,53,11040210.,11PM00.,04,23,6
2011-04-03 00:00:00,2,0,0,1,12.3,14.395,65,12.998,8,31,39,11040310.,12AM00.,04,00,7
2011-04-03 01:00:00,2,0,0,1,12.3,15.91,61,7.0015,8,26,34,11040310.,01AM00.,04,01,7
2011-04-03 02:00:00,2,0,0,1,10.66,13.635,70,8.9981,5,19,24,11040310.,02AM00.,04,02,7
2011-04-03 03:00:00,2,0,0,1,12.3,16.665,61,0.0,3,8,11,11040310.,03AM00.,04,03,7
2011-04-03 04:00:00,2,0,0,1,11.48,15.15,70,6.0032,3,0,3,11040310.,04AM00.,04,04,7
2011-04-03 05:00:00,2,0,0,1,11.48,13.635,65,15.0013,1,4,5,11040310.,05AM00.,04,05,7
2011-04-03 06:00:00,2,0,0,1,11.48,13.635,65,12.998,10,23,33,11040310.,06AM00.,04,06,7
2011-04-03 07:00:00,2,0,0,1,13.12,15.15,57,15.0013,13,20,33,11040310.,07AM00.,04,07,7
2011-04-03 08:00:00,2,0,0,1,13.94,16.665,57,11.0014,18,44,62,11040310.,08AM00.,04,08,7
2011-04-03 09:00:00,2,0,0,1,14.76,15.91,50,32.9975,68,74,142,11040310.,09AM00.,04,09,7
2011-04-03 10:00:00,2,0,0,1,16.4,20.455,43,27.9993,111,104,215,11040310.,10AM00.,04,10,7
2011-04-03 11:00:00,2,0,0,1,17.22,21.21,41,16.9979,139,104,243,11040310.,11AM00.,04,11,7
2011-04-03 12:00:00,2,0,0,1,18.04,21.97,38,19.0012,166,147,313,11040310.,12PM00.,04,12,7
2011-04-03 13:00:00,2,0,0,1,18.04,21.97,33,19.9995,219,148,367,11040310.,01PM00.,04,13,7
2011-04-03 14:00:00,2,0,0,1,18.86,22.725,31,8.9981,240,109,349,11040310.,02PM00.,04,14,7
2011-04-03 15:00:00,2,0,0,2,18.86,22.725,33,0.0,174,118,292,11040310.,03PM00.,04,15,7
2011-04-03 16:00:00,2,0,0,2,18.86,22.725,31,12.998,147,156,303,11040310.,04PM00.,04,16,7
2011-04-03 17:00:00,2,0,0,2,18.86,22.725,28,8.9981,148,126,274,11040310.,05PM00.,04,17,7
2011-04-03 18:00:00,2,0,0,2,18.86,22.725,31,0.0,71,101,172,11040310.,06PM00.,04,18,7
2011-04-03 19:00:00,2,0,0,2,17.22,21.21,44,12.998,51,93,144,11040310.,07PM00.,04,19,7
2011-04-03 20:00:00,2,0,0,3,17.22,21.21,41,15.0013,24,55,79,11040310.,08PM00.,04,20,7
2011-04-03 21:00:00,2,0,0,2,17.22,21.21,44,15.0013,8,37,45,11040310.,09PM00.,04,21,7
2011-04-03 22:00:00,2,0,0,1,16.4,20.455,43,7.0015,7,29,36,11040310.,10PM00.,04,22,7
2011-04-03 23:00:00,2,0,0,1,16.4,20.455,50,6.0032,9,22,31,11040310.,11PM00.,04,23,7
2011-04-04 00:00:00,2,0,1,1,16.4,20.455,50,15.0013,1,5,6,11040410.,12AM00.,04,00,1
2011-04-04 01:00:00,2,0,1,1,16.4,20.455,56,23.9994,7,4,11,11040410.,01AM00.,04,01,1
2011-04-04 02:00:00,2,0,1,1,15.58,19.695,66,16.9979,1,1,2,11040410.,02AM00.,04,02,1
2011-04-04 03:00:00,2,0,1,1,15.58,19.695,66,19.0012,1,0,1,11040410.,03AM00.,04,03,1
2011-04-04 04:00:00,2,0,1,1,15.58,19.695,71,19.9995,1,1,2,11040410.,04AM00.,04,04,1
2011-04-04 05:00:00,2,0,1,1,16.4,20.455,62,16.9979,0,7,7,11040410.,05AM00.,04,05,1
2011-04-04 06:00:00,2,0,1,1,17.22,21.21,58,19.0012,3,43,46,11040410.,06AM00.,04,06,1
2011-04-04 07:00:00,2,0,1,2,18.04,21.97,54,16.9979,7,150,157,11040410.,07AM00.,04,07,1
2011-04-04 08:00:00,2,0,1,2,18.86,22.725,55,19.9995,31,308,339,11040410.,08AM00.,04,08,1
2011-04-04 09:00:00,2,0,1,2,20.5,24.24,51,26.0027,24,134,158,11040410.,09AM00.,04,09,1
2011-04-04 10:00:00,2,0,1,2,22.14,25.76,45,23.9994,35,55,90,11040410.,10AM00.,04,10,1
2011-04-04 11:00:00,2,0,1,1,24.6,31.06,40,26.0027,58,66,124,11040410.,11AM00.,04,11,1
2011-04-04 12:00:00,2,0,1,1,26.24,31.06,36,31.0009,59,98,157,11040410.,12PM00.,04,12,1
2011-04-04 13:00:00,2,0,1,1,27.88,31.82,34,22.0028,47,92,139,11040410.,01PM00.,04,13,1
2011-04-04 14:00:00,2,0,1,2,30.34,32.575,27,32.9975,47,76,123,11040410.,02PM00.,04,14,1
2011-04-04 15:00:00,2,0,1,1,31.16,33.335,23,36.9974,47,96,143,11040410.,03PM00.,04,15,1
2011-04-04 16:00:00,2,0,1,1,31.16,32.575,22,35.0008,59,130,189,11040410.,04PM00.,04,16,1
2011-04-04 17:00:00,2,0,1,1,30.34,32.575,23,40.9973,83,283,366,11040410.,05PM00.,04,17,1
2011-04-04 18:00:00,2,0,1,2,29.52,31.82,23,32.9975,78,308,386,11040410.,06PM00.,04,18,1
2011-04-04 19:00:00,2,0,1,1,28.7,31.82,24,31.0009,51,227,278,11040410.,07PM00.,04,19,1
2011-04-04 20:00:00,2,0,1,2,28.7,31.82,24,36.9974,40,133,173,11040410.,08PM00.,04,20,1
2011-04-04 21:00:00,2,0,1,2,28.7,31.82,30,30.0026,19,76,95,11040410.,09PM00.,04,21,1
2011-04-04 22:00:00,2,0,1,2,27.88,31.82,36,31.0009,17,58,75,11040410.,10PM00.,04,22,1
2011-04-04 23:00:00,2,0,1,2,26.24,31.06,47,15.0013,18,30,48,11040410.,11PM00.,04,23,1
2011-04-05 00:00:00,2,0,1,1,25.42,31.06,50,7.0015,10,12,22,11040510.,12AM00.,04,00,2
2011-04-05 01:00:00,2,0,1,3,25.42,31.06,57,27.9993,10,5,15,11040510.,01AM00.,04,01,2
2011-04-05 02:00:00,2,0,1,2,22.14,25.76,73,22.0028,0,5,5,11040510.,02AM00.,04,02,2
2011-04-05 03:00:00,2,0,1,2,22.14,25.76,73,22.0028,1,3,4,11040510.,03AM00.,04,03,2
2011-04-05 04:00:00,2,0,1,3,20.5,24.24,88,32.9975,0,2,2,11040510.,04AM00.,04,04,2
2011-04-05 05:00:00,2,0,1,3,18.86,22.725,94,19.9995,0,5,5,11040510.,05AM00.,04,05,2
2011-04-05 06:00:00,2,0,1,2,19.68,23.485,88,22.0028,2,36,38,11040510.,06AM00.,04,06,2
2011-04-05 07:00:00,2,0,1,2,19.68,23.485,88,22.0028,10,124,134,11040510.,07AM00.,04,07,2
2011-04-05 08:00:00,2,0,1,3,15.58,19.695,87,39.0007,9,148,157,11040510.,08AM00.,04,08,2
2011-04-05 09:00:00,2,0,1,3,14.76,15.91,87,32.9975,2,44,46,11040510.,09AM00.,04,09,2
2011-04-05 10:00:00,2,0,1,3,13.94,15.15,81,26.0027,3,25,28,11040510.,10AM00.,04,10,2
2011-04-05 11:00:00,2,0,1,3,13.12,14.395,81,30.0026,1,18,19,11040510.,11AM00.,04,11,2
2011-04-05 12:00:00,2,0,1,2,13.94,15.15,71,26.0027,6,32,38,11040510.,12PM00.,04,12,2
2011-04-05 13:00:00,2,0,1,2,14.76,16.665,63,27.9993,5,51,56,11040510.,01PM00.,04,13,2
2011-04-05 14:00:00,2,0,1,2,14.76,15.91,57,32.9975,9,67,76,11040510.,02PM00.,04,14,2
2011-04-05 15:00:00,2,0,1,1,16.4,20.455,46,31.0009,6,62,68,11040510.,03PM00.,04,15,2
2011-04-05 16:00:00,2,0,1,1,15.58,19.695,46,27.9993,17,113,130,11040510.,04PM00.,04,16,2
2011-04-05 17:00:00,2,0,1,1,17.22,21.21,38,27.9993,27,246,273,11040510.,05PM00.,04,17,2
2011-04-05 18:00:00,2,0,1,1,15.58,19.695,40,32.9975,19,248,267,11040510.,06PM00.,04,18,2
2011-04-05 19:00:00,2,0,1,1,14.76,16.665,43,19.9995,12,148,160,11040510.,07PM00.,04,19,2
2011-04-05 20:00:00,2,0,1,1,13.94,15.91,46,19.0012,4,87,91,11040510.,08PM00.,04,20,2
2011-04-05 21:00:00,2,0,1,1,13.94,14.395,46,35.0008,8,81,89,11040510.,09PM00.,04,21,2
2011-04-05 22:00:00,2,0,1,1,13.12,15.15,49,19.9995,3,43,46,11040510.,10PM00.,04,22,2
2011-04-05 23:00:00,2,0,1,1,12.3,14.395,49,19.0012,3,23,26,11040510.,11PM00.,04,23,2
2011-04-06 00:00:00,2,0,1,1,12.3,15.91,49,7.0015,0,15,15,11040610.,12AM00.,04,00,3
2011-04-06 01:00:00,2,0,1,1,10.66,13.635,60,8.9981,0,2,2,11040610.,01AM00.,04,01,3
2011-04-06 02:00:00,2,0,1,1,9.84,12.12,70,8.9981,0,5,5,11040610.,02AM00.,04,02,3
2011-04-06 03:00:00,2,0,1,1,10.66,13.635,60,8.9981,0,4,4,11040610.,03AM00.,04,03,3
2011-04-06 04:00:00,2,0,1,1,9.84,12.12,65,8.9981,0,1,1,11040610.,04AM00.,04,04,3
2011-04-06 05:00:00,2,0,1,1,9.84,12.88,70,7.0015,1,12,13,11040610.,05AM00.,04,05,3
2011-04-06 06:00:00,2,0,1,1,9.84,12.88,70,7.0015,4,52,56,11040610.,06AM00.,04,06,3
2011-04-06 07:00:00,2,0,1,1,10.66,13.635,65,7.0015,3,130,133,11040610.,07AM00.,04,07,3
2011-04-06 08:00:00,2,0,1,1,13.12,15.15,61,15.0013,17,308,325,11040610.,08AM00.,04,08,3
2011-04-06 09:00:00,2,0,1,1,14.76,16.665,46,16.9979,8,157,165,11040610.,09AM00.,04,09,3
2011-04-06 10:00:00,2,0,1,1,16.4,20.455,37,26.0027,21,48,69,11040610.,10AM00.,04,10,3
2011-04-06 11:00:00,2,0,1,1,17.22,21.21,38,26.0027,23,70,93,11040610.,11AM00.,04,11,3
2011-04-06 12:00:00,2,0,1,1,18.04,21.97,41,16.9979,22,112,134,11040610.,12PM00.,04,12,3
2011-04-06 13:00:00,2,0,1,1,18.86,22.725,38,32.9975,29,83,112,11040610.,01PM00.,04,13,3
2011-04-06 14:00:00,2,0,1,1,20.5,24.24,34,27.9993,35,80,115,11040610.,02PM00.,04,14,3
2011-04-06 15:00:00,2,0,1,1,21.32,25.0,32,22.0028,34,83,117,11040610.,03PM00.,04,15,3
2011-04-06 16:00:00,2,0,1,1,22.14,25.76,28,27.9993,27,142,169,11040610.,04PM00.,04,16,3
2011-04-06 17:00:00,2,0,1,1,21.32,25.0,32,30.0026,53,303,356,11040610.,05PM00.,04,17,3
2011-04-06 18:00:00,2,0,1,1,21.32,25.0,29,23.9994,43,282,325,11040610.,06PM00.,04,18,3
2011-04-06 19:00:00,2,0,1,1,20.5,24.24,31,19.9995,36,196,232,11040610.,07PM00.,04,19,3
2011-04-06 20:00:00,2,0,1,1,18.86,22.725,51,15.0013,15,126,141,11040610.,08PM00.,04,20,3
2011-04-06 21:00:00,2,0,1,1,18.86,22.725,41,19.0012,18,84,102,11040610.,09PM00.,04,21,3
2011-04-06 22:00:00,2,0,1,1,18.86,22.725,41,19.0012,13,71,84,11040610.,10PM00.,04,22,3
2011-04-06 23:00:00,2,0,1,1,18.86,22.725,41,19.9995,11,29,40,11040610.,11PM00.,04,23,3
2011-04-07 00:00:00,2,0,1,1,18.86,22.725,41,19.0012,5,15,20,11040710.,12AM00.,04,00,4
2011-04-07 01:00:00,2,0,1,1,17.22,21.21,47,8.9981,2,11,13,11040710.,01AM00.,04,01,4
2011-04-07 02:00:00,2,0,1,1,17.22,21.21,54,0.0,0,7,7,11040710.,02AM00.,04,02,4
2011-04-07 03:00:00,2,0,1,1,14.76,17.425,66,12.998,0,3,3,11040710.,03AM00.,04,03,4
2011-04-07 04:00:00,2,0,1,1,13.94,16.665,76,12.998,0,1,1,11040710.,04AM00.,04,04,4
2011-04-07 05:00:00,2,0,1,1,13.94,15.91,76,15.0013,0,6,6,11040710.,05AM00.,04,05,4
2011-04-07 06:00:00,2,0,1,1,13.12,15.15,81,16.9979,5,59,64,11040710.,06AM00.,04,06,4
2011-04-07 07:00:00,2,0,1,2,13.94,16.665,76,11.0014,8,152,160,11040710.,07AM00.,04,07,4
2011-04-07 08:00:00,2,0,1,1,14.76,17.425,76,12.998,23,291,314,11040710.,08AM00.,04,08,4
2011-04-07 09:00:00,2,0,1,2,16.4,20.455,66,8.9981,15,155,170,11040710.,09AM00.,04,09,4
2011-04-07 10:00:00,2,0,1,2,17.22,21.21,67,7.0015,29,66,95,11040710.,10AM00.,04,10,4
2011-04-07 11:00:00,2,0,1,2,18.86,22.725,55,0.0,36,86,122,11040710.,11AM00.,04,11,4
2011-04-07 12:00:00,2,0,1,2,18.86,22.725,55,0.0,39,114,153,11040710.,12PM00.,04,12,4
2011-04-07 13:00:00,2,0,1,2,21.32,25.0,48,6.0032,36,99,135,11040710.,01PM00.,04,13,4
2011-04-07 14:00:00,2,0,1,1,22.96,26.515,43,6.0032,46,111,157,11040710.,02PM00.,04,14,4
2011-04-07 15:00:00,2,0,1,1,24.6,31.06,38,7.0015,27,133,160,11040710.,03PM00.,04,15,4
2011-04-07 16:00:00,2,0,1,1,24.6,31.06,35,0.0,52,161,213,11040710.,04PM00.,04,16,4
2011-04-07 17:00:00,2,0,1,1,21.32,25.0,52,19.0012,63,280,343,11040710.,05PM00.,04,17,4
2011-04-07 18:00:00,2,0,1,1,19.68,23.485,55,16.9979,68,265,333,11040710.,06PM00.,04,18,4
2011-04-07 19:00:00,2,0,1,1,18.86,22.725,59,19.9995,34,192,226,11040710.,07PM00.,04,19,4
2011-04-07 20:00:00,2,0,1,1,18.04,21.97,62,11.0014,37,166,203,11040710.,08PM00.,04,20,4
2011-04-07 21:00:00,2,0,1,2,18.04,21.97,67,19.0012,19,89,108,11040710.,09PM00.,04,21,4
2011-04-07 22:00:00,2,0,1,2,16.4,20.455,76,12.998,18,63,81,11040710.,10PM00.,04,22,4
2011-04-07 23:00:00,2,0,1,1,15.58,19.695,76,16.9979,9,45,54,11040710.,11PM00.,04,23,4
2011-04-08 00:00:00,2,0,1,2,14.76,17.425,76,15.0013,4,21,25,11040810.,12AM00.,04,00,5
2011-04-08 01:00:00,2,0,1,2,13.94,16.665,76,8.9981,3,6,9,11040810.,01AM00.,04,01,5
2011-04-08 02:00:00,2,0,1,3,13.94,16.665,76,11.0014,3,10,13,11040810.,02AM00.,04,02,5
2011-04-08 03:00:00,2,0,1,3,13.94,16.665,76,11.0014,0,1,1,11040810.,03AM00.,04,03,5
2011-04-08 04:00:00,2,0,1,2,13.94,16.665,86,8.9981,0,1,1,11040810.,04AM00.,04,04,5
2011-04-08 05:00:00,2,0,1,2,13.12,15.91,87,12.998,1,8,9,11040810.,05AM00.,04,05,5
2011-04-08 06:00:00,2,0,1,2,13.94,18.18,87,0.0,2,33,35,11040810.,06AM00.,04,06,5
2011-04-08 07:00:00,2,0,1,3,13.94,16.665,87,11.0014,4,109,113,11040810.,07AM00.,04,07,5
2011-04-08 08:00:00,2,0,1,3,13.94,16.665,87,11.0014,13,208,221,11040810.,08AM00.,04,08,5
2011-04-08 09:00:00,2,0,1,2,14.76,17.425,76,12.998,17,168,185,11040810.,09AM00.,04,09,5
2011-04-08 10:00:00,2,0,1,2,14.76,16.665,71,19.0012,10,63,73,11040810.,10AM00.,04,10,5
2011-04-08 11:00:00,2,0,1,2,16.4,20.455,62,26.0027,19,79,98,11040810.,11AM00.,04,11,5
2011-04-08 12:00:00,2,0,1,3,15.58,19.695,66,15.0013,29,51,80,11040810.,12PM00.,04,12,5
2011-04-08 13:00:00,2,0,1,3,14.76,16.665,76,19.0012,7,35,42,11040810.,01PM00.,04,13,5
2011-04-08 14:00:00,2,0,1,3,13.94,15.91,87,15.0013,2,13,15,11040810.,02PM00.,04,14,5
2011-04-08 15:00:00,2,0,1,3,13.94,15.91,87,15.0013,1,24,25,11040810.,03PM00.,04,15,5
2011-04-08 16:00:00,2,0,1,2,13.12,15.15,93,16.9979,2,58,60,11040810.,04PM00.,04,16,5
2011-04-08 17:00:00,2,0,1,3,13.12,15.15,93,16.9979,10,138,148,11040810.,05PM00.,04,17,5
2011-04-08 18:00:00,2,0,1,3,13.12,15.15,93,16.9979,8,54,62,11040810.,06PM00.,04,18,5
2011-04-08 19:00:00,2,0,1,3,12.3,13.635,93,27.9993,1,52,53,11040810.,07PM00.,04,19,5
2011-04-08 20:00:00,2,0,1,2,12.3,13.635,93,22.0028,12,51,63,11040810.,08PM00.,04,20,5
2011-04-08 21:00:00,2,0,1,2,12.3,14.395,93,16.9979,11,43,54,11040810.,09PM00.,04,21,5
2011-04-08 22:00:00,2,0,1,2,12.3,13.635,93,19.9995,9,42,51,11040810.,10PM00.,04,22,5
2011-04-08 23:00:00,2,0,1,2,12.3,14.395,93,15.0013,4,31,35,11040810.,11PM00.,04,23,5
2011-04-09 00:00:00,2,0,0,2,12.3,14.395,87,15.0013,5,26,31,11040910.,12AM00.,04,00,6
2011-04-09 01:00:00,2,0,0,2,12.3,15.15,87,8.9981,3,17,20,11040910.,01AM00.,04,01,6
2011-04-09 02:00:00,2,0,0,2,13.12,15.15,87,15.0013,2,15,17,11040910.,02AM00.,04,02,6
2011-04-09 03:00:00,2,0,0,3,12.3,14.395,100,16.9979,3,11,14,11040910.,03AM00.,04,03,6
2011-04-09 04:00:00,2,0,0,3,12.3,13.635,100,16.9979,0,3,3,11040910.,04AM00.,04,04,6
2011-04-09 05:00:00,2,0,0,2,12.3,14.395,93,15.0013,0,5,5,11040910.,05AM00.,04,05,6
2011-04-09 06:00:00,2,0,0,2,12.3,14.395,93,12.998,0,13,13,11040910.,06AM00.,04,06,6
2011-04-09 07:00:00,2,0,0,2,12.3,15.15,93,11.0014,8,13,21,11040910.,07AM00.,04,07,6
2011-04-09 08:00:00,2,0,0,2,13.12,15.15,93,11.0014,7,47,54,11040910.,08AM00.,04,08,6
2011-04-09 09:00:00,2,0,0,2,13.94,17.425,87,7.0015,27,71,98,11040910.,09AM00.,04,09,6
2011-04-09 10:00:00,2,0,0,2,13.94,16.665,87,8.9981,43,90,133,11040910.,10AM00.,04,10,6
2011-04-09 11:00:00,2,0,0,2,14.76,18.18,81,0.0,51,91,142,11040910.,11AM00.,04,11,6
2011-04-09 12:00:00,2,0,0,2,14.76,17.425,81,8.9981,79,123,202,11040910.,12PM00.,04,12,6
2011-04-09 13:00:00,2,0,0,2,14.76,18.94,81,0.0,114,108,222,11040910.,01PM00.,04,13,6
2011-04-09 14:00:00,2,0,0,2,14.76,17.425,81,8.9981,94,118,212,11040910.,02PM00.,04,14,6
2011-04-09 15:00:00,2,0,0,2,14.76,18.94,87,0.0,85,116,201,11040910.,03PM00.,04,15,6
2011-04-09 16:00:00,2,0,0,2,15.58,19.695,82,0.0,73,118,191,11040910.,04PM00.,04,16,6
2011-04-09 17:00:00,2,0,0,2,15.58,19.695,82,6.0032,128,129,257,11040910.,05PM00.,04,17,6
2011-04-09 18:00:00,2,0,0,2,15.58,19.695,82,7.0015,48,129,177,11040910.,06PM00.,04,18,6
2011-04-09 19:00:00,2,0,0,2,15.58,19.695,82,8.9981,47,83,130,11040910.,07PM00.,04,19,6
2011-04-09 20:00:00,2,0,0,2,15.58,19.695,87,11.0014,19,74,93,11040910.,08PM00.,04,20,6
2011-04-09 21:00:00,2,0,0,2,14.76,17.425,93,8.9981,10,65,75,11040910.,09PM00.,04,21,6
2011-04-09 22:00:00,2,0,0,2,14.76,17.425,93,8.9981,21,66,87,11040910.,10PM00.,04,22,6
2011-04-09 23:00:00,2,0,0,2,15.58,19.695,87,6.0032,12,45,57,11040910.,11PM00.,04,23,6
2011-04-10 00:00:00,2,0,0,2,15.58,19.695,87,6.0032,5,48,53,11041010.,12AM00.,04,00,7
2011-04-10 01:00:00,2,0,0,2,15.58,19.695,87,8.9981,6,31,37,11041010.,01AM00.,04,01,7
2011-04-10 02:00:00,2,0,0,2,15.58,19.695,87,6.0032,12,24,36,11041010.,02AM00.,04,02,7
2011-04-10 03:00:00,2,0,0,2,15.58,19.695,87,8.9981,5,11,16,11041010.,03AM00.,04,03,7
2011-04-10 04:00:00,2,0,0,2,14.76,18.18,93,7.0015,3,2,5,11041010.,04AM00.,04,04,7
2011-04-10 05:00:00,2,0,0,2,14.76,18.18,93,6.0032,0,4,4,11041010.,05AM00.,04,05,7
2011-04-10 06:00:00,2,0,0,2,14.76,18.18,93,6.0032,0,4,4,11041010.,06AM00.,04,06,7
2011-04-10 07:00:00,2,0,0,2,14.76,18.18,100,6.0032,3,7,10,11041010.,07AM00.,04,07,7
2011-04-10 08:00:00,2,0,0,2,15.58,19.695,94,6.0032,17,38,55,11041010.,08AM00.,04,08,7
2011-04-10 09:00:00,2,0,0,2,15.58,19.695,94,8.9981,31,50,81,11041010.,09AM00.,04,09,7
2011-04-10 10:00:00,2,0,0,2,16.4,20.455,87,0.0,69,81,150,11041010.,10AM00.,04,10,7
2011-04-10 11:00:00,2,0,0,2,16.4,20.455,87,8.9981,93,109,202,11041010.,11AM00.,04,11,7
2011-04-10 12:00:00,2,0,0,2,17.22,21.21,88,8.9981,94,136,230,11041010.,12PM00.,04,12,7
2011-04-10 13:00:00,2,0,0,1,18.86,22.725,82,7.0015,121,142,263,11041010.,01PM00.,04,13,7
2011-04-10 14:00:00,2,0,0,1,20.5,24.24,72,12.998,148,133,281,11041010.,02PM00.,04,14,7
2011-04-10 15:00:00,2,0,0,1,20.5,24.24,77,15.0013,156,141,297,11041010.,03PM00.,04,15,7
2011-04-10 16:00:00,2,0,0,2,21.32,25.0,72,11.0014,135,153,288,11041010.,04PM00.,04,16,7
2011-04-10 17:00:00,2,0,0,2,21.32,25.0,72,12.998,84,152,236,11041010.,05PM00.,04,17,7
2011-04-10 18:00:00,2,0,0,1,20.5,24.24,77,12.998,103,137,240,11041010.,06PM00.,04,18,7
2011-04-10 19:00:00,2,0,0,1,20.5,24.24,77,12.998,47,84,131,11041010.,07PM00.,04,19,7
2011-04-10 20:00:00,2,0,0,1,18.86,22.725,82,8.9981,21,71,92,11041010.,08PM00.,04,20,7
2011-04-10 21:00:00,2,0,0,1,18.04,21.97,88,12.998,18,77,95,11041010.,09PM00.,04,21,7
2011-04-10 22:00:00,2,0,0,1,18.04,21.97,94,16.9979,12,45,57,11041010.,10PM00.,04,22,7
2011-04-10 23:00:00,2,0,0,1,18.86,22.725,88,23.9994,5,27,32,11041010.,11PM00.,04,23,7
2011-04-11 00:00:00,2,0,1,1,19.68,23.485,88,22.0028,7,16,23,11041110.,12AM00.,04,00,1
2011-04-11 01:00:00,2,0,1,1,18.86,22.725,94,19.0012,1,3,4,11041110.,01AM00.,04,01,1
2011-04-11 02:00:00,2,0,1,1,18.86,22.725,94,19.0012,7,2,9,11041110.,02AM00.,04,02,1
2011-04-11 04:00:00,2,0,1,1,18.86,22.725,94,12.998,0,1,1,11041110.,04AM00.,04,04,1
2011-04-11 05:00:00,2,0,1,1,18.86,22.725,94,12.998,1,12,13,11041110.,05AM00.,04,05,1
2011-04-11 06:00:00,2,0,1,2,18.86,22.725,100,15.0013,2,59,61,11041110.,06AM00.,04,06,1
2011-04-11 07:00:00,2,0,1,2,20.5,24.24,88,15.0013,12,164,176,11041110.,07AM00.,04,07,1
2011-04-11 08:00:00,2,0,1,2,21.32,25.0,88,19.0012,28,286,314,11041110.,08AM00.,04,08,1
2011-04-11 09:00:00,2,0,1,2,22.96,26.515,83,19.0012,33,132,165,11041110.,09AM00.,04,09,1
2011-04-11 10:00:00,2,0,1,2,22.96,26.515,83,19.9995,41,55,96,11041110.,10AM00.,04,10,1
2011-04-11 11:00:00,2,0,1,2,24.6,29.545,73,19.9995,45,59,104,11041110.,11AM00.,04,11,1
2011-04-11 12:00:00,2,0,1,2,24.6,29.545,73,22.0028,37,97,134,11041110.,12PM00.,04,12,1
2011-04-11 13:00:00,2,0,1,2,26.24,30.305,69,27.9993,62,77,139,11041110.,01PM00.,04,13,1
2011-04-11 14:00:00,2,0,1,2,29.52,33.335,54,23.9994,60,85,145,11041110.,02PM00.,04,14,1
2011-04-11 15:00:00,2,0,1,1,30.34,33.335,48,35.0008,56,85,141,11041110.,03PM00.,04,15,1
2011-04-11 16:00:00,2,0,1,1,30.34,33.335,48,35.0008,73,162,235,11041110.,04PM00.,04,16,1
2011-04-11 17:00:00,2,0,1,1,30.34,33.335,48,35.0008,100,352,452,11041110.,05PM00.,04,17,1
2011-04-11 18:00:00,2,0,1,1,29.52,33.335,51,26.0027,93,290,383,11041110.,06PM00.,04,18,1
2011-04-11 19:00:00,2,0,1,1,29.52,33.335,51,30.0026,73,211,284,11041110.,07PM00.,04,19,1
2011-04-11 20:00:00,2,0,1,1,27.88,31.82,57,35.0008,44,122,166,11041110.,08PM00.,04,20,1
2011-04-11 21:00:00,2,0,1,1,27.06,31.06,61,16.9979,39,119,158,11041110.,09PM00.,04,21,1
2011-04-11 22:00:00,2,0,1,2,26.24,31.06,50,19.0012,25,66,91,11041110.,10PM00.,04,22,1
2011-04-11 23:00:00,2,0,1,3,23.78,27.275,60,0.0,16,38,54,11041110.,11PM00.,04,23,1
2011-04-12 00:00:00,2,0,1,2,25.42,31.06,50,7.0015,11,13,24,11041210.,12AM00.,04,00,2
2011-04-12 01:00:00,2,0,1,2,25.42,31.06,50,6.0032,6,7,13,11041210.,01AM00.,04,01,2
2011-04-12 02:00:00,2,0,1,2,24.6,31.06,53,8.9981,7,7,14,11041210.,02AM00.,04,02,2
2011-04-12 03:00:00,2,0,1,2,23.78,27.275,56,8.9981,0,1,1,11041210.,03AM00.,04,03,2
2011-04-12 04:00:00,2,0,1,2,22.96,26.515,64,8.9981,4,2,6,11041210.,04AM00.,04,04,2
2011-04-12 05:00:00,2,0,1,2,22.14,25.76,68,8.9981,1,15,16,11041210.,05AM00.,04,05,2
2011-04-12 06:00:00,2,0,1,2,22.14,25.76,68,19.0012,3,55,58,11041210.,06AM00.,04,06,2
2011-04-12 07:00:00,2,0,1,2,22.14,25.76,68,15.0013,12,177,189,11041210.,07AM00.,04,07,2
2011-04-12 08:00:00,2,0,1,3,19.68,23.485,88,26.0027,15,211,226,11041210.,08AM00.,04,08,2
2011-04-12 09:00:00,2,0,1,3,18.86,22.725,94,32.9975,4,50,54,11041210.,09AM00.,04,09,2
2011-04-12 10:00:00,2,0,1,3,20.5,24.24,82,27.9993,6,34,40,11041210.,10AM00.,04,10,2
2011-04-12 11:00:00,2,0,1,1,21.32,25.0,77,23.9994,11,38,49,11041210.,11AM00.,04,11,2
2011-04-12 12:00:00,2,0,1,2,22.96,26.515,64,31.0009,9,83,92,11041210.,12PM00.,04,12,2
2011-04-12 13:00:00,2,0,1,3,22.14,25.76,68,19.0012,22,84,106,11041210.,01PM00.,04,13,2
2011-04-12 14:00:00,2,0,1,2,20.5,24.24,82,19.0012,16,28,44,11041210.,02PM00.,04,14,2
2011-04-12 15:00:00,2,0,1,2,19.68,23.485,77,35.0008,24,54,78,11041210.,03PM00.,04,15,2
2011-04-12 16:00:00,2,0,1,2,19.68,23.485,77,26.0027,19,80,99,11041210.,04PM00.,04,16,2
2011-04-12 17:00:00,2,0,1,3,18.04,21.97,77,15.0013,29,262,291,11041210.,05PM00.,04,17,2
2011-04-12 18:00:00,2,0,1,3,18.04,21.97,77,15.0013,21,203,224,11041210.,06PM00.,04,18,2
2011-04-12 19:00:00,2,0,1,2,17.22,21.21,82,19.0012,3,127,130,11041210.,07PM00.,04,19,2
2011-04-12 20:00:00,2,0,1,2,17.22,21.21,82,19.0012,9,94,103,11041210.,08PM00.,04,20,2
2011-04-12 21:00:00,2,0,1,2,17.22,21.21,82,12.998,10,74,84,11041210.,09PM00.,04,21,2
2011-04-12 22:00:00,2,0,1,2,16.4,20.455,94,19.9995,7,47,54,11041210.,10PM00.,04,22,2
2011-04-12 23:00:00,2,0,1,2,16.4,20.455,94,16.9979,8,31,39,11041210.,11PM00.,04,23,2
2011-04-13 00:00:00,2,0,1,2,16.4,20.455,100,19.9995,3,12,15,11041310.,12AM00.,04,00,3
2011-04-13 01:00:00,2,0,1,2,16.4,20.455,100,19.9995,0,1,1,11041310.,01AM00.,04,01,3
2011-04-13 02:00:00,2,0,1,3,16.4,20.455,100,19.9995,0,2,2,11041310.,02AM00.,04,02,3
2011-04-13 03:00:00,2,0,1,3,16.4,20.455,94,22.0028,0,2,2,11041310.,03AM00.,04,03,3
2011-04-13 04:00:00,2,0,1,3,16.4,20.455,94,22.0028,1,2,3,11041310.,04AM00.,04,04,3
2011-04-13 05:00:00,2,0,1,3,15.58,19.695,94,16.9979,1,4,5,11041310.,05AM00.,04,05,3
2011-04-13 06:00:00,2,0,1,3,15.58,19.695,94,15.0013,1,33,34,11041310.,06AM00.,04,06,3
2011-04-13 07:00:00,2,0,1,3,14.76,17.425,100,15.0013,3,67,70,11041310.,07AM00.,04,07,3
2011-04-13 08:00:00,2,0,1,3,15.58,19.695,94,12.998,6,158,164,11041310.,08AM00.,04,08,3
2011-04-13 09:00:00,2,0,1,2,15.58,19.695,94,15.0013,2,63,65,11041310.,09AM00.,04,09,3
2011-04-13 10:00:00,2,0,1,2,16.4,20.455,87,12.998,4,42,46,11041310.,10AM00.,04,10,3
2011-04-13 11:00:00,2,0,1,2,17.22,21.21,82,12.998,4,57,61,11041310.,11AM00.,04,11,3
2011-04-13 12:00:00,2,0,1,3,17.22,21.21,82,16.9979,12,83,95,11041310.,12PM00.,04,12,3
2011-04-13 13:00:00,2,0,1,2,18.04,21.97,77,12.998,6,55,61,11041310.,01PM00.,04,13,3
2011-04-13 14:00:00,2,0,1,2,17.22,21.21,77,16.9979,24,82,106,11041310.,02PM00.,04,14,3
2011-04-13 15:00:00,2,0,1,2,18.04,21.97,72,19.0012,12,69,81,11041310.,03PM00.,04,15,3
2011-04-13 16:00:00,2,0,1,1,18.86,22.725,67,19.0012,23,119,142,11041310.,04PM00.,04,16,3
2011-04-13 17:00:00,2,0,1,1,18.86,22.725,67,19.9995,25,284,309,11041310.,05PM00.,04,17,3
2011-04-13 18:00:00,2,0,1,1,18.04,21.97,62,26.0027,28,293,321,11041310.,06PM00.,04,18,3
2011-04-13 19:00:00,2,0,1,1,18.04,21.97,62,16.9979,15,160,175,11041310.,07PM00.,04,19,3
2011-04-13 20:00:00,2,0,1,1,18.04,21.97,62,16.9979,7,119,126,11041310.,08PM00.,04,20,3
2011-04-13 21:00:00,2,0,1,1,17.22,21.21,67,11.0014,17,100,117,11041310.,09PM00.,04,21,3
2011-04-13 22:00:00,2,0,1,1,17.22,21.21,67,12.998,10,89,99,11041310.,10PM00.,04,22,3
2011-04-13 23:00:00,2,0,1,1,16.4,20.455,71,8.9981,5,57,62,11041310.,11PM00.,04,23,3
2011-04-14 00:00:00,2,0,1,1,15.58,19.695,76,8.9981,3,18,21,11041410.,12AM00.,04,00,4
2011-04-14 01:00:00,2,0,1,1,15.58,19.695,76,15.0013,1,9,10,11041410.,01AM00.,04,01,4
2011-04-14 02:00:00,2,0,1,1,14.76,17.425,76,8.9981,0,3,3,11041410.,02AM00.,04,02,4
2011-04-14 03:00:00,2,0,1,1,13.94,16.665,81,8.9981,0,2,2,11041410.,03AM00.,04,03,4
2011-04-14 04:00:00,2,0,1,1,13.94,18.18,76,0.0,1,8,9,11041410.,04AM00.,04,04,4
2011-04-14 05:00:00,2,0,1,1,13.94,17.425,76,6.0032,2,12,14,11041410.,05AM00.,04,05,4
2011-04-14 06:00:00,2,0,1,1,13.94,17.425,76,7.0015,4,66,70,11041410.,06AM00.,04,06,4
2011-04-14 07:00:00,2,0,1,1,15.58,19.695,66,0.0,11,182,193,11041410.,07AM00.,04,07,4
2011-04-14 08:00:00,2,0,1,1,17.22,21.21,58,11.0014,21,316,337,11041410.,08AM00.,04,08,4
2011-04-14 09:00:00,2,0,1,1,18.86,22.725,51,8.9981,18,152,170,11041410.,09AM00.,04,09,4
2011-04-14 10:00:00,2,0,1,1,20.5,24.24,51,12.998,21,68,89,11041410.,10AM00.,04,10,4
2011-04-14 11:00:00,2,0,1,1,21.32,25.0,45,11.0014,28,87,115,11041410.,11AM00.,04,11,4
2011-04-14 12:00:00,2,0,1,1,22.14,25.76,42,8.9981,35,110,145,11041410.,12PM00.,04,12,4
2011-04-14 13:00:00,2,0,1,1,22.96,26.515,37,15.0013,38,121,159,11041410.,01PM00.,04,13,4
2011-04-14 14:00:00,2,0,1,1,22.96,26.515,35,6.0032,36,101,137,11041410.,02PM00.,04,14,4
2011-04-14 15:00:00,2,0,1,1,24.6,31.06,31,6.0032,57,85,142,11041410.,03PM00.,04,15,4
2011-04-14 16:00:00,2,0,1,1,24.6,30.305,26,7.0015,49,153,202,11041410.,04PM00.,04,16,4
2011-04-14 17:00:00,2,0,1,1,24.6,30.305,28,0.0,50,338,388,11041410.,05PM00.,04,17,4
2011-04-14 18:00:00,2,0,1,1,22.96,26.515,30,0.0,47,290,337,11041410.,06PM00.,04,18,4
2011-04-14 19:00:00,2,0,1,1,22.14,25.76,32,0.0,37,222,259,11041410.,07PM00.,04,19,4
2011-04-14 20:00:00,2,0,1,1,20.5,24.24,51,12.998,22,147,169,11041410.,08PM00.,04,20,4
2011-04-14 21:00:00,2,0,1,1,18.86,22.725,63,8.9981,19,126,145,11041410.,09PM00.,04,21,4
2011-04-14 22:00:00,2,0,1,1,19.68,23.485,55,7.0015,22,82,104,11041410.,10PM00.,04,22,4
2011-04-14 23:00:00,2,0,1,1,18.86,22.725,59,7.0015,7,40,47,11041410.,11PM00.,04,23,4
2011-04-15 00:00:00,2,1,0,1,18.04,21.97,67,0.0,6,21,27,11041510.,12AM00.,04,00,5
2011-04-15 01:00:00,2,1,0,1,18.04,21.97,62,0.0,6,9,15,11041510.,01AM00.,04,01,5
2011-04-15 02:00:00,2,1,0,1,16.4,20.455,76,0.0,8,10,18,11041510.,02AM00.,04,02,5
2011-04-15 03:00:00,2,1,0,1,16.4,20.455,76,0.0,0,3,3,11041510.,03AM00.,04,03,5
2011-04-15 04:00:00,2,1,0,1,15.58,19.695,82,6.0032,0,3,3,11041510.,04AM00.,04,04,5
2011-04-15 05:00:00,2,1,0,1,14.76,18.18,81,7.0015,2,11,13,11041510.,05AM00.,04,05,5
2011-04-15 06:00:00,2,1,0,1,14.76,18.18,81,6.0032,5,42,47,11041510.,06AM00.,04,06,5
2011-04-15 07:00:00,2,1,0,1,16.4,20.455,71,11.0014,10,139,149,11041510.,07AM00.,04,07,5
2011-04-15 08:00:00,2,1,0,1,18.04,21.97,62,19.9995,21,279,300,11041510.,08AM00.,04,08,5
2011-04-15 09:00:00,2,1,0,1,20.5,24.24,55,12.998,16,162,178,11041510.,09AM00.,04,09,5
2011-04-15 10:00:00,2,1,0,1,20.5,24.24,55,12.998,31,91,122,11041510.,10AM00.,04,10,5
2011-04-15 11:00:00,2,1,0,1,21.32,25.0,55,12.998,41,95,136,11041510.,11AM00.,04,11,5
2011-04-15 12:00:00,2,1,0,1,21.32,25.0,55,19.0012,45,155,200,11041510.,12PM00.,04,12,5
2011-04-15 13:00:00,2,1,0,1,22.14,25.76,52,16.9979,47,133,180,11041510.,01PM00.,04,13,5
2011-04-15 14:00:00,2,1,0,1,22.14,25.76,52,16.9979,57,106,163,11041510.,02PM00.,04,14,5
2011-04-15 15:00:00,2,1,0,1,22.14,25.76,52,30.0026,50,112,162,11041510.,03PM00.,04,15,5
2011-04-15 16:00:00,2,1,0,1,21.32,25.0,55,32.9975,70,173,243,11041510.,04PM00.,04,16,5
2011-04-15 17:00:00,2,1,0,2,20.5,24.24,63,26.0027,64,267,331,11041510.,05PM00.,04,17,5
2011-04-15 18:00:00,2,1,0,2,18.86,22.725,67,26.0027,47,216,263,11041510.,06PM00.,04,18,5
2011-04-15 19:00:00,2,1,0,1,17.22,21.21,77,26.0027,41,168,209,11041510.,07PM00.,04,19,5
2011-04-15 20:00:00,2,1,0,2,16.4,20.455,76,22.0028,26,92,118,11041510.,08PM00.,04,20,5
2011-04-15 21:00:00,2,1,0,2,16.4,20.455,76,19.9995,25,77,102,11041510.,09PM00.,04,21,5
2011-04-15 22:00:00,2,1,0,2,15.58,19.695,82,26.0027,16,64,80,11041510.,10PM00.,04,22,5
2011-04-15 23:00:00,2,1,0,2,14.76,17.425,81,12.998,8,56,64,11041510.,11PM00.,04,23,5
2011-04-16 00:00:00,2,0,0,2,14.76,17.425,81,15.0013,7,36,43,11041610.,12AM00.,04,00,6
2011-04-16 01:00:00,2,0,0,2,14.76,16.665,87,19.0012,5,28,33,11041610.,01AM00.,04,01,6
2011-04-16 02:00:00,2,0,0,2,14.76,17.425,87,8.9981,5,19,24,11041610.,02AM00.,04,02,6
2011-04-16 03:00:00,2,0,0,2,14.76,17.425,87,11.0014,5,9,14,11041610.,03AM00.,04,03,6
2011-04-16 04:00:00,2,0,0,2,14.76,17.425,87,15.0013,1,4,5,11041610.,04AM00.,04,04,6
2011-04-16 05:00:00,2,0,0,2,15.58,19.695,87,19.0012,1,3,4,11041610.,05AM00.,04,05,6
2011-04-16 06:00:00,2,0,0,3,16.4,20.455,82,22.0028,1,9,10,11041610.,06AM00.,04,06,6
2011-04-16 07:00:00,2,0,0,2,16.4,20.455,82,27.9993,3,18,21,11041610.,07AM00.,04,07,6
2011-04-16 08:00:00,2,0,0,3,16.4,20.455,87,23.9994,7,38,45,11041610.,08AM00.,04,08,6
2011-04-16 09:00:00,2,0,0,3,16.4,20.455,100,19.9995,2,27,29,11041610.,09AM00.,04,09,6
2011-04-16 10:00:00,2,0,0,3,17.22,21.21,94,26.0027,1,21,22,11041610.,10AM00.,04,10,6
2011-04-16 11:00:00,2,0,0,3,17.22,21.21,94,30.0026,4,27,31,11041610.,11AM00.,04,11,6
2011-04-16 12:00:00,2,0,0,2,18.86,22.725,88,39.0007,6,26,32,11041610.,12PM00.,04,12,6
2011-04-16 13:00:00,2,0,0,3,18.86,22.725,94,35.0008,9,49,58,11041610.,01PM00.,04,13,6
2011-04-16 14:00:00,2,0,0,3,21.32,25.0,83,39.0007,14,49,63,11041610.,02PM00.,04,14,6
2011-04-16 15:00:00,2,0,0,3,21.32,25.0,83,39.0007,16,62,78,11041610.,03PM00.,04,15,6
2011-04-16 16:00:00,2,0,0,3,20.5,24.24,88,31.0009,6,27,33,11041610.,04PM00.,04,16,6
2011-04-16 17:00:00,2,0,0,3,20.5,24.24,88,39.0007,1,14,15,11041610.,05PM00.,04,17,6
2011-04-16 18:00:00,2,0,0,2,20.5,24.24,94,26.0027,6,32,38,11041610.,06PM00.,04,18,6
2011-04-16 19:00:00,2,0,0,2,21.32,25.0,94,27.9993,9,62,71,11041610.,07PM00.,04,19,6
2011-04-16 20:00:00,2,0,0,3,18.04,21.97,94,15.0013,4,49,53,11041610.,08PM00.,04,20,6
2011-04-16 21:00:00,2,0,0,2,18.04,21.97,94,0.0,1,13,14,11041610.,09PM00.,04,21,6
2011-04-16 22:00:00,2,0,0,3,17.22,21.21,100,0.0,2,22,24,11041610.,10PM00.,04,22,6
2011-04-16 23:00:00,2,0,0,2,18.04,21.97,77,19.0012,5,30,35,11041610.,11PM00.,04,23,6
2011-04-17 00:00:00,2,0,0,2,18.04,21.97,77,19.0012,4,29,33,11041710.,12AM00.,04,00,7
2011-04-17 01:00:00,2,0,0,1,17.22,21.21,67,15.0013,6,25,31,11041710.,01AM00.,04,01,7
2011-04-17 02:00:00,2,0,0,1,16.4,20.455,62,12.998,4,25,29,11041710.,02AM00.,04,02,7
2011-04-17 03:00:00,2,0,0,1,16.4,20.455,66,8.9981,12,13,25,11041710.,03AM00.,04,03,7
2011-04-17 04:00:00,2,0,0,1,14.76,18.18,76,7.0015,2,5,7,11041710.,04AM00.,04,04,7
2011-04-17 05:00:00,2,0,0,1,14.76,17.425,71,11.0014,2,1,3,11041710.,05AM00.,04,05,7
2011-04-17 06:00:00,2,0,0,1,14.76,15.91,66,30.0026,3,5,8,11041710.,06AM00.,04,06,7
2011-04-17 07:00:00,2,0,0,1,14.76,16.665,50,23.9994,2,14,16,11041710.,07AM00.,04,07,7
2011-04-17 08:00:00,2,0,0,1,15.58,19.695,46,26.0027,7,36,43,11041710.,08AM00.,04,08,7
2011-04-17 09:00:00,2,0,0,1,16.4,20.455,43,19.0012,31,71,102,11041710.,09AM00.,04,09,7
2011-04-17 10:00:00,2,0,0,1,17.22,21.21,44,30.0026,91,120,211,11041710.,10AM00.,04,10,7
2011-04-17 11:00:00,2,0,0,1,18.86,22.725,41,27.9993,119,185,304,11041710.,11AM00.,04,11,7
2011-04-17 12:00:00,2,0,0,1,18.86,22.725,38,26.0027,167,187,354,11041710.,12PM00.,04,12,7
2011-04-17 13:00:00,2,0,0,1,20.5,24.24,34,26.0027,181,162,343,11041710.,01PM00.,04,13,7
2011-04-17 14:00:00,2,0,0,1,21.32,25.0,34,26.0027,170,191,361,11041710.,02PM00.,04,14,7
2011-04-17 15:00:00,2,0,0,1,22.14,25.76,32,35.0008,179,209,388,11041710.,03PM00.,04,15,7
2011-04-17 16:00:00,2,0,0,1,22.14,25.76,30,23.9994,161,182,343,11041710.,04PM00.,04,16,7
2011-04-17 17:00:00,2,0,0,1,22.96,26.515,30,30.0026,143,163,306,11041710.,05PM00.,04,17,7
2011-04-17 18:00:00,2,0,0,1,22.96,26.515,30,26.0027,102,175,277,11041710.,06PM00.,04,18,7
2011-04-17 19:00:00,2,0,0,1,22.96,26.515,30,19.9995,75,135,210,11041710.,07PM00.,04,19,7
2011-04-17 20:00:00,2,0,0,1,21.32,25.0,36,12.998,44,97,141,11041710.,08PM00.,04,20,7
2011-04-17 21:00:00,2,0,0,1,20.5,24.24,42,12.998,13,70,83,11041710.,09PM00.,04,21,7
2011-04-17 22:00:00,2,0,0,1,20.5,24.24,39,7.0015,21,49,70,11041710.,10PM00.,04,22,7
2011-04-17 23:00:00,2,0,0,1,18.04,21.97,67,11.0014,19,37,56,11041710.,11PM00.,04,23,7
2011-04-18 00:00:00,2,0,1,1,18.86,22.725,47,6.0032,15,24,39,11041810.,12AM00.,04,00,1
2011-04-18 01:00:00,2,0,1,1,18.86,22.725,47,8.9981,11,8,19,11041810.,01AM00.,04,01,1
2011-04-18 02:00:00,2,0,1,1,17.22,21.21,67,7.0015,14,2,16,11041810.,02AM00.,04,02,1
2011-04-18 03:00:00,2,0,1,1,17.22,21.21,62,7.0015,6,1,7,11041810.,03AM00.,04,03,1
2011-04-18 04:00:00,2,0,1,1,16.4,20.455,87,11.0014,2,4,6,11041810.,04AM00.,04,04,1
2011-04-18 05:00:00,2,0,1,1,16.4,20.455,76,6.0032,0,16,16,11041810.,05AM00.,04,05,1
2011-04-18 06:00:00,2,0,1,1,16.4,20.455,82,0.0,3,51,54,11041810.,06AM00.,04,06,1
2011-04-18 07:00:00,2,0,1,1,18.86,22.725,63,0.0,12,156,168,11041810.,07AM00.,04,07,1
2011-04-18 08:00:00,2,0,1,1,18.86,22.725,63,0.0,20,277,297,11041810.,08AM00.,04,08,1
2011-04-18 09:00:00,2,0,1,2,20.5,24.24,55,7.0015,37,132,169,11041810.,09AM00.,04,09,1
2011-04-18 10:00:00,2,0,1,2,21.32,25.0,55,7.0015,41,68,109,11041810.,10AM00.,04,10,1
2011-04-18 11:00:00,2,0,1,2,22.14,25.76,52,6.0032,36,87,123,11041810.,11AM00.,04,11,1
2011-04-18 12:00:00,2,0,1,2,22.96,26.515,49,6.0032,60,124,184,11041810.,12PM00.,04,12,1
2011-04-18 13:00:00,2,0,1,2,22.96,26.515,49,11.0014,41,128,169,11041810.,01PM00.,04,13,1
2011-04-18 14:00:00,2,0,1,2,23.78,27.275,49,12.998,49,95,144,11041810.,02PM00.,04,14,1
2011-04-18 15:00:00,2,0,1,2,24.6,31.06,43,12.998,64,112,176,11041810.,03PM00.,04,15,1
2011-04-18 16:00:00,2,0,1,1,24.6,31.06,46,19.0012,40,165,205,11041810.,04PM00.,04,16,1
2011-04-18 17:00:00,2,0,1,1,23.78,27.275,49,19.0012,66,362,428,11041810.,05PM00.,04,17,1
2011-04-18 18:00:00,2,0,1,1,26.24,31.06,31,23.9994,41,321,362,11041810.,06PM00.,04,18,1
2011-04-18 19:00:00,2,0,1,1,22.96,26.515,46,16.9979,42,244,286,11041810.,07PM00.,04,19,1
2011-04-18 20:00:00,2,0,1,1,24.6,31.06,33,19.9995,29,136,165,11041810.,08PM00.,04,20,1
2011-04-18 21:00:00,2,0,1,1,22.96,26.515,37,19.0012,20,131,151,11041810.,09PM00.,04,21,1
2011-04-18 22:00:00,2,0,1,1,21.32,25.0,55,19.0012,9,81,90,11041810.,10PM00.,04,22,1
2011-04-18 23:00:00,2,0,1,1,20.5,24.24,59,16.9979,11,35,46,11041810.,11PM00.,04,23,1
2011-04-19 00:00:00,2,0,1,1,20.5,24.24,55,15.0013,2,23,25,11041910.,12AM00.,04,00,2
2011-04-19 01:00:00,2,0,1,1,18.86,22.725,63,15.0013,5,2,7,11041910.,01AM00.,04,01,2
2011-04-19 02:00:00,2,0,1,1,18.86,22.725,67,19.0012,8,5,13,11041910.,02AM00.,04,02,2
2011-04-19 03:00:00,2,0,1,1,19.68,23.485,63,15.0013,0,3,3,11041910.,03AM00.,04,03,2
2011-04-19 04:00:00,2,0,1,1,18.86,22.725,67,6.0032,1,4,5,11041910.,04AM00.,04,04,2
2011-04-19 05:00:00,2,0,1,2,18.86,22.725,72,12.998,1,17,18,11041910.,05AM00.,04,05,2
2011-04-19 06:00:00,2,0,1,2,19.68,23.485,67,0.0,2,63,65,11041910.,06AM00.,04,06,2
2011-04-19 07:00:00,2,0,1,2,21.32,25.0,55,0.0,22,166,188,11041910.,07AM00.,04,07,2
2011-04-19 08:00:00,2,0,1,2,20.5,24.24,68,8.9981,20,331,351,11041910.,08AM00.,04,08,2
2011-04-19 09:00:00,2,0,1,3,21.32,25.0,63,6.0032,23,139,162,11041910.,09AM00.,04,09,2
2011-04-19 10:00:00,2,0,1,2,20.5,24.24,72,15.0013,15,60,75,11041910.,10AM00.,04,10,2
2011-04-19 11:00:00,2,0,1,2,22.14,25.76,68,11.0014,19,53,72,11041910.,11AM00.,04,11,2
2011-04-19 12:00:00,2,0,1,2,22.14,25.76,64,6.0032,19,84,103,11041910.,12PM00.,04,12,2
2011-04-19 13:00:00,2,0,1,2,22.14,25.76,68,15.0013,26,103,129,11041910.,01PM00.,04,13,2
2011-04-19 14:00:00,2,0,1,2,22.14,25.76,64,12.998,19,88,107,11041910.,02PM00.,04,14,2
2011-04-19 15:00:00,2,0,1,2,22.14,25.76,65,11.0014,44,83,127,11041910.,03PM00.,04,15,2
2011-04-19 16:00:00,2,0,1,1,22.96,26.515,52,19.9995,30,162,192,11041910.,04PM00.,04,16,2
2011-04-19 17:00:00,2,0,1,1,22.96,26.515,60,7.0015,39,372,411,11041910.,05PM00.,04,17,2
2011-04-19 18:00:00,2,0,1,2,22.14,25.76,64,8.9981,44,377,421,11041910.,06PM00.,04,18,2
2011-04-19 19:00:00,2,0,1,2,20.5,24.24,72,12.998,28,248,276,11041910.,07PM00.,04,19,2
2011-04-19 20:00:00,2,0,1,2,20.5,24.24,72,15.0013,20,148,168,11041910.,08PM00.,04,20,2
2011-04-19 21:00:00,2,0,1,2,20.5,24.24,72,8.9981,8,114,122,11041910.,09PM00.,04,21,2
2011-04-19 22:00:00,2,0,1,1,19.68,23.485,77,6.0032,3,109,112,11041910.,10PM00.,04,22,2
2011-04-19 23:00:00,2,0,1,1,18.86,22.725,88,6.0032,11,41,52,11041910.,11PM00.,04,23,2
2011-05-01 00:00:00,2,0,0,1,17.22,21.21,67,6.0032,19,77,96,11050110.,12AM00.,05,00,7
2011-05-01 01:00:00,2,0,0,1,17.22,21.21,69,7.0015,9,50,59,11050110.,01AM00.,05,01,7
2011-05-01 02:00:00,2,0,0,1,17.22,21.21,77,7.0015,7,43,50,11050110.,02AM00.,05,02,7
2011-05-01 03:00:00,2,0,0,1,16.4,20.455,82,7.0015,8,15,23,11050110.,03AM00.,05,03,7
2011-05-01 04:00:00,2,0,0,1,16.4,20.455,76,7.0015,6,11,17,11050110.,04AM00.,05,04,7
2011-05-01 05:00:00,2,0,0,1,16.4,20.455,82,6.0032,0,10,10,11050110.,05AM00.,05,05,7
2011-05-01 06:00:00,2,0,0,2,16.4,20.455,82,6.0032,4,9,13,11050110.,06AM00.,05,06,7
2011-05-01 07:00:00,2,0,0,2,17.22,21.21,77,6.0032,7,26,33,11050110.,07AM00.,05,07,7
2011-05-01 08:00:00,2,0,0,2,18.04,21.97,77,8.9981,16,43,59,11050110.,08AM00.,05,08,7
2011-05-01 09:00:00,2,0,0,2,18.86,22.725,72,8.9981,45,96,141,11050110.,09AM00.,05,09,7
2011-05-01 10:00:00,2,0,0,2,19.68,23.485,63,12.998,109,155,264,11050110.,10AM00.,05,10,7
2011-05-01 11:00:00,2,0,0,1,18.86,22.725,82,7.0015,109,141,250,11050110.,11AM00.,05,11,7
2011-05-01 12:00:00,2,0,0,2,19.68,23.485,77,7.0015,109,172,281,11050110.,12PM00.,05,12,7
2011-05-01 13:00:00,2,0,0,2,20.5,24.24,63,11.0014,123,209,332,11050110.,01PM00.,05,13,7
2011-05-01 14:00:00,2,0,0,2,20.5,24.24,68,7.0015,85,153,238,11050110.,02PM00.,05,14,7
2011-05-01 15:00:00,2,0,0,2,20.5,24.24,72,0.0,113,153,266,11050110.,03PM00.,05,15,7
2011-05-01 16:00:00,2,0,0,2,20.5,24.24,72,12.998,75,139,214,11050110.,04PM00.,05,16,7
2011-05-01 17:00:00,2,0,0,2,19.68,23.485,82,16.9979,60,136,196,11050110.,05PM00.,05,17,7
2011-05-01 18:00:00,2,0,0,2,18.86,22.725,82,6.0032,33,126,159,11050110.,06PM00.,05,18,7
2011-05-01 19:00:00,2,0,0,2,18.86,22.725,84,7.0015,47,131,178,11050110.,07PM00.,05,19,7
2011-05-01 20:00:00,2,0,0,2,18.86,22.725,82,0.0,35,86,121,11050110.,08PM00.,05,20,7
2011-05-01 21:00:00,2,0,0,2,18.86,22.725,82,0.0,23,82,105,11050110.,09PM00.,05,21,7
2011-05-01 22:00:00,2,0,0,2,18.86,22.725,82,0.0,32,68,100,11050110.,10PM00.,05,22,7
2011-05-01 23:00:00,2,0,0,1,18.86,22.725,77,12.998,64,82,146,11050110.,11PM00.,05,23,7
2011-05-02 00:00:00,2,0,1,1,18.86,22.725,72,8.9981,68,109,177,11050210.,12AM00.,05,00,1
2011-05-02 01:00:00,2,0,1,1,18.86,22.725,72,8.9981,41,73,114,11050210.,01AM00.,05,01,1
2011-05-02 02:00:00,2,0,1,2,18.04,21.97,77,15.0013,16,19,35,11050210.,02AM00.,05,02,1
2011-05-02 03:00:00,2,0,1,1,18.04,21.97,77,8.9981,9,7,16,11050210.,03AM00.,05,03,1
2011-05-02 04:00:00,2,0,1,1,18.04,21.97,77,11.0014,9,8,17,11050210.,04AM00.,05,04,1
2011-05-02 05:00:00,2,0,1,2,18.04,21.97,77,8.9981,4,16,20,11050210.,05AM00.,05,05,1
2011-05-02 06:00:00,2,0,1,1,18.04,21.97,88,7.0015,3,59,62,11050210.,06AM00.,05,06,1
2011-05-02 07:00:00,2,0,1,2,18.86,22.725,82,22.0028,16,193,209,11050210.,07AM00.,05,07,1
2011-05-02 08:00:00,2,0,1,2,19.68,23.485,77,15.0013,21,350,371,11050210.,08AM00.,05,08,1
2011-05-02 09:00:00,2,0,1,2,20.5,24.24,77,19.0012,41,131,172,11050210.,09AM00.,05,09,1
2011-05-02 10:00:00,2,0,1,2,22.14,25.76,77,15.0013,31,77,108,11050210.,10AM00.,05,10,1
2011-05-02 11:00:00,2,0,1,1,23.78,27.275,73,19.9995,34,96,130,11050210.,11AM00.,05,11,1
2011-05-02 12:00:00,2,0,1,1,25.42,30.305,69,15.0013,40,147,187,11050210.,12PM00.,05,12,1
2011-05-02 13:00:00,2,0,1,2,25.42,30.305,69,12.998,51,119,170,11050210.,01PM00.,05,13,1
2011-05-02 14:00:00,2,0,1,1,26.24,30.305,69,15.0013,48,133,181,11050210.,02PM00.,05,14,1
2011-05-02 15:00:00,2,0,1,1,27.06,31.06,61,12.998,45,110,155,11050210.,03PM00.,05,15,1
2011-05-02 16:00:00,2,0,1,1,27.06,31.06,61,15.0013,49,220,269,11050210.,04PM00.,05,16,1
2011-05-02 17:00:00,2,0,1,1,27.06,31.06,65,12.998,65,472,537,11050210.,05PM00.,05,17,1
2011-05-02 18:00:00,2,0,1,2,26.24,30.305,65,12.998,68,450,518,11050210.,06PM00.,05,18,1
2011-05-02 19:00:00,2,0,1,2,25.42,30.305,69,8.9981,46,268,314,11050210.,07PM00.,05,19,1
2011-05-02 20:00:00,2,0,1,2,25.42,30.305,69,8.9981,44,174,218,11050210.,08PM00.,05,20,1
2011-05-02 21:00:00,2,0,1,2,24.6,29.545,73,7.0015,54,178,232,11050210.,09PM00.,05,21,1
2011-05-02 22:00:00,2,0,1,2,24.6,29.545,73,0.0,28,97,125,11050210.,10PM00.,05,22,1
2011-05-02 23:00:00,2,0,1,2,22.96,26.515,83,12.998,16,48,64,11050210.,11PM00.,05,23,1
2011-05-03 00:00:00,2,0,1,2,22.96,26.515,83,15.0013,0,16,16,11050310.,12AM00.,05,00,2
2011-05-03 01:00:00,2,0,1,2,22.96,26.515,78,16.9979,0,14,14,11050310.,01AM00.,05,01,2
2011-05-03 02:00:00,2,0,1,2,22.96,26.515,78,16.9979,0,5,5,11050310.,02AM00.,05,02,2
2011-05-03 03:00:00,2,0,1,1,22.14,25.76,83,19.0012,0,2,2,11050310.,03AM00.,05,03,2
2011-05-03 04:00:00,2,0,1,1,21.32,25.0,88,15.0013,3,1,4,11050310.,04AM00.,05,04,2
2011-05-03 05:00:00,2,0,1,1,21.32,25.0,88,8.9981,0,14,14,11050310.,05AM00.,05,05,2
2011-05-03 06:00:00,2,0,1,2,21.32,25.0,94,11.0014,7,102,109,11050310.,06AM00.,05,06,2
2011-05-03 07:00:00,2,0,1,2,22.14,25.76,88,15.0013,17,248,265,11050310.,07AM00.,05,07,2
2011-05-03 08:00:00,2,0,1,2,22.96,26.515,83,19.0012,24,435,459,11050310.,08AM00.,05,08,2
2011-05-03 09:00:00,2,0,1,2,24.6,28.79,78,23.9994,29,157,186,11050310.,09AM00.,05,09,2
2011-05-03 10:00:00,2,0,1,2,26.24,30.305,69,23.9994,36,91,127,11050310.,10AM00.,05,10,2
2011-05-03 11:00:00,2,0,1,2,27.06,31.06,65,22.0028,20,120,140,11050310.,11AM00.,05,11,2
2011-05-03 12:00:00,2,0,1,2,27.88,31.82,61,32.9975,48,169,217,11050310.,12PM00.,05,12,2
2011-05-03 13:00:00,2,0,1,2,28.7,32.575,58,40.9973,50,144,194,11050310.,01PM00.,05,13,2
2011-05-03 14:00:00,2,0,1,2,28.7,32.575,58,35.0008,36,122,158,11050310.,02PM00.,05,14,2
2011-05-03 15:00:00,2,0,1,2,28.7,32.575,58,30.0026,37,117,154,11050310.,03PM00.,05,15,2
2011-05-03 16:00:00,2,0,1,1,29.52,33.335,54,31.0009,46,225,271,11050310.,04PM00.,05,16,2
2011-05-03 17:00:00,2,0,1,1,28.7,32.575,54,31.0009,53,464,517,11050310.,05PM00.,05,17,2
2011-05-03 18:00:00,2,0,1,1,28.7,32.575,48,27.9993,59,485,544,11050310.,06PM00.,05,18,2
2011-05-03 19:00:00,2,0,1,1,27.88,31.82,57,23.9994,42,323,365,11050310.,07PM00.,05,19,2
2011-05-03 20:00:00,2,0,1,1,27.06,31.06,61,12.998,28,262,290,11050310.,08PM00.,05,20,2
2011-05-03 21:00:00,2,0,1,2,26.24,31.06,61,30.0026,42,183,225,11050310.,09PM00.,05,21,2
2011-05-03 22:00:00,2,0,1,2,23.78,27.275,60,26.0027,14,99,113,11050310.,10PM00.,05,22,2
2011-05-03 23:00:00,2,0,1,2,22.96,26.515,68,22.0028,12,50,62,11050310.,11PM00.,05,23,2
2011-05-04 00:00:00,2,0,1,3,21.32,25.0,77,11.0014,5,22,27,11050410.,12AM00.,05,00,3
2011-05-04 01:00:00,2,0,1,3,20.5,24.24,82,19.0012,1,6,7,11050410.,01AM00.,05,01,3
2011-05-04 02:00:00,2,0,1,3,20.5,24.24,82,19.0012,0,4,4,11050410.,02AM00.,05,02,3
2011-05-04 03:00:00,2,0,1,3,17.22,21.21,88,35.0008,0,1,1,11050410.,03AM00.,05,03,3
2011-05-04 04:00:00,2,0,1,3,15.58,19.695,94,22.0028,1,2,3,11050410.,04AM00.,05,04,3
2011-05-04 05:00:00,2,0,1,3,14.76,16.665,87,22.0028,1,8,9,11050410.,05AM00.,05,05,3
2011-05-04 06:00:00,2,0,1,3,13.94,15.15,93,26.0027,0,21,21,11050410.,06AM00.,05,06,3
2011-05-04 07:00:00,2,0,1,3,13.94,15.15,93,23.9994,6,46,52,11050410.,07AM00.,05,07,3
2011-05-04 08:00:00,2,0,1,3,13.94,15.15,93,26.0027,5,74,79,11050410.,08AM00.,05,08,3
2011-05-04 09:00:00,2,0,1,3,13.94,15.15,93,23.9994,5,35,40,11050410.,09AM00.,05,09,3
2011-05-04 10:00:00,2,0,1,2,13.94,15.91,93,19.0012,5,26,31,11050410.,10AM00.,05,10,3
2011-05-04 11:00:00,2,0,1,1,16.4,20.455,82,22.0028,3,69,72,11050410.,11AM00.,05,11,3
2011-05-04 12:00:00,2,0,1,2,18.04,21.97,62,23.9994,19,105,124,11050410.,12PM00.,05,12,3
2011-05-04 13:00:00,2,0,1,2,18.86,22.725,59,30.0026,15,128,143,11050410.,01PM00.,05,13,3
2011-05-04 14:00:00,2,0,1,1,20.5,24.24,51,26.0027,13,94,107,11050410.,02PM00.,05,14,3
2011-05-04 15:00:00,2,0,1,1,19.68,23.485,51,27.9993,22,107,129,11050410.,03PM00.,05,15,3
2011-05-04 16:00:00,2,0,1,1,20.5,24.24,45,31.0009,22,173,195,11050410.,04PM00.,05,16,3
2011-05-04 17:00:00,2,0,1,1,16.4,20.455,71,16.9979,22,388,410,11050410.,05PM00.,05,17,3
2011-05-04 18:00:00,2,0,1,1,17.22,21.21,67,16.9979,29,367,396,11050410.,06PM00.,05,18,3
2011-05-04 19:00:00,2,0,1,1,17.22,21.21,58,23.9994,30,266,296,11050410.,07PM00.,05,19,3
2011-05-04 20:00:00,2,0,1,1,16.4,20.455,62,22.0028,17,174,191,11050410.,08PM00.,05,20,3
2011-05-04 21:00:00,2,0,1,1,16.4,20.455,62,11.0014,17,133,150,11050410.,09PM00.,05,21,3
2011-05-04 22:00:00,2,0,1,1,15.58,19.695,62,15.0013,9,80,89,11050410.,10PM00.,05,22,3
2011-05-04 23:00:00,2,0,1,1,14.76,17.425,62,15.0013,8,49,57,11050410.,11PM00.,05,23,3
2011-05-05 00:00:00,2,0,1,1,14.76,17.425,66,12.998,4,23,27,11050510.,12AM00.,05,00,4
2011-05-05 01:00:00,2,0,1,1,13.94,16.665,71,12.998,4,6,10,11050510.,01AM00.,05,01,4
2011-05-05 02:00:00,2,0,1,1,13.94,15.91,66,15.0013,1,4,5,11050510.,02AM00.,05,02,4
2011-05-05 03:00:00,2,0,1,1,13.94,15.91,66,16.9979,0,4,4,11050510.,03AM00.,05,03,4
2011-05-05 04:00:00,2,0,1,1,13.94,15.91,66,16.9979,4,3,7,11050510.,04AM00.,05,04,4
2011-05-05 05:00:00,2,0,1,1,13.94,15.91,66,16.9979,1,29,30,11050510.,05AM00.,05,05,4
2011-05-05 06:00:00,2,0,1,1,13.94,15.91,66,16.9979,3,86,89,11050510.,06AM00.,05,06,4
2011-05-05 07:00:00,2,0,1,1,15.58,19.695,58,16.9979,16,255,271,11050510.,07AM00.,05,07,4
2011-05-05 08:00:00,2,0,1,1,17.22,21.21,50,16.9979,25,415,440,11050510.,08AM00.,05,08,4
2011-05-05 09:00:00,2,0,1,1,18.86,22.725,44,19.0012,20,164,184,11050510.,09AM00.,05,09,4
2011-05-05 10:00:00,2,0,1,1,20.5,24.24,39,19.0012,30,98,128,11050510.,10AM00.,05,10,4
2011-05-05 11:00:00,2,0,1,1,21.32,25.0,36,30.0026,43,105,148,11050510.,11AM00.,05,11,4
2011-05-05 12:00:00,2,0,1,1,21.32,25.0,34,23.9994,27,169,196,11050510.,12PM00.,05,12,4
2011-05-05 13:00:00,2,0,1,1,22.14,25.76,30,39.0007,50,142,192,11050510.,01PM00.,05,13,4
2011-05-05 14:00:00,2,0,1,1,22.14,25.76,28,30.0026,19,135,154,11050510.,02PM00.,05,14,4
2011-05-05 15:00:00,2,0,1,1,22.96,26.515,26,32.9975,27,120,147,11050510.,03PM00.,05,15,4
2011-05-05 16:00:00,2,0,1,1,23.78,27.275,24,27.9993,36,233,269,11050510.,04PM00.,05,16,4
2011-05-05 17:00:00,2,0,1,1,22.96,26.515,26,26.0027,66,467,533,11050510.,05PM00.,05,17,4
2011-05-05 18:00:00,2,0,1,1,22.96,26.515,26,19.0012,64,456,520,11050510.,06PM00.,05,18,4
2011-05-05 19:00:00,2,0,1,1,22.14,25.76,28,15.0013,56,305,361,11050510.,07PM00.,05,19,4
2011-05-05 20:00:00,2,0,1,1,20.5,24.24,34,11.0014,33,225,258,11050510.,08PM00.,05,20,4
2011-05-05 21:00:00,2,0,1,1,20.5,24.24,36,12.998,39,141,180,11050510.,09PM00.,05,21,4
2011-05-05 22:00:00,2,0,1,1,19.68,23.485,39,12.998,30,135,165,11050510.,10PM00.,05,22,4
2011-05-05 23:00:00,2,0,1,1,18.86,22.725,41,12.998,16,99,115,11050510.,11PM00.,05,23,4
2011-05-06 00:00:00,2,0,1,1,18.04,21.97,44,11.0014,13,43,56,11050610.,12AM00.,05,00,5
2011-05-06 01:00:00,2,0,1,1,16.4,20.455,62,11.0014,8,24,32,11050610.,01AM00.,05,01,5
2011-05-06 02:00:00,2,0,1,1,15.58,19.695,62,7.0015,1,15,16,11050610.,02AM00.,05,02,5
2011-05-06 03:00:00,2,0,1,1,14.76,18.18,71,7.0015,3,6,9,11050610.,03AM00.,05,03,5
2011-05-06 04:00:00,2,0,1,1,14.76,18.18,71,7.0015,0,1,1,11050610.,04AM00.,05,04,5
2011-05-06 05:00:00,2,0,1,1,13.94,17.425,81,7.0015,0,16,16,11050610.,05AM00.,05,05,5
2011-05-06 06:00:00,2,0,1,1,14.76,18.18,81,6.0032,8,74,82,11050610.,06AM00.,05,06,5
2011-05-06 07:00:00,2,0,1,1,16.4,20.455,82,0.0,20,202,222,11050610.,07AM00.,05,07,5
2011-05-06 08:00:00,2,0,1,1,17.22,21.21,77,16.9979,35,415,450,11050610.,08AM00.,05,08,5
2011-05-06 09:00:00,2,0,1,1,18.86,22.725,67,19.0012,27,161,188,11050610.,09AM00.,05,09,5
2011-05-06 10:00:00,2,0,1,2,22.14,25.76,49,22.0028,30,97,127,11050610.,10AM00.,05,10,5
2011-05-06 11:00:00,2,0,1,2,22.14,25.76,49,22.0028,42,123,165,11050610.,11AM00.,05,11,5
2011-05-06 12:00:00,2,0,1,1,22.96,26.515,49,23.9994,48,198,246,11050610.,12PM00.,05,12,5
2011-05-06 13:00:00,2,0,1,1,23.78,27.275,40,22.0028,71,182,253,11050610.,01PM00.,05,13,5
2011-05-06 14:00:00,2,0,1,1,24.6,31.06,40,30.0026,86,127,213,11050610.,02PM00.,05,14,5
2011-05-06 15:00:00,2,0,1,1,24.6,31.06,38,26.0027,89,171,260,11050610.,03PM00.,05,15,5
2011-05-06 16:00:00,2,0,1,1,24.6,31.06,40,16.9979,82,262,344,11050610.,04PM00.,05,16,5
2011-05-06 17:00:00,2,0,1,1,23.78,27.275,40,23.9994,83,470,553,11050610.,05PM00.,05,17,5
2011-05-06 18:00:00,2,0,1,3,22.14,25.76,52,23.9994,85,385,470,11050610.,06PM00.,05,18,5
2011-05-06 19:00:00,2,0,1,3,22.14,25.76,52,23.9994,39,253,292,11050610.,07PM00.,05,19,5
2011-05-06 20:00:00,2,0,1,1,21.32,25.0,48,7.0015,29,161,190,11050610.,08PM00.,05,20,5
2011-05-06 21:00:00,2,0,1,1,19.68,23.485,67,8.9981,22,130,152,11050610.,09PM00.,05,21,5
2011-05-06 22:00:00,2,0,1,1,18.86,22.725,72,15.0013,46,105,151,11050610.,10PM00.,05,22,5
2011-05-06 23:00:00,2,0,1,1,18.04,21.97,82,8.9981,27,93,120,11050610.,11PM00.,05,23,5
2011-05-07 00:00:00,2,0,0,1,17.22,21.21,82,8.9981,10,76,86,11050710.,12AM00.,05,00,6
2011-05-07 01:00:00,2,0,0,1,17.22,21.21,82,7.0015,8,50,58,11050710.,01AM00.,05,01,6
2011-05-07 02:00:00,2,0,0,1,17.22,21.21,82,6.0032,5,47,52,11050710.,02AM00.,05,02,6
2011-05-07 03:00:00,2,0,0,1,17.22,21.21,77,6.0032,9,9,18,11050710.,03AM00.,05,03,6
2011-05-07 04:00:00,2,0,0,1,16.4,20.455,82,7.0015,1,4,5,11050710.,04AM00.,05,04,6
2011-05-07 05:00:00,2,0,0,1,18.86,22.725,59,8.9981,4,3,7,11050710.,05AM00.,05,05,6
2011-05-07 06:00:00,2,0,0,1,17.22,21.21,77,6.0032,1,12,13,11050710.,06AM00.,05,06,6
2011-05-07 07:00:00,2,0,0,1,19.68,23.485,59,0.0,8,32,40,11050710.,07AM00.,05,07,6
2011-05-07 08:00:00,2,0,0,1,21.32,25.0,52,12.998,19,96,115,11050710.,08AM00.,05,08,6
2011-05-07 09:00:00,2,0,0,1,22.14,25.76,49,19.0012,54,164,218,11050710.,09AM00.,05,09,6
2011-05-07 10:00:00,2,0,0,1,22.96,26.515,49,19.9995,90,208,298,11050710.,10AM00.,05,10,6
2011-05-07 11:00:00,2,0,0,1,22.96,26.515,43,0.0,132,215,347,11050710.,11AM00.,05,11,6
2011-05-07 12:00:00,2,0,0,1,24.6,31.06,40,12.998,129,244,373,11050710.,12PM00.,05,12,6
2011-05-07 13:00:00,2,0,0,1,24.6,31.06,35,19.0012,196,240,436,11050710.,01PM00.,05,13,6
2011-05-07 14:00:00,2,0,0,3,24.6,31.06,35,11.0014,143,235,378,11050710.,02PM00.,05,14,6
2011-05-07 15:00:00,2,0,0,1,24.6,31.06,38,16.9979,148,230,378,11050710.,03PM00.,05,15,6
2011-05-07 16:00:00,2,0,0,1,24.6,31.06,38,12.998,119,223,342,11050710.,04PM00.,05,16,6
2011-05-07 17:00:00,2,0,0,1,23.78,27.275,40,15.0013,138,216,354,11050710.,05PM00.,05,17,6
2011-05-07 18:00:00,2,0,0,1,23.78,27.275,37,11.0014,114,175,289,11050710.,06PM00.,05,18,6
2011-05-07 19:00:00,2,0,0,1,22.96,26.515,43,12.998,88,179,267,11050710.,07PM00.,05,19,6
2011-05-07 20:00:00,2,0,0,1,22.96,26.515,43,8.9981,82,137,219,11050710.,08PM00.,05,20,6
2011-05-07 21:00:00,2,0,0,1,22.14,25.76,49,15.0013,58,124,182,11050710.,09PM00.,05,21,6
2011-05-07 22:00:00,2,0,0,1,22.14,25.76,49,12.998,26,94,120,11050710.,10PM00.,05,22,6
2011-05-07 23:00:00,2,0,0,1,20.5,24.24,59,7.0015,30,89,119,11050710.,11PM00.,05,23,6
2011-05-08 00:00:00,2,0,0,2,20.5,24.24,59,7.0015,22,78,100,11050810.,12AM00.,05,00,7
2011-05-08 01:00:00,2,0,0,2,21.32,25.0,55,0.0,8,56,64,11050810.,01AM00.,05,01,7
2011-05-08 02:00:00,2,0,0,1,19.68,23.485,63,0.0,17,42,59,11050810.,02AM00.,05,02,7
2011-05-08 03:00:00,2,0,0,1,18.86,22.725,72,6.0032,10,21,31,11050810.,03AM00.,05,03,7
2011-05-08 04:00:00,2,0,0,1,17.22,21.21,82,0.0,2,8,10,11050810.,04AM00.,05,04,7
2011-05-08 05:00:00,2,0,0,2,18.04,21.97,77,0.0,0,5,5,11050810.,05AM00.,05,05,7
2011-05-08 06:00:00,2,0,0,2,18.04,21.97,82,0.0,2,4,6,11050810.,06AM00.,05,06,7
2011-05-08 07:00:00,2,0,0,2,18.86,22.725,82,0.0,8,15,23,11050810.,07AM00.,05,07,7
2011-05-08 08:00:00,2,0,0,1,21.32,25.0,63,8.9981,28,58,86,11050810.,08AM00.,05,08,7
2011-05-08 09:00:00,2,0,0,1,22.96,26.515,52,15.0013,48,112,160,11050810.,09AM00.,05,09,7
2011-05-08 10:00:00,2,0,0,1,23.78,27.275,49,8.9981,91,153,244,11050810.,10AM00.,05,10,7
2011-05-08 11:00:00,2,0,0,1,23.78,27.275,49,6.0032,142,198,340,11050810.,11AM00.,05,11,7
2011-05-08 12:00:00,2,0,0,1,24.6,31.06,46,6.0032,139,243,382,11050810.,12PM00.,05,12,7
2011-05-08 13:00:00,2,0,0,1,24.6,31.06,49,8.9981,166,224,390,11050810.,01PM00.,05,13,7
2011-05-08 14:00:00,2,0,0,1,24.6,31.06,49,0.0,126,240,366,11050810.,02PM00.,05,14,7
2011-05-08 15:00:00,2,0,0,1,24.6,31.06,49,0.0,128,230,358,11050810.,03PM00.,05,15,7
2011-05-08 16:00:00,2,0,0,1,24.6,31.06,46,7.0015,122,263,385,11050810.,04PM00.,05,16,7
2011-05-08 17:00:00,2,0,0,3,23.78,27.275,49,19.0012,106,245,351,11050810.,05PM00.,05,17,7
2011-05-08 18:00:00,2,0,0,1,23.78,27.275,49,0.0,63,205,268,11050810.,06PM00.,05,18,7
2011-05-08 19:00:00,2,0,0,1,22.96,26.515,64,0.0,61,178,239,11050810.,07PM00.,05,19,7
2011-05-08 20:00:00,2,0,0,1,21.32,25.0,77,8.9981,42,132,174,11050810.,08PM00.,05,20,7
2011-05-08 21:00:00,2,0,0,1,21.32,25.0,77,6.0032,32,95,127,11050810.,09PM00.,05,21,7
2011-05-08 22:00:00,2,0,0,1,20.5,24.24,88,6.0032,29,86,115,11050810.,10PM00.,05,22,7
2011-05-08 23:00:00,2,0,0,1,18.86,22.725,88,6.0032,9,41,50,11050810.,11PM00.,05,23,7
2011-05-09 00:00:00,2,0,1,1,18.86,22.725,82,6.0032,31,22,53,11050910.,12AM00.,05,00,1
2011-05-09 01:00:00,2,0,1,1,18.04,21.97,88,0.0,25,8,33,11050910.,01AM00.,05,01,1
2011-05-09 02:00:00,2,0,1,1,18.04,21.97,94,0.0,6,2,8,11050910.,02AM00.,05,02,1
2011-05-09 03:00:00,2,0,1,1,18.86,22.725,82,6.0032,0,7,7,11050910.,03AM00.,05,03,1
2011-05-09 04:00:00,2,0,1,1,17.22,21.21,82,11.0014,0,4,4,11050910.,04AM00.,05,04,1
2011-05-09 05:00:00,2,0,1,1,17.22,21.21,77,11.0014,0,23,23,11050910.,05AM00.,05,05,1
2011-05-09 06:00:00,2,0,1,1,18.04,21.97,72,16.9979,2,87,89,11050910.,06AM00.,05,06,1
2011-05-09 07:00:00,2,0,1,1,19.68,23.485,63,16.9979,16,221,237,11050910.,07AM00.,05,07,1
2011-05-09 08:00:00,2,0,1,1,21.32,25.0,55,15.0013,23,351,374,11050910.,08AM00.,05,08,1
2011-05-09 09:00:00,2,0,1,1,22.14,25.76,56,11.0014,36,142,178,11050910.,09AM00.,05,09,1
2011-05-09 10:00:00,2,0,1,1,22.96,26.515,52,12.998,24,95,119,11050910.,10AM00.,05,10,1
2011-05-09 11:00:00,2,0,1,1,24.6,31.06,46,15.0013,26,99,125,11050910.,11AM00.,05,11,1
2011-05-09 12:00:00,2,0,1,1,24.6,31.06,43,12.998,35,160,195,11050910.,12PM00.,05,12,1
2011-05-09 13:00:00,2,0,1,1,25.42,31.06,38,19.0012,36,138,174,11050910.,01PM00.,05,13,1
2011-05-09 14:00:00,2,0,1,1,25.42,31.06,41,15.0013,44,118,162,11050910.,02PM00.,05,14,1
2011-05-09 15:00:00,2,0,1,1,25.42,31.06,41,15.0013,51,148,199,11050910.,03PM00.,05,15,1
2011-05-09 16:00:00,2,0,1,1,26.24,31.06,38,15.0013,49,255,304,11050910.,04PM00.,05,16,1
2011-05-09 17:00:00,2,0,1,1,25.42,31.06,38,16.9979,59,539,598,11050910.,05PM00.,05,17,1
2011-05-09 18:00:00,2,0,1,1,25.42,31.06,38,19.9995,66,458,524,11050910.,06PM00.,05,18,1
2011-05-09 19:00:00,2,0,1,1,23.78,27.275,43,12.998,45,339,384,11050910.,07PM00.,05,19,1
2011-05-09 20:00:00,2,0,1,1,22.14,25.76,49,12.998,25,214,239,11050910.,08PM00.,05,20,1
2011-05-09 21:00:00,2,0,1,1,21.32,25.0,59,8.9981,28,128,156,11050910.,09PM00.,05,21,1
2011-05-09 22:00:00,2,0,1,1,21.32,25.0,68,6.0032,21,95,116,11050910.,10PM00.,05,22,1
2011-05-09 23:00:00,2,0,1,1,20.5,24.24,68,6.0032,16,45,61,11050910.,11PM00.,05,23,1
2011-05-10 00:00:00,2,0,1,1,19.68,23.485,63,0.0,6,12,18,11051010.,12AM00.,05,00,2
2011-05-10 01:00:00,2,0,1,1,18.86,22.725,59,6.0032,3,12,15,11051010.,01AM00.,05,01,2
2011-05-10 02:00:00,2,0,1,1,18.04,21.97,58,8.9981,1,4,5,11051010.,02AM00.,05,02,2
2011-05-10 03:00:00,2,0,1,1,18.04,21.97,54,12.998,1,3,4,11051010.,03AM00.,05,03,2
2011-05-10 04:00:00,2,0,1,1,17.22,21.21,62,16.9979,0,2,2,11051010.,04AM00.,05,04,2
2011-05-10 05:00:00,2,0,1,1,16.4,20.455,66,15.0013,1,28,29,11051010.,05AM00.,05,05,2
2011-05-10 06:00:00,2,0,1,1,17.22,21.21,67,8.9981,9,103,112,11051010.,06AM00.,05,06,2
2011-05-10 07:00:00,2,0,1,2,18.04,21.97,62,8.9981,13,301,314,11051010.,07AM00.,05,07,2
2011-05-10 08:00:00,2,0,1,2,20.5,24.24,51,7.0015,28,397,425,11051010.,08AM00.,05,08,2
2011-05-10 09:00:00,2,0,1,2,21.32,25.0,48,7.0015,29,176,205,11051010.,09AM00.,05,09,2
2011-05-10 10:00:00,2,0,1,2,22.96,26.515,37,6.0032,27,100,127,11051010.,10AM00.,05,10,2
2011-05-10 11:00:00,2,0,1,2,22.96,26.515,43,8.9981,17,108,125,11051010.,11AM00.,05,11,2
2011-05-10 12:00:00,2,0,1,2,24.6,31.06,38,0.0,47,170,217,11051010.,12PM00.,05,12,2
2011-05-10 13:00:00,2,0,1,2,25.42,31.06,38,16.9979,50,152,202,11051010.,01PM00.,05,13,2
2011-05-10 14:00:00,2,0,1,2,25.42,31.06,33,0.0,42,134,176,11051010.,02PM00.,05,14,2
2011-05-10 15:00:00,2,0,1,2,26.24,31.06,33,6.0032,28,152,180,11051010.,03PM00.,05,15,2
2011-05-10 16:00:00,2,0,1,1,27.06,31.06,31,7.0015,56,271,327,11051010.,04PM00.,05,16,2
2011-05-10 17:00:00,2,0,1,1,26.24,31.06,33,0.0,79,532,611,11051010.,05PM00.,05,17,2
2011-05-10 18:00:00,2,0,1,1,26.24,31.06,29,8.9981,70,480,550,11051010.,06PM00.,05,18,2
2011-05-10 19:00:00,2,0,1,1,24.6,31.06,43,15.0013,69,365,434,11051010.,07PM00.,05,19,2
2011-05-10 20:00:00,2,0,1,1,22.14,25.76,60,8.9981,50,241,291,11051010.,08PM00.,05,20,2
2011-05-10 21:00:00,2,0,1,1,22.14,25.76,52,0.0,30,173,203,11051010.,09PM00.,05,21,2
2011-05-10 22:00:00,2,0,1,1,21.32,25.0,55,7.0015,29,121,150,11051010.,10PM00.,05,22,2
2011-05-10 23:00:00,2,0,1,2,21.32,25.0,59,8.9981,9,72,81,11051010.,11PM00.,05,23,2
2011-05-11 00:00:00,2,0,1,2,21.32,25.0,55,8.9981,8,30,38,11051110.,12AM00.,05,00,3
2011-05-11 01:00:00,2,0,1,2,20.5,24.24,59,7.0015,4,16,20,11051110.,01AM00.,05,01,3
2011-05-11 02:00:00,2,0,1,1,21.32,25.0,59,0.0,6,4,10,11051110.,02AM00.,05,02,3
2011-05-11 03:00:00,2,0,1,1,20.5,24.24,63,15.0013,0,3,3,11051110.,03AM00.,05,03,3
2011-05-11 04:00:00,2,0,1,2,19.68,23.485,88,8.9981,0,2,2,11051110.,04AM00.,05,04,3
2011-05-11 05:00:00,2,0,1,1,18.86,22.725,88,8.9981,0,20,20,11051110.,05AM00.,05,05,3
2011-05-11 06:00:00,2,0,1,1,18.86,22.725,82,8.9981,6,93,99,11051110.,06AM00.,05,06,3
2011-05-11 07:00:00,2,0,1,1,19.68,23.485,72,12.998,25,293,318,11051110.,07AM00.,05,07,3
2011-05-11 08:00:00,2,0,1,1,19.68,23.485,77,16.9979,21,421,442,11051110.,08AM00.,05,08,3
2011-05-11 09:00:00,2,0,1,1,21.32,25.0,72,8.9981,21,182,203,11051110.,09AM00.,05,09,3
2011-05-11 10:00:00,2,0,1,1,22.14,25.76,68,6.0032,30,124,154,11051110.,10AM00.,05,10,3
2011-05-11 11:00:00,2,0,1,1,22.96,26.515,64,6.0032,18,123,141,11051110.,11AM00.,05,11,3
2011-05-11 12:00:00,2,0,1,1,24.6,31.06,56,0.0,41,185,226,11051110.,12PM00.,05,12,3
2011-05-11 13:00:00,2,0,1,1,25.42,31.06,50,0.0,36,157,193,11051110.,01PM00.,05,13,3
2011-05-11 14:00:00,2,0,1,1,25.42,31.06,53,6.0032,36,141,177,11051110.,02PM00.,05,14,3
2011-05-11 15:00:00,2,0,1,1,26.24,31.06,41,0.0,48,131,179,11051110.,03PM00.,05,15,3
2011-05-11 16:00:00,2,0,1,1,27.06,31.06,39,0.0,49,240,289,11051110.,04PM00.,05,16,3
2011-05-11 17:00:00,2,0,1,1,26.24,31.06,47,7.0015,17,242,259,11051110.,05PM00.,05,17,3
2011-05-11 18:00:00,2,0,1,1,25.42,31.06,50,19.9995,40,234,274,11051110.,06PM00.,05,18,3
2011-05-11 19:00:00,2,0,1,1,22.96,26.515,52,8.9981,60,341,401,11051110.,07PM00.,05,19,3
2011-05-11 20:00:00,2,0,1,1,22.14,25.76,64,8.9981,28,245,273,11051110.,08PM00.,05,20,3
2011-05-11 21:00:00,2,0,1,1,22.14,25.76,60,0.0,32,202,234,11051110.,09PM00.,05,21,3
2011-05-11 22:00:00,2,0,1,1,20.5,24.24,72,16.9979,12,134,146,11051110.,10PM00.,05,22,3
2011-05-11 23:00:00,2,0,1,1,18.86,22.725,88,16.9979,12,69,81,11051110.,11PM00.,05,23,3
2011-05-12 00:00:00,2,0,1,2,18.86,22.725,88,15.0013,5,39,44,11051210.,12AM00.,05,00,4
2011-05-12 01:00:00,2,0,1,1,18.86,22.725,88,15.0013,1,16,17,11051210.,01AM00.,05,01,4
2011-05-12 02:00:00,2,0,1,1,18.04,21.97,94,12.998,1,14,15,11051210.,02AM00.,05,02,4
2011-05-12 03:00:00,2,0,1,1,18.04,21.97,88,8.9981,0,5,5,11051210.,03AM00.,05,03,4
2011-05-12 04:00:00,2,0,1,1,17.22,21.21,94,0.0,1,5,6,11051210.,04AM00.,05,04,4
2011-05-12 05:00:00,2,0,1,1,17.22,21.21,94,8.9981,2,27,29,11051210.,05AM00.,05,05,4
2011-05-12 06:00:00,2,0,1,1,18.04,21.97,88,0.0,9,103,112,11051210.,06AM00.,05,06,4
2011-05-12 07:00:00,2,0,1,1,18.86,22.725,88,8.9981,14,283,297,11051210.,07AM00.,05,07,4
2011-05-12 08:00:00,2,0,1,1,19.68,23.485,82,12.998,27,394,421,11051210.,08AM00.,05,08,4
2011-05-12 09:00:00,2,0,1,2,20.5,24.24,77,19.0012,21,191,212,11051210.,09AM00.,05,09,4
2011-05-12 10:00:00,2,0,1,2,22.14,25.76,68,15.0013,28,119,147,11051210.,10AM00.,05,10,4
2011-05-12 11:00:00,2,0,1,1,23.78,27.275,60,15.0013,43,136,179,11051210.,11AM00.,05,11,4
2011-05-12 12:00:00,2,0,1,1,23.78,27.275,60,15.0013,43,164,207,11051210.,12PM00.,05,12,4
2011-05-12 13:00:00,2,0,1,2,25.42,31.06,57,19.9995,48,170,218,11051210.,01PM00.,05,13,4
2011-05-12 14:00:00,2,0,1,2,25.42,30.305,61,15.0013,43,148,191,11051210.,02PM00.,05,14,4
2011-05-12 15:00:00,2,0,1,2,26.24,31.06,53,16.9979,54,163,217,11051210.,03PM00.,05,15,4
2011-05-12 16:00:00,2,0,1,2,26.24,31.06,57,16.9979,50,238,288,11051210.,04PM00.,05,16,4
2011-05-12 17:00:00,2,0,1,2,26.24,31.06,57,12.998,54,540,594,11051210.,05PM00.,05,17,4
2011-05-12 18:00:00,2,0,1,1,25.42,30.305,69,15.0013,64,463,527,11051210.,06PM00.,05,18,4
2011-05-12 19:00:00,2,0,1,2,24.6,30.305,64,12.998,59,305,364,11051210.,07PM00.,05,19,4
2011-05-12 20:00:00,2,0,1,1,24.6,30.305,64,12.998,56,220,276,11051210.,08PM00.,05,20,4
2011-05-12 21:00:00,2,0,1,1,22.96,26.515,83,8.9981,31,192,223,11051210.,09PM00.,05,21,4
2011-05-12 22:00:00,2,0,1,1,22.14,25.76,83,12.998,25,147,172,11051210.,10PM00.,05,22,4
2011-05-12 23:00:00,2,0,1,2,22.14,25.76,77,12.998,16,87,103,11051210.,11PM00.,05,23,4
2011-05-13 00:00:00,2,0,1,2,21.32,25.0,83,11.0014,6,46,52,11051310.,12AM00.,05,00,5
2011-05-13 01:00:00,2,0,1,1,21.32,25.0,83,11.0014,5,15,20,11051310.,01AM00.,05,01,5
2011-05-13 02:00:00,2,0,1,2,20.5,24.24,88,8.9981,3,8,11,11051310.,02AM00.,05,02,5
2011-05-13 03:00:00,2,0,1,2,20.5,24.24,88,8.9981,2,2,4,11051310.,03AM00.,05,03,5
2011-05-13 04:00:00,2,0,1,3,20.5,24.24,88,11.0014,2,3,5,11051310.,04AM00.,05,04,5
2011-05-13 05:00:00,2,0,1,2,20.5,24.24,88,12.998,1,24,25,11051310.,05AM00.,05,05,5
2011-05-13 06:00:00,2,0,1,3,20.5,24.24,88,8.9981,6,76,82,11051310.,06AM00.,05,06,5
2011-05-13 07:00:00,2,0,1,3,20.5,24.24,88,11.0014,16,141,157,11051310.,07AM00.,05,07,5
2011-05-13 08:00:00,2,0,1,2,20.5,24.24,88,12.998,26,361,387,11051310.,08AM00.,05,08,5
2011-05-13 09:00:00,2,0,1,2,20.5,24.24,88,12.998,18,215,233,11051310.,09AM00.,05,09,5
2011-05-13 10:00:00,2,0,1,2,21.32,25.0,83,8.9981,31,99,130,11051310.,10AM00.,05,10,5
2011-05-13 11:00:00,2,0,1,2,21.32,25.0,83,11.0014,56,90,146,11051310.,11AM00.,05,11,5
2011-05-13 12:00:00,2,0,1,2,21.32,25.0,88,12.998,53,170,223,11051310.,12PM00.,05,12,5
2011-05-13 13:00:00,2,0,1,2,21.32,25.0,88,26.0027,69,157,226,11051310.,01PM00.,05,13,5
2011-05-13 14:00:00,2,0,1,2,21.32,25.0,87,19.0012,70,120,190,11051310.,02PM00.,05,14,5
2011-05-13 15:00:00,2,0,1,2,21.32,25.0,88,11.0014,56,142,198,11051310.,03PM00.,05,15,5
2011-05-13 16:00:00,2,0,1,2,21.32,25.0,88,8.9981,44,256,300,11051310.,04PM00.,05,16,5
2011-05-13 17:00:00,2,0,1,3,21.32,25.0,88,11.0014,62,429,491,11051310.,05PM00.,05,17,5
2011-05-13 18:00:00,2,0,1,3,21.32,25.0,88,11.0014,39,359,398,11051310.,06PM00.,05,18,5
2011-05-13 19:00:00,2,0,1,2,21.32,25.0,83,12.998,25,245,270,11051310.,07PM00.,05,19,5
2011-05-13 20:00:00,2,0,1,2,21.32,25.0,83,8.9981,22,130,152,11051310.,08PM00.,05,20,5
2011-05-13 21:00:00,2,0,1,2,21.32,25.0,84,11.0014,24,130,154,11051310.,09PM00.,05,21,5
2011-05-13 22:00:00,2,0,1,2,21.32,25.0,83,15.0013,25,107,132,11051310.,10PM00.,05,22,5
2011-05-13 23:00:00,2,0,1,3,20.5,24.24,88,11.0014,31,88,119,11051310.,11PM00.,05,23,5
2011-05-14 00:00:00,2,0,0,2,20.5,24.24,88,8.9981,24,78,102,11051410.,12AM00.,05,00,6
2011-05-14 01:00:00,2,0,0,2,20.5,24.24,88,8.9981,18,64,82,11051410.,01AM00.,05,01,6
2011-05-14 02:00:00,2,0,0,2,20.5,24.24,88,8.9981,15,37,52,11051410.,02AM00.,05,02,6
2011-05-14 03:00:00,2,0,0,2,20.5,24.24,88,8.9981,5,30,35,11051410.,03AM00.,05,03,6
2011-05-14 04:00:00,2,0,0,2,20.5,24.24,82,11.0014,1,4,5,11051410.,04AM00.,05,04,6
2011-05-14 05:00:00,2,0,0,2,20.5,24.24,82,7.0015,7,7,14,11051410.,05AM00.,05,05,6
2011-05-14 06:00:00,2,0,0,2,20.5,24.24,88,7.0015,2,9,11,11051410.,06AM00.,05,06,6
2011-05-14 07:00:00,2,0,0,3,19.68,23.485,100,0.0,4,28,32,11051410.,07AM00.,05,07,6
2011-05-14 08:00:00,2,0,0,3,20.5,24.24,94,0.0,16,72,88,11051410.,08AM00.,05,08,6
2011-05-14 09:00:00,2,0,0,2,21.32,25.0,94,6.0032,14,86,100,11051410.,09AM00.,05,09,6
2011-05-14 10:00:00,2,0,0,2,21.32,25.0,94,11.0014,34,133,167,11051410.,10AM00.,05,10,6
2011-05-14 11:00:00,2,0,0,2,21.32,25.0,94,8.9981,72,207,279,11051410.,11AM00.,05,11,6
2011-05-14 12:00:00,2,0,0,3,21.32,25.0,100,6.0032,75,204,279,11051410.,12PM00.,05,12,6
2011-05-14 13:00:00,2,0,0,3,21.32,25.0,100,6.0032,68,180,248,11051410.,01PM00.,05,13,6
2011-05-14 14:00:00,2,0,0,2,22.14,25.76,94,8.9981,57,159,216,11051410.,02PM00.,05,14,6
2011-05-14 15:00:00,2,0,0,2,22.14,25.76,94,11.0014,73,221,294,11051410.,03PM00.,05,15,6
2011-05-14 16:00:00,2,0,0,2,22.14,25.76,94,12.998,107,188,295,11051410.,04PM00.,05,16,6
2011-05-14 17:00:00,2,0,0,2,22.96,26.515,88,12.998,78,194,272,11051410.,05PM00.,05,17,6
2011-05-14 18:00:00,2,0,0,2,22.96,26.515,88,15.0013,88,216,304,11051410.,06PM00.,05,18,6
2011-05-14 19:00:00,2,0,0,3,22.14,25.76,94,8.9981,69,179,248,11051410.,07PM00.,05,19,6
2011-05-14 20:00:00,2,0,0,3,22.14,25.76,94,8.9981,42,115,157,11051410.,08PM00.,05,20,6
2011-05-14 21:00:00,2,0,0,3,22.14,25.76,94,15.0013,15,44,59,11051410.,09PM00.,05,21,6
2011-05-14 22:00:00,2,0,0,3,22.14,25.76,94,11.0014,7,19,26,11051410.,10PM00.,05,22,6
2011-05-14 23:00:00,2,0,0,3,21.32,25.0,100,12.998,11,33,44,11051410.,11PM00.,05,23,6
2011-05-15 00:00:00,2,0,0,2,21.32,25.0,100,0.0,5,34,39,11051510.,12AM00.,05,00,7
2011-05-15 01:00:00,2,0,0,2,21.32,25.0,100,7.0015,4,43,47,11051510.,01AM00.,05,01,7
2011-05-15 02:00:00,2,0,0,2,21.32,25.0,100,8.9981,13,37,50,11051510.,02AM00.,05,02,7
2011-05-15 03:00:00,2,0,0,2,21.32,25.0,100,0.0,11,21,32,11051510.,03AM00.,05,03,7
2011-05-15 04:00:00,2,0,0,2,21.32,25.0,100,0.0,5,8,13,11051510.,04AM00.,05,04,7
2011-05-15 05:00:00,2,0,0,3,21.32,25.0,100,7.0015,3,11,14,11051510.,05AM00.,05,05,7
2011-05-15 06:00:00,2,0,0,2,21.32,25.0,100,8.9981,3,14,17,11051510.,06AM00.,05,06,7
2011-05-15 07:00:00,2,0,0,2,21.32,25.0,100,8.9981,4,38,42,11051510.,07AM00.,05,07,7
2011-05-15 08:00:00,2,0,0,2,22.14,25.76,94,8.9981,24,46,70,11051510.,08AM00.,05,08,7
2011-05-15 09:00:00,2,0,0,1,23.78,27.275,83,16.9979,36,98,134,11051510.,09AM00.,05,09,7
2011-05-15 10:00:00,2,0,0,1,23.78,27.275,83,15.0013,73,153,226,11051510.,10AM00.,05,10,7
2011-05-15 11:00:00,2,0,0,1,24.6,28.79,78,15.0013,120,202,322,11051510.,11AM00.,05,11,7
2011-05-15 12:00:00,2,0,0,1,25.42,29.545,73,19.9995,120,247,367,11051510.,12PM00.,05,12,7
2011-05-15 13:00:00,2,0,0,1,25.42,29.545,73,19.0012,195,261,456,11051510.,01PM00.,05,13,7
2011-05-15 14:00:00,2,0,0,1,26.24,30.305,73,12.998,183,254,437,11051510.,02PM00.,05,14,7
2011-05-15 15:00:00,2,0,0,1,27.06,31.06,69,16.9979,206,253,459,11051510.,03PM00.,05,15,7
2011-05-15 16:00:00,2,0,0,1,26.24,30.305,69,16.9979,158,282,440,11051510.,04PM00.,05,16,7
2011-05-15 17:00:00,2,0,0,3,22.96,26.515,78,23.9994,137,255,392,11051510.,05PM00.,05,17,7
2011-05-15 18:00:00,2,0,0,1,22.96,26.515,78,16.9979,60,177,237,11051510.,06PM00.,05,18,7
2011-05-15 19:00:00,2,0,0,1,22.96,26.515,83,7.0015,78,153,231,11051510.,07PM00.,05,19,7
2011-05-15 20:00:00,2,0,0,1,22.14,25.76,88,0.0,53,138,191,11051510.,08PM00.,05,20,7
2011-05-15 21:00:00,2,0,0,1,22.14,25.76,88,0.0,44,107,151,11051510.,09PM00.,05,21,7
2011-05-15 22:00:00,2,0,0,1,22.96,26.515,83,0.0,29,88,117,11051510.,10PM00.,05,22,7
2011-05-15 23:00:00,2,0,0,1,22.14,25.76,88,15.0013,18,51,69,11051510.,11PM00.,05,23,7
2011-05-16 00:00:00,2,0,1,1,21.32,25.0,94,7.0015,17,21,38,11051610.,12AM00.,05,00,1
2011-05-16 01:00:00,2,0,1,1,21.32,25.0,94,8.9981,6,8,14,11051610.,01AM00.,05,01,1
2011-05-16 02:00:00,2,0,1,1,20.5,24.24,100,6.0032,4,9,13,11051610.,02AM00.,05,02,1
2011-05-16 03:00:00,2,0,1,1,20.5,24.24,94,11.0014,1,3,4,11051610.,03AM00.,05,03,1
2011-05-16 04:00:00,2,0,1,1,20.5,24.24,100,8.9981,1,5,6,11051610.,04AM00.,05,04,1
2011-05-16 05:00:00,2,0,1,1,20.5,24.24,93,12.998,1,20,21,11051610.,05AM00.,05,05,1
2011-05-16 06:00:00,2,0,1,1,21.32,25.0,88,11.0014,11,93,104,11051610.,06AM00.,05,06,1
2011-05-16 07:00:00,2,0,1,1,21.32,25.0,83,19.0012,27,245,272,11051610.,07AM00.,05,07,1
2011-05-16 08:00:00,2,0,1,1,22.96,26.515,73,19.9995,28,366,394,11051610.,08AM00.,05,08,1
2011-05-16 09:00:00,2,0,1,1,24.6,29.545,69,12.998,38,156,194,11051610.,09AM00.,05,09,1
2011-05-16 10:00:00,2,0,1,1,25.42,30.305,65,6.0032,37,75,112,11051610.,10AM00.,05,10,1
2011-05-16 11:00:00,2,0,1,1,26.24,31.06,57,0.0,56,129,185,11051610.,11AM00.,05,11,1
2011-05-16 12:00:00,2,0,1,1,27.06,31.06,54,6.0032,72,137,209,11051610.,12PM00.,05,12,1
2011-05-16 13:00:00,2,0,1,1,27.88,31.82,51,0.0,61,153,214,11051610.,01PM00.,05,13,1
2011-05-16 14:00:00,2,0,1,1,27.88,31.82,51,0.0,76,117,193,11051610.,02PM00.,05,14,1
2011-05-16 15:00:00,2,0,1,1,29.52,33.335,51,0.0,55,110,165,11051610.,03PM00.,05,15,1
2011-05-16 16:00:00,2,0,1,3,24.6,28.79,78,16.9979,45,181,226,11051610.,04PM00.,05,16,1
2011-05-16 17:00:00,2,0,1,1,23.78,27.275,88,15.0013,47,227,274,11051610.,05PM00.,05,17,1
2011-05-16 18:00:00,2,0,1,3,23.78,27.275,83,12.998,55,398,453,11051610.,06PM00.,05,18,1
2011-05-16 19:00:00,2,0,1,1,23.78,27.275,83,16.9979,36,272,308,11051610.,07PM00.,05,19,1
2011-05-16 20:00:00,2,0,1,1,23.78,27.275,83,0.0,31,167,198,11051610.,08PM00.,05,20,1
2011-05-16 21:00:00,2,0,1,1,23.78,27.275,83,0.0,28,149,177,11051610.,09PM00.,05,21,1
2011-05-16 22:00:00,2,0,1,1,22.96,26.515,88,6.0032,22,105,127,11051610.,10PM00.,05,22,1
2011-05-16 23:00:00,2,0,1,1,22.96,26.515,88,6.0032,18,39,57,11051610.,11PM00.,05,23,1
2011-05-17 00:00:00,2,0,1,2,22.96,26.515,88,0.0,13,18,31,11051710.,12AM00.,05,00,2
2011-05-17 01:00:00,2,0,1,3,22.96,26.515,88,0.0,7,6,13,11051710.,01AM00.,05,01,2
2011-05-17 02:00:00,2,0,1,3,22.96,26.515,88,0.0,4,4,8,11051710.,02AM00.,05,02,2
2011-05-17 03:00:00,2,0,1,3,22.14,25.76,94,16.9979,1,3,4,11051710.,03AM00.,05,03,2
2011-05-17 04:00:00,2,0,1,3,22.14,25.76,94,16.9979,2,2,4,11051710.,04AM00.,05,04,2
2011-05-17 05:00:00,2,0,1,3,21.32,25.0,94,16.9979,0,22,22,11051710.,05AM00.,05,05,2
2011-05-17 06:00:00,2,0,1,3,21.32,25.0,94,16.9979,0,49,49,11051710.,06AM00.,05,06,2
2011-05-17 07:00:00,2,0,1,2,21.32,25.0,94,16.9979,13,138,151,11051710.,07AM00.,05,07,2
2011-05-17 08:00:00,2,0,1,2,21.32,25.0,94,19.9995,22,325,347,11051710.,08AM00.,05,08,2
2011-05-17 09:00:00,2,0,1,2,22.14,25.76,88,16.9979,17,190,207,11051710.,09AM00.,05,09,2
2011-05-17 10:00:00,2,0,1,3,22.14,25.76,88,16.9979,31,73,104,11051710.,10AM00.,05,10,2
2011-05-17 11:00:00,2,0,1,2,22.96,26.515,83,27.9993,26,104,130,11051710.,11AM00.,05,11,2
2011-05-17 12:00:00,2,0,1,3,22.96,26.515,83,27.9993,38,115,153,11051710.,12PM00.,05,12,2
2011-05-17 13:00:00,2,0,1,2,22.96,26.515,88,22.0028,31,141,172,11051710.,01PM00.,05,13,2
2011-05-17 14:00:00,2,0,1,1,25.42,29.545,73,31.0009,61,123,184,11051710.,02PM00.,05,14,2
2011-05-17 15:00:00,2,0,1,1,25.42,30.305,69,30.0026,79,131,210,11051710.,03PM00.,05,15,2
2011-05-17 16:00:00,2,0,1,1,25.42,30.305,61,22.0028,73,217,290,11051710.,04PM00.,05,16,2
2011-05-17 17:00:00,2,0,1,1,25.42,30.305,65,27.9993,83,521,604,11051710.,05PM00.,05,17,2
2011-05-17 18:00:00,2,0,1,1,24.6,29.545,69,19.9995,54,426,480,11051710.,06PM00.,05,18,2
2011-05-17 19:00:00,2,0,1,1,24.6,29.545,69,16.9979,51,298,349,11051710.,07PM00.,05,19,2
2011-05-17 20:00:00,2,0,1,1,23.78,27.275,83,27.9993,30,253,283,11051710.,08PM00.,05,20,2
2011-05-17 21:00:00,2,0,1,1,22.14,25.76,88,16.9979,23,151,174,11051710.,09PM00.,05,21,2
2011-05-17 22:00:00,2,0,1,2,22.14,25.76,88,19.0012,12,86,98,11051710.,10PM00.,05,22,2
2011-05-17 23:00:00,2,0,1,2,22.14,25.76,88,16.9979,7,49,56,11051710.,11PM00.,05,23,2
2011-05-18 00:00:00,2,0,1,2,22.14,25.76,88,15.0013,8,15,23,11051810.,12AM00.,05,00,3
2011-05-18 01:00:00,2,0,1,2,22.14,25.76,88,16.9979,3,9,12,11051810.,01AM00.,05,01,3
2011-05-18 02:00:00,2,0,1,3,21.32,25.0,94,15.0013,1,5,6,11051810.,02AM00.,05,02,3
2011-05-18 03:00:00,2,0,1,3,21.32,25.0,94,19.9995,6,3,9,11051810.,03AM00.,05,03,3
2011-05-18 04:00:00,2,0,1,3,21.32,25.0,94,19.9995,1,2,3,11051810.,04AM00.,05,04,3
2011-05-18 05:00:00,2,0,1,1,21.32,25.0,100,15.0013,0,9,9,11051810.,05AM00.,05,05,3
2011-05-18 06:00:00,2,0,1,1,21.32,25.0,100,8.9981,2,99,101,11051810.,06AM00.,05,06,3
2011-05-18 07:00:00,2,0,1,1,22.14,25.76,88,12.998,14,260,274,11051810.,07AM00.,05,07,3
2011-05-18 08:00:00,2,0,1,1,22.96,26.515,88,19.0012,25,428,453,11051810.,08AM00.,05,08,3
2011-05-18 09:00:00,2,0,1,3,22.96,26.515,83,16.9979,26,176,202,11051810.,09AM00.,05,09,3
2011-05-18 10:00:00,2,0,1,3,22.14,25.76,88,19.0012,33,73,106,11051810.,10AM00.,05,10,3
2011-05-18 11:00:00,2,0,1,2,22.14,25.76,94,6.0032,6,17,23,11051810.,11AM00.,05,11,3
2011-05-18 12:00:00,2,0,1,1,22.96,26.515,94,19.9995,12,42,54,11051810.,12PM00.,05,12,3
2011-05-18 13:00:00,2,0,1,2,22.96,26.515,83,22.0028,30,92,122,11051810.,01PM00.,05,13,3
2011-05-18 14:00:00,2,0,1,2,23.78,27.275,78,19.0012,44,94,138,11051810.,02PM00.,05,14,3
2011-05-18 15:00:00,2,0,1,1,24.6,28.79,78,16.9979,34,133,167,11051810.,03PM00.,05,15,3
2011-05-18 16:00:00,2,0,1,1,24.6,29.545,73,12.998,53,241,294,11051810.,04PM00.,05,16,3
2011-05-18 17:00:00,2,0,1,1,24.6,29.545,69,8.9981,78,487,565,11051810.,05PM00.,05,17,3
2011-05-18 18:00:00,2,0,1,1,24.6,29.545,73,15.0013,58,431,489,11051810.,06PM00.,05,18,3
2011-05-18 19:00:00,2,0,1,3,22.96,26.515,88,8.9981,43,288,331,11051810.,07PM00.,05,19,3
2011-05-18 20:00:00,2,0,1,3,22.96,26.515,88,8.9981,24,189,213,11051810.,08PM00.,05,20,3
2011-05-18 21:00:00,2,0,1,1,21.32,25.0,88,0.0,11,74,85,11051810.,09PM00.,05,21,3
2011-05-18 22:00:00,2,0,1,1,21.32,25.0,83,0.0,14,103,117,11051810.,10PM00.,05,22,3
2011-05-18 23:00:00,2,0,1,1,21.32,25.0,94,6.0032,10,49,59,11051810.,11PM00.,05,23,3
2011-05-19 00:00:00,2,0,1,1,21.32,25.0,94,7.0015,6,23,29,11051910.,12AM00.,05,00,4
2011-05-19 01:00:00,2,0,1,1,20.5,24.24,94,0.0,2,4,6,11051910.,01AM00.,05,01,4
2011-05-19 02:00:00,2,0,1,1,20.5,24.24,94,0.0,3,12,15,11051910.,02AM00.,05,02,4
2011-05-19 03:00:00,2,0,1,1,19.68,23.485,100,0.0,1,3,4,11051910.,03AM00.,05,03,4
2011-05-19 04:00:00,2,0,1,1,19.68,23.485,94,0.0,2,3,5,11051910.,04AM00.,05,04,4
2011-05-19 05:00:00,2,0,1,1,19.68,23.485,94,0.0,2,24,26,11051910.,05AM00.,05,05,4
2011-05-19 06:00:00,2,0,1,2,20.5,24.24,94,0.0,17,86,103,11051910.,06AM00.,05,06,4
2011-05-19 07:00:00,2,0,1,2,20.5,24.24,100,0.0,18,239,257,11051910.,07AM00.,05,07,4
2011-05-19 08:00:00,2,0,1,2,21.32,25.0,88,0.0,34,453,487,11051910.,08AM00.,05,08,4
2011-05-19 09:00:00,2,0,1,2,22.14,25.76,88,6.0032,40,176,216,11051910.,09AM00.,05,09,4
2011-05-19 10:00:00,2,0,1,2,22.14,25.76,83,0.0,35,95,130,11051910.,10AM00.,05,10,4
2011-05-19 11:00:00,2,0,1,3,22.14,25.76,88,11.0014,53,111,164,11051910.,11AM00.,05,11,4
2011-05-19 12:00:00,2,0,1,2,23.78,27.275,78,7.0015,38,130,168,11051910.,12PM00.,05,12,4
2011-05-19 13:00:00,2,0,1,3,23.78,27.275,64,16.9979,44,139,183,11051910.,01PM00.,05,13,4
2011-05-19 14:00:00,2,0,1,3,22.14,25.76,73,12.998,43,137,180,11051910.,02PM00.,05,14,4
2011-05-19 15:00:00,2,0,1,1,22.96,26.515,78,11.0014,63,125,188,11051910.,03PM00.,05,15,4
2011-05-19 16:00:00,2,0,1,1,23.78,27.275,64,12.998,55,247,302,11051910.,04PM00.,05,16,4
2011-05-19 17:00:00,2,0,1,1,22.96,26.515,78,11.0014,60,487,547,11051910.,05PM00.,05,17,4
2011-05-19 18:00:00,2,0,1,1,24.6,31.06,55,11.0014,59,454,513,11051910.,06PM00.,05,18,4
2011-05-19 19:00:00,2,0,1,1,23.78,27.275,60,8.9981,65,345,410,11051910.,07PM00.,05,19,4
2011-05-19 20:00:00,2,0,1,1,22.14,25.76,77,19.0012,46,236,282,11051910.,08PM00.,05,20,4
2011-05-19 21:00:00,2,0,1,1,22.14,25.76,77,19.0012,29,180,209,11051910.,09PM00.,05,21,4
2011-05-19 22:00:00,2,0,1,3,20.5,24.24,82,19.9995,11,68,79,11051910.,10PM00.,05,22,4
2011-05-19 23:00:00,2,0,1,1,19.68,23.485,94,0.0,9,63,72,11051910.,11PM00.,05,23,4
2011-06-01 00:00:00,2,0,1,1,28.7,33.335,79,11.0014,9,25,34,11060110.,12AM00.,06,00,3
2011-06-01 01:00:00,2,0,1,1,28.7,33.335,84,16.9979,8,9,17,11060110.,01AM00.,06,01,3
2011-06-01 02:00:00,2,0,1,1,28.7,33.335,79,11.0014,0,3,3,11060110.,02AM00.,06,02,3
2011-06-01 03:00:00,2,0,1,1,27.88,31.82,89,12.998,0,6,6,11060110.,03AM00.,06,03,3
2011-06-01 04:00:00,2,0,1,2,27.88,31.82,89,15.0013,0,4,4,11060110.,04AM00.,06,04,3
2011-06-01 05:00:00,2,0,1,2,27.06,29.545,89,6.0032,2,19,21,11060110.,05AM00.,06,05,3
2011-06-01 06:00:00,2,0,1,2,27.88,31.82,89,6.0032,7,121,128,11060110.,06AM00.,06,06,3
2011-06-01 07:00:00,2,0,1,2,28.7,33.335,79,11.0014,19,265,284,11060110.,07AM00.,06,07,3
2011-06-01 08:00:00,2,0,1,2,29.52,34.85,79,12.998,37,417,454,11060110.,08AM00.,06,08,3
2011-06-01 09:00:00,2,0,1,2,30.34,35.605,74,15.0013,34,173,207,11060110.,09AM00.,06,09,3
2011-06-01 10:00:00,2,0,1,2,31.16,37.12,75,16.9979,31,84,115,11060110.,10AM00.,06,10,3
2011-06-01 11:00:00,2,0,1,2,33.62,40.15,59,15.0013,26,86,112,11060110.,11AM00.,06,11,3
2011-06-01 12:00:00,2,0,1,1,35.26,41.665,53,0.0,32,137,169,11060110.,12PM00.,06,12,3
2011-06-01 13:00:00,2,0,1,1,36.9,40.91,37,12.998,29,125,154,11060110.,01PM00.,06,13,3
2011-06-01 14:00:00,2,0,1,1,36.9,40.91,37,16.9979,40,105,145,11060110.,02PM00.,06,14,3
2011-06-01 15:00:00,2,0,1,1,36.9,41.665,39,19.9995,25,127,152,11060110.,03PM00.,06,15,3
2011-06-01 16:00:00,2,0,1,1,35.26,40.15,47,19.9995,39,227,266,11060110.,04PM00.,06,16,3
2011-06-01 17:00:00,2,0,1,1,35.26,40.15,47,19.9995,52,434,486,11060110.,05PM00.,06,17,3
2011-06-01 18:00:00,2,0,1,3,33.62,39.395,56,26.0027,31,278,309,11060110.,06PM00.,06,18,3
2011-06-01 19:00:00,2,0,1,2,30.34,35.605,79,11.0014,16,248,264,11060110.,07PM00.,06,19,3
2011-06-01 20:00:00,2,0,1,2,30.34,35.605,79,16.9979,23,233,256,11060110.,08PM00.,06,20,3
2011-06-01 21:00:00,2,0,1,1,30.34,34.85,70,19.0012,29,161,190,11060110.,09PM00.,06,21,3
2011-06-01 22:00:00,2,0,1,1,30.34,34.85,66,8.9981,14,115,129,11060110.,10PM00.,06,22,3
2011-06-01 23:00:00,2,0,1,1,30.34,33.335,51,11.0014,10,59,69,11060110.,11PM00.,06,23,3
2011-06-02 00:00:00,2,0,1,1,30.34,32.575,40,23.9994,11,31,42,11060210.,12AM00.,06,00,4
2011-06-02 01:00:00,2,0,1,1,29.52,32.575,38,7.0015,3,12,15,11060210.,01AM00.,06,01,4
2011-06-02 02:00:00,2,0,1,1,28.7,31.82,39,0.0,0,6,6,11060210.,02AM00.,06,02,4
2011-06-02 03:00:00,2,0,1,1,27.06,31.06,44,7.0015,0,4,4,11060210.,03AM00.,06,03,4
2011-06-02 04:00:00,2,0,1,1,27.06,31.06,41,12.998,0,3,3,11060210.,04AM00.,06,04,4
2011-06-02 05:00:00,2,0,1,1,27.06,31.06,39,15.0013,3,28,31,11060210.,05AM00.,06,05,4
2011-06-02 06:00:00,2,0,1,1,27.06,31.06,39,8.9981,7,106,113,11060210.,06AM00.,06,06,4
2011-06-02 07:00:00,2,0,1,1,28.7,31.82,34,16.9979,19,285,304,11060210.,07AM00.,06,07,4
2011-06-02 08:00:00,2,0,1,1,28.7,31.82,32,19.9995,25,442,467,11060210.,08AM00.,06,08,4
2011-06-02 09:00:00,2,0,1,1,29.52,31.82,26,23.9994,28,197,225,11060210.,09AM00.,06,09,4
2011-06-02 10:00:00,2,0,1,1,29.52,32.575,28,32.9975,33,106,139,11060210.,10AM00.,06,10,4
2011-06-02 11:00:00,2,0,1,1,30.34,32.575,28,26.0027,42,123,165,11060210.,11AM00.,06,11,4
2011-06-02 12:00:00,2,0,1,1,31.16,33.335,25,31.0009,39,193,232,11060210.,12PM00.,06,12,4
2011-06-02 13:00:00,2,0,1,1,32.8,34.09,24,23.9994,35,168,203,11060210.,01PM00.,06,13,4
2011-06-02 14:00:00,2,0,1,1,31.98,33.335,24,22.0028,43,142,185,11060210.,02PM00.,06,14,4
2011-06-02 15:00:00,2,0,1,1,32.8,34.09,21,26.0027,44,144,188,11060210.,03PM00.,06,15,4
2011-06-02 16:00:00,2,0,1,1,32.8,34.09,22,32.9975,63,255,318,11060210.,04PM00.,06,16,4
2011-06-02 17:00:00,2,0,1,1,31.16,32.575,20,35.0008,88,484,572,11060210.,05PM00.,06,17,4
2011-06-02 18:00:00,2,0,1,1,30.34,32.575,22,26.0027,74,451,525,11060210.,06PM00.,06,18,4
2011-06-02 19:00:00,2,0,1,1,29.52,31.82,23,19.9995,58,321,379,11060210.,07PM00.,06,19,4
2011-06-02 20:00:00,2,0,1,1,28.7,31.82,24,12.998,51,286,337,11060210.,08PM00.,06,20,4
2011-06-02 21:00:00,2,0,1,1,27.06,31.06,31,12.998,33,215,248,11060210.,09PM00.,06,21,4
2011-06-02 22:00:00,2,0,1,1,26.24,31.06,33,16.9979,14,141,155,11060210.,10PM00.,06,22,4
2011-06-02 23:00:00,2,0,1,1,25.42,31.06,35,15.0013,23,89,112,11060210.,11PM00.,06,23,4
2011-06-03 00:00:00,2,0,1,1,25.42,31.06,38,19.0012,15,53,68,11060310.,12AM00.,06,00,5
2011-06-03 01:00:00,2,0,1,1,24.6,31.06,38,23.9994,7,15,22,11060310.,01AM00.,06,01,5
2011-06-03 02:00:00,2,0,1,1,22.96,26.515,43,15.0013,0,12,12,11060310.,02AM00.,06,02,5
2011-06-03 03:00:00,2,0,1,1,22.14,25.76,49,15.0013,0,5,5,11060310.,03AM00.,06,03,5
2011-06-03 04:00:00,2,0,1,1,21.32,25.0,48,22.0028,1,5,6,11060310.,04AM00.,06,04,5
2011-06-03 05:00:00,2,0,1,1,21.32,25.0,48,23.9994,4,24,28,11060310.,05AM00.,06,05,5
2011-06-03 06:00:00,2,0,1,1,22.14,25.76,45,19.9995,8,98,106,11060310.,06AM00.,06,06,5
2011-06-03 07:00:00,2,0,1,1,22.14,25.76,45,16.9979,25,252,277,11060310.,07AM00.,06,07,5
2011-06-03 08:00:00,2,0,1,2,22.96,26.515,43,22.0028,31,471,502,11060310.,08AM00.,06,08,5
2011-06-03 09:00:00,2,0,1,1,23.78,27.275,40,11.0014,36,194,230,11060310.,09AM00.,06,09,5
2011-06-03 10:00:00,2,0,1,1,25.42,31.06,33,16.9979,54,107,161,11060310.,10AM00.,06,10,5
2011-06-03 11:00:00,2,0,1,1,26.24,31.06,31,22.0028,57,135,192,11060310.,11AM00.,06,11,5
2011-06-03 12:00:00,2,0,1,1,27.06,31.06,27,19.0012,51,208,259,11060310.,12PM00.,06,12,5
2011-06-03 13:00:00,2,0,1,1,27.88,31.06,26,16.9979,58,190,248,11060310.,01PM00.,06,13,5
2011-06-03 14:00:00,2,0,1,1,28.7,31.82,28,19.0012,66,174,240,11060310.,02PM00.,06,14,5
2011-06-03 15:00:00,2,0,1,1,28.7,31.82,28,19.0012,56,156,212,11060310.,03PM00.,06,15,5
2011-06-03 16:00:00,2,0,1,1,29.52,31.82,26,22.0028,63,286,349,11060310.,04PM00.,06,16,5
2011-06-03 17:00:00,2,0,1,1,29.52,31.82,25,19.0012,73,485,558,11060310.,05PM00.,06,17,5
2011-06-03 18:00:00,2,0,1,1,28.7,31.82,24,19.9995,76,488,564,11060310.,06PM00.,06,18,5
2011-06-03 19:00:00,2,0,1,1,27.88,31.06,26,19.0012,53,338,391,11060310.,07PM00.,06,19,5
2011-06-03 20:00:00,2,0,1,1,26.24,31.06,29,11.0014,57,236,293,11060310.,08PM00.,06,20,5
2011-06-03 21:00:00,2,0,1,1,26.24,31.06,29,7.0015,51,196,247,11060310.,09PM00.,06,21,5
2011-06-03 22:00:00,2,0,1,1,25.42,31.06,35,0.0,26,145,171,11060310.,10PM00.,06,22,5
2011-06-03 23:00:00,2,0,1,1,23.78,27.275,46,7.0015,30,141,171,11060310.,11PM00.,06,23,5
2011-06-04 00:00:00,2,0,0,1,22.96,26.515,52,0.0,24,69,93,11060410.,12AM00.,06,00,6
2011-06-04 01:00:00,2,0,0,1,22.14,25.76,64,7.0015,14,80,94,11060410.,01AM00.,06,01,6
2011-06-04 02:00:00,2,0,0,1,22.14,25.76,56,12.998,18,41,59,11060410.,02AM00.,06,02,6
2011-06-04 03:00:00,2,0,0,1,21.32,25.0,59,7.0015,8,10,18,11060410.,03AM00.,06,03,6
2011-06-04 04:00:00,2,0,0,1,21.32,25.0,59,6.0032,4,11,15,11060410.,04AM00.,06,04,6
2011-06-04 05:00:00,2,0,0,1,20.5,24.24,64,0.0,3,5,8,11060410.,05AM00.,06,05,6
2011-06-04 06:00:00,2,0,0,1,22.14,25.76,60,0.0,11,17,28,11060410.,06AM00.,06,06,6
2011-06-04 07:00:00,2,0,0,1,22.96,26.515,56,0.0,27,60,87,11060410.,07AM00.,06,07,6
2011-06-04 08:00:00,2,0,0,1,24.6,31.06,46,6.0032,29,96,125,11060410.,08AM00.,06,08,6
2011-06-04 09:00:00,2,0,0,1,25.42,31.06,43,8.9981,55,169,224,11060410.,09AM00.,06,09,6
2011-06-04 10:00:00,2,0,0,1,26.24,31.06,38,7.0015,115,202,317,11060410.,10AM00.,06,10,6
2011-06-04 11:00:00,2,0,0,1,27.06,31.06,36,8.9981,120,249,369,11060410.,11AM00.,06,11,6
2011-06-04 12:00:00,2,0,0,1,28.7,31.82,32,11.0014,150,270,420,11060410.,12PM00.,06,12,6
2011-06-04 13:00:00,2,0,0,1,30.34,32.575,28,8.9981,188,268,456,11060410.,01PM00.,06,13,6
2011-06-04 14:00:00,2,0,0,1,30.34,32.575,33,15.0013,193,258,451,11060410.,02PM00.,06,14,6
2011-06-04 15:00:00,2,0,0,2,30.34,32.575,27,27.9993,180,224,404,11060410.,03PM00.,06,15,6
2011-06-04 16:00:00,2,0,0,2,29.52,32.575,30,8.9981,168,272,440,11060410.,04PM00.,06,16,6
2011-06-04 17:00:00,2,0,0,2,29.52,32.575,34,16.9979,142,202,344,11060410.,05PM00.,06,17,6
2011-06-04 18:00:00,2,0,0,2,30.34,32.575,30,11.0014,127,214,341,11060410.,06PM00.,06,18,6
2011-06-04 19:00:00,2,0,0,2,28.7,31.82,39,6.0032,79,206,285,11060410.,07PM00.,06,19,6
2011-06-04 20:00:00,2,0,0,2,28.7,32.575,48,6.0032,90,149,239,11060410.,08PM00.,06,20,6
2011-06-04 21:00:00,2,0,0,2,27.06,31.06,47,7.0015,46,139,185,11060410.,09PM00.,06,21,6
2011-06-04 22:00:00,2,0,0,1,26.24,31.06,57,15.0013,49,141,190,11060410.,10PM00.,06,22,6
2011-06-04 23:00:00,2,0,0,2,26.24,31.06,57,0.0,29,121,150,11060410.,11PM00.,06,23,6
2011-06-05 00:00:00,2,0,0,1,26.24,31.06,57,6.0032,23,90,113,11060510.,12AM00.,06,00,7
2011-06-05 01:00:00,2,0,0,2,26.24,31.06,61,11.0014,26,70,96,11060510.,01AM00.,06,01,7
2011-06-05 02:00:00,2,0,0,2,26.24,31.06,61,11.0014,16,48,64,11060510.,02AM00.,06,02,7
2011-06-05 03:00:00,2,0,0,2,25.42,30.305,65,11.0014,22,25,47,11060510.,03AM00.,06,03,7
2011-06-05 04:00:00,2,0,0,2,25.42,30.305,65,11.0014,4,8,12,11060510.,04AM00.,06,04,7
2011-06-05 05:00:00,2,0,0,2,25.42,30.305,61,8.9981,1,5,6,11060510.,05AM00.,06,05,7
2011-06-05 06:00:00,2,0,0,2,25.42,30.305,61,7.0015,10,11,21,11060510.,06AM00.,06,06,7
2011-06-05 07:00:00,2,0,0,2,24.6,29.545,73,16.9979,8,19,27,11060510.,07AM00.,06,07,7
2011-06-05 08:00:00,2,0,0,2,24.6,29.545,73,16.9979,24,74,98,11060510.,08AM00.,06,08,7
2011-06-05 09:00:00,2,0,0,2,24.6,28.79,78,12.998,53,111,164,11060510.,09AM00.,06,09,7
2011-06-05 10:00:00,2,0,0,2,25.42,29.545,73,6.0032,83,168,251,11060510.,10AM00.,06,10,7
2011-06-05 11:00:00,2,0,0,2,26.24,30.305,69,7.0015,121,214,335,11060510.,11AM00.,06,11,7
2011-06-05 12:00:00,2,0,0,2,26.24,30.305,69,7.0015,123,212,335,11060510.,12PM00.,06,12,7
2011-06-05 13:00:00,2,0,0,1,27.06,31.06,65,7.0015,154,213,367,11060510.,01PM00.,06,13,7
2011-06-05 14:00:00,2,0,0,1,28.7,32.575,58,11.0014,161,224,385,11060510.,02PM00.,06,14,7
2011-06-05 15:00:00,2,0,0,1,28.7,32.575,54,0.0,161,256,417,11060510.,03PM00.,06,15,7
2011-06-05 16:00:00,2,0,0,1,29.52,33.335,51,6.0032,138,260,398,11060510.,04PM00.,06,16,7
2011-06-05 17:00:00,2,0,0,1,30.34,33.335,51,0.0,126,264,390,11060510.,05PM00.,06,17,7
2011-06-05 18:00:00,2,0,0,1,28.7,32.575,58,7.0015,124,239,363,11060510.,06PM00.,06,18,7
2011-06-05 19:00:00,2,0,0,1,27.88,31.82,65,11.0014,108,249,357,11060510.,07PM00.,06,19,7
2011-06-05 20:00:00,2,0,0,1,27.06,31.06,69,12.998,84,195,279,11060510.,08PM00.,06,20,7
2011-06-05 21:00:00,2,0,0,1,26.24,30.305,73,11.0014,54,111,165,11060510.,09PM00.,06,21,7
2011-06-05 22:00:00,2,0,0,1,26.24,29.545,78,15.0013,36,94,130,11060510.,10PM00.,06,22,7
2011-06-05 23:00:00,2,0,0,1,25.42,29.545,78,8.9981,25,61,86,11060510.,11PM00.,06,23,7
2011-06-06 00:00:00,2,0,1,1,25.42,29.545,78,8.9981,11,18,29,11060610.,12AM00.,06,00,1
2011-06-06 01:00:00,2,0,1,1,24.6,28.03,83,8.9981,9,5,14,11060610.,01AM00.,06,01,1
2011-06-06 02:00:00,2,0,1,1,23.78,27.275,88,7.0015,4,4,8,11060610.,02AM00.,06,02,1
2011-06-06 03:00:00,2,0,1,1,23.78,27.275,88,0.0,2,3,5,11060610.,03AM00.,06,03,1
2011-06-06 04:00:00,2,0,1,1,22.96,26.515,94,7.0015,4,4,8,11060610.,04AM00.,06,04,1
2011-06-06 05:00:00,2,0,1,1,22.96,26.515,88,6.0032,7,24,31,11060610.,05AM00.,06,05,1
2011-06-06 06:00:00,2,0,1,1,23.78,27.275,88,0.0,11,101,112,11060610.,06AM00.,06,06,1
2011-06-06 07:00:00,2,0,1,1,25.42,29.545,78,7.0015,18,281,299,11060610.,07AM00.,06,07,1
2011-06-06 08:00:00,2,0,1,1,26.24,30.305,73,6.0032,28,410,438,11060610.,08AM00.,06,08,1
2011-06-06 09:00:00,2,0,1,1,28.7,32.575,58,11.0014,26,162,188,11060610.,09AM00.,06,09,1
2011-06-06 10:00:00,2,0,1,1,29.52,33.335,51,15.0013,31,64,95,11060610.,10AM00.,06,10,1
2011-06-06 11:00:00,2,0,1,1,30.34,33.335,42,8.9981,39,72,111,11060610.,11AM00.,06,11,1
2011-06-06 12:00:00,2,0,1,1,31.16,33.335,37,11.0014,25,128,153,11060610.,12PM00.,06,12,1
2011-06-06 13:00:00,2,0,1,1,31.98,34.09,35,0.0,28,152,180,11060610.,01PM00.,06,13,1
2011-06-06 14:00:00,2,0,1,1,31.98,34.09,31,8.9981,46,99,145,11060610.,02PM00.,06,14,1
2011-06-06 15:00:00,2,0,1,1,32.8,34.85,29,12.998,38,127,165,11060610.,03PM00.,06,15,1
2011-06-06 16:00:00,2,0,1,1,31.16,33.335,33,8.9981,34,233,267,11060610.,04PM00.,06,16,1
2011-06-06 17:00:00,2,0,1,1,31.98,34.09,33,19.0012,63,516,579,11060610.,05PM00.,06,17,1
2011-06-06 18:00:00,2,0,1,1,31.16,33.335,31,8.9981,56,500,556,11060610.,06PM00.,06,18,1
2011-06-06 19:00:00,2,0,1,1,29.52,33.335,54,12.998,64,343,407,11060610.,07PM00.,06,19,1
2011-06-06 20:00:00,2,0,1,1,27.88,31.82,61,8.9981,59,277,336,11060610.,08PM00.,06,20,1
2011-06-06 21:00:00,2,0,1,1,27.06,31.06,57,6.0032,29,160,189,11060610.,09PM00.,06,21,1
2011-06-06 22:00:00,2,0,1,1,27.06,31.06,61,6.0032,36,137,173,11060610.,10PM00.,06,22,1
2011-06-06 23:00:00,2,0,1,1,26.24,30.305,69,6.0032,5,55,60,11060610.,11PM00.,06,23,1
2011-06-07 00:00:00,2,0,1,1,26.24,30.305,65,6.0032,5,15,20,11060710.,12AM00.,06,00,2
2011-06-07 01:00:00,2,0,1,1,25.42,30.305,69,8.9981,2,2,4,11060710.,01AM00.,06,01,2
2011-06-07 02:00:00,2,0,1,1,24.6,29.545,73,6.0032,3,2,5,11060710.,02AM00.,06,02,2
2011-06-07 03:00:00,2,0,1,1,24.6,29.545,73,6.0032,1,1,2,11060710.,03AM00.,06,03,2
2011-06-07 04:00:00,2,0,1,1,23.78,27.275,83,8.9981,2,3,5,11060710.,04AM00.,06,04,2
2011-06-07 05:00:00,2,0,1,1,23.78,27.275,88,11.0014,2,30,32,11060710.,05AM00.,06,05,2
2011-06-07 06:00:00,2,0,1,1,24.6,28.79,78,8.9981,10,116,126,11060710.,06AM00.,06,06,2
2011-06-07 07:00:00,2,0,1,2,26.24,30.305,69,12.998,23,311,334,11060710.,07AM00.,06,07,2
2011-06-07 08:00:00,2,0,1,2,27.88,31.82,61,8.9981,45,432,477,11060710.,08AM00.,06,08,2
2011-06-07 09:00:00,2,0,1,2,29.52,33.335,58,15.0013,27,190,217,11060710.,09AM00.,06,09,2
2011-06-07 10:00:00,2,0,1,2,31.16,34.09,48,12.998,37,86,123,11060710.,10AM00.,06,10,2
2011-06-07 11:00:00,2,0,1,2,31.16,34.85,52,16.9979,38,113,151,11060710.,11AM00.,06,11,2
2011-06-07 12:00:00,2,0,1,2,32.8,36.365,46,19.0012,42,141,183,11060710.,12PM00.,06,12,2
2011-06-07 13:00:00,2,0,1,2,32.8,36.365,43,16.9979,55,141,196,11060710.,01PM00.,06,13,2
2011-06-07 14:00:00,2,0,1,2,32.8,36.365,43,19.0012,34,112,146,11060710.,02PM00.,06,14,2
2011-06-07 15:00:00,2,0,1,2,33.62,37.12,41,22.0028,56,127,183,11060710.,03PM00.,06,15,2
2011-06-07 16:00:00,2,0,1,1,32.8,35.605,38,15.0013,55,253,308,11060710.,04PM00.,06,16,2
2011-06-07 17:00:00,2,0,1,1,32.8,36.365,43,16.9979,64,475,539,11060710.,05PM00.,06,17,2
2011-06-07 18:00:00,2,0,1,1,31.98,34.85,46,19.0012,72,479,551,11060710.,06PM00.,06,18,2
2011-06-07 19:00:00,2,0,1,1,31.16,34.09,48,16.9979,69,355,424,11060710.,07PM00.,06,19,2
2011-06-07 20:00:00,2,0,1,1,30.34,34.09,56,8.9981,45,301,346,11060710.,08PM00.,06,20,2
2011-06-07 21:00:00,2,0,1,1,29.52,34.09,70,8.9981,31,187,218,11060710.,09PM00.,06,21,2
2011-06-07 22:00:00,2,0,1,1,28.7,32.575,65,8.9981,27,126,153,11060710.,10PM00.,06,22,2
2011-06-07 23:00:00,2,0,1,1,27.88,31.82,79,7.0015,18,72,90,11060710.,11PM00.,06,23,2
2011-06-08 00:00:00,2,0,1,1,27.06,29.545,89,8.9981,12,29,41,11060810.,12AM00.,06,00,3
2011-06-08 01:00:00,2,0,1,1,27.06,30.305,78,0.0,3,20,23,11060810.,01AM00.,06,01,3
2011-06-08 02:00:00,2,0,1,1,26.24,28.79,89,6.0032,0,7,7,11060810.,02AM00.,06,02,3
2011-06-08 03:00:00,2,0,1,1,26.24,28.79,89,6.0032,2,1,3,11060810.,03AM00.,06,03,3
2011-06-08 04:00:00,2,0,1,1,25.42,28.79,83,0.0,0,6,6,11060810.,04AM00.,06,04,3
2011-06-08 05:00:00,2,0,1,1,25.42,28.03,88,0.0,0,21,21,11060810.,05AM00.,06,05,3
2011-06-08 06:00:00,2,0,1,1,26.24,28.79,89,8.9981,13,103,116,11060810.,06AM00.,06,06,3
2011-06-08 07:00:00,2,0,1,1,27.06,31.06,74,7.0015,24,329,353,11060810.,07AM00.,06,07,3
2011-06-08 08:00:00,2,0,1,1,31.16,35.605,58,11.0014,46,435,481,11060810.,08AM00.,06,08,3
2011-06-08 09:00:00,2,0,1,1,31.16,35.605,58,11.0014,34,168,202,11060810.,09AM00.,06,09,3
2011-06-08 10:00:00,2,0,1,1,33.62,37.12,43,15.0013,27,63,90,11060810.,10AM00.,06,10,3
2011-06-08 11:00:00,2,0,1,1,34.44,37.88,41,12.998,28,106,134,11060810.,11AM00.,06,11,3
2011-06-08 12:00:00,2,0,1,1,36.08,40.91,42,8.9981,15,134,149,11060810.,12PM00.,06,12,3
2011-06-08 13:00:00,2,0,1,1,36.9,42.425,42,0.0,20,116,136,11060810.,01PM00.,06,13,3
2011-06-08 14:00:00,2,0,1,1,37.72,43.94,40,16.9979,44,111,155,11060810.,02PM00.,06,14,3
2011-06-08 15:00:00,2,0,1,1,37.72,43.94,40,11.0014,28,100,128,11060810.,03PM00.,06,15,3
2011-06-08 16:00:00,2,0,1,1,37.72,43.94,40,15.0013,34,199,233,11060810.,04PM00.,06,16,3
2011-06-08 17:00:00,2,0,1,1,37.72,42.425,35,15.0013,80,426,506,11060810.,05PM00.,06,17,3
2011-06-08 18:00:00,2,0,1,1,36.9,40.91,37,15.0013,61,398,459,11060810.,06PM00.,06,18,3
2011-06-08 19:00:00,2,0,1,1,33.62,40.15,59,8.9981,61,323,384,11060810.,07PM00.,06,19,3
2011-06-08 20:00:00,2,0,1,1,32.8,39.395,63,8.9981,55,225,280,11060810.,08PM00.,06,20,3
2011-06-08 21:00:00,2,0,1,1,32.8,40.15,66,8.9981,34,168,202,11060810.,09PM00.,06,21,3
2011-06-08 22:00:00,2,0,1,1,31.16,37.12,75,11.0014,37,139,176,11060810.,10PM00.,06,22,3
2011-06-08 23:00:00,2,0,1,1,31.16,37.12,75,12.998,18,98,116,11060810.,11PM00.,06,23,3
2011-06-09 00:00:00,2,0,1,2,30.34,35.605,79,8.9981,7,40,47,11060910.,12AM00.,06,00,4
2011-06-09 01:00:00,2,0,1,1,30.34,35.605,79,7.0015,3,13,16,11060910.,01AM00.,06,01,4
2011-06-09 02:00:00,2,0,1,2,29.52,35.605,84,11.0014,0,6,6,11060910.,02AM00.,06,02,4
2011-06-09 03:00:00,2,0,1,2,29.52,35.605,84,7.0015,0,2,2,11060910.,03AM00.,06,03,4
2011-06-09 04:00:00,2,0,1,2,29.52,34.85,79,6.0032,2,4,6,11060910.,04AM00.,06,04,4
2011-06-09 05:00:00,2,0,1,2,28.7,33.335,84,0.0,1,19,20,11060910.,05AM00.,06,05,4
2011-06-09 06:00:00,2,0,1,2,29.52,35.605,84,6.0032,13,105,118,11060910.,06AM00.,06,06,4
2011-06-09 07:00:00,2,0,1,2,29.52,34.85,79,8.9981,31,283,314,11060910.,07AM00.,06,07,4
2011-06-09 08:00:00,2,0,1,2,31.16,36.365,70,7.0015,32,400,432,11060910.,08AM00.,06,08,4
2011-06-09 09:00:00,2,0,1,1,34.44,39.395,49,0.0,20,148,168,11060910.,09AM00.,06,09,4
2011-06-09 10:00:00,2,0,1,1,35.26,40.91,50,19.0012,20,74,94,11060910.,10AM00.,06,10,4
2011-06-09 11:00:00,2,0,1,1,36.9,42.425,42,15.0013,36,82,118,11060910.,11AM00.,06,11,4
2011-06-09 12:00:00,2,0,1,1,37.72,42.425,35,12.998,40,100,140,11060910.,12PM00.,06,12,4
2011-06-09 13:00:00,2,0,1,1,36.9,40.91,37,6.0032,18,118,136,11060910.,01PM00.,06,13,4
2011-06-09 14:00:00,2,0,1,1,37.72,43.94,40,12.998,25,93,118,11060910.,02PM00.,06,14,4
2011-06-09 15:00:00,2,0,1,1,38.54,41.665,31,11.0014,18,86,104,11060910.,03PM00.,06,15,4
2011-06-09 16:00:00,2,0,1,1,37.72,41.665,33,8.9981,30,170,200,11060910.,04PM00.,06,16,4
2011-06-09 17:00:00,2,0,1,1,36.9,40.91,37,16.9979,54,355,409,11060910.,05PM00.,06,17,4
2011-06-09 18:00:00,2,0,1,1,36.08,40.15,39,19.0012,52,414,466,11060910.,06PM00.,06,18,4
2011-06-09 19:00:00,2,0,1,2,34.44,37.12,39,22.0028,55,271,326,11060910.,07PM00.,06,19,4
2011-06-09 20:00:00,2,0,1,2,32.8,36.365,43,12.998,40,214,254,11060910.,08PM00.,06,20,4
2011-06-09 21:00:00,2,0,1,3,31.16,34.85,52,0.0,29,142,171,11060910.,09PM00.,06,21,4
2011-06-09 22:00:00,2,0,1,2,30.34,34.09,58,11.0014,22,131,153,11060910.,10PM00.,06,22,4
2011-06-09 23:00:00,2,0,1,2,30.34,34.85,57,11.0014,15,82,97,11060910.,11PM00.,06,23,4
2011-06-10 00:00:00,2,0,1,3,28.7,32.575,65,15.0013,8,61,69,11061010.,12AM00.,06,00,5
2011-06-10 01:00:00,2,0,1,3,28.7,32.575,65,15.0013,5,18,23,11061010.,01AM00.,06,01,5
2011-06-10 02:00:00,2,0,1,1,27.88,31.82,69,11.0014,6,7,13,11061010.,02AM00.,06,02,5
2011-06-10 03:00:00,2,0,1,1,27.88,31.82,69,11.0014,3,3,6,11061010.,03AM00.,06,03,5
2011-06-10 04:00:00,2,0,1,1,27.06,30.305,78,11.0014,0,4,4,11061010.,04AM00.,06,04,5
2011-06-10 05:00:00,2,0,1,1,27.06,30.305,78,11.0014,0,28,28,11061010.,05AM00.,06,05,5
2011-06-10 06:00:00,2,0,1,1,27.06,30.305,78,6.0032,10,94,104,11061010.,06AM00.,06,06,5
2011-06-10 07:00:00,2,0,1,1,29.52,34.09,66,7.0015,25,242,267,11061010.,07AM00.,06,07,5
2011-06-10 08:00:00,2,0,1,1,30.34,34.09,58,8.9981,29,423,452,11061010.,08AM00.,06,08,5
2011-06-10 09:00:00,2,0,1,1,31.16,34.85,55,0.0,37,176,213,11061010.,09AM00.,06,09,5
2011-06-10 10:00:00,2,0,1,1,31.98,35.605,52,0.0,23,88,111,11061010.,10AM00.,06,10,5
2011-06-10 11:00:00,2,0,1,1,33.62,37.88,46,0.0,46,107,153,11061010.,11AM00.,06,11,5
2011-06-10 12:00:00,2,0,1,1,34.44,37.88,44,8.9981,40,167,207,11061010.,12PM00.,06,12,5
2011-06-10 13:00:00,2,0,1,1,34.44,37.88,44,7.0015,40,149,189,11061010.,01PM00.,06,13,5
2011-06-10 14:00:00,2,0,1,1,35.26,38.635,39,0.0,44,121,165,11061010.,02PM00.,06,14,5
2011-06-10 15:00:00,2,0,1,1,34.44,37.88,44,7.0015,49,163,212,11061010.,03PM00.,06,15,5
2011-06-10 16:00:00,2,0,1,1,33.62,39.395,56,19.9995,46,239,285,11061010.,04PM00.,06,16,5
2011-06-10 17:00:00,2,0,1,1,33.62,38.635,52,15.0013,63,454,517,11061010.,05PM00.,06,17,5
2011-06-10 18:00:00,2,0,1,1,32.8,38.635,59,15.0013,96,367,463,11061010.,06PM00.,06,18,5
2011-06-10 19:00:00,2,0,1,1,31.98,37.12,59,12.998,61,245,306,11061010.,07PM00.,06,19,5
2011-06-10 20:00:00,2,0,1,1,31.16,35.605,62,7.0015,53,197,250,11061010.,08PM00.,06,20,5
2011-06-10 21:00:00,2,0,1,1,31.16,36.365,66,8.9981,55,163,218,11061010.,09PM00.,06,21,5
2011-06-10 22:00:00,2,0,1,1,29.52,34.85,74,16.9979,40,145,185,11061010.,10PM00.,06,22,5
2011-06-10 23:00:00,2,0,1,1,29.52,34.85,74,11.0014,36,110,146,11061010.,11PM00.,06,23,5
2011-06-11 00:00:00,2,0,0,1,28.7,33.335,79,8.9981,28,89,117,11061110.,12AM00.,06,00,6
2011-06-11 01:00:00,2,0,0,1,28.7,33.335,79,6.0032,10,67,77,11061110.,01AM00.,06,01,6
2011-06-11 02:00:00,2,0,0,1,28.7,33.335,79,7.0015,10,50,60,11061110.,02AM00.,06,02,6
2011-06-11 03:00:00,2,0,0,1,27.88,31.82,83,6.0032,10,18,28,11061110.,03AM00.,06,03,6
2011-06-11 04:00:00,2,0,0,1,27.88,31.82,79,6.0032,4,9,13,11061110.,04AM00.,06,04,6
2011-06-11 05:00:00,2,0,0,1,27.88,31.82,74,8.9981,4,12,16,11061110.,05AM00.,06,05,6
2011-06-11 06:00:00,2,0,0,1,28.7,32.575,61,8.9981,9,31,40,11061110.,06AM00.,06,06,6
2011-06-11 07:00:00,2,0,0,1,29.52,33.335,58,12.998,18,50,68,11061110.,07AM00.,06,07,6
2011-06-11 08:00:00,2,0,0,1,30.34,34.09,58,12.998,32,111,143,11061110.,08AM00.,06,08,6
2011-06-11 09:00:00,2,0,0,1,30.34,34.09,62,8.9981,59,171,230,11061110.,09AM00.,06,09,6
2011-06-11 10:00:00,2,0,0,1,30.34,34.09,58,11.0014,91,173,264,11061110.,10AM00.,06,10,6
2011-06-11 11:00:00,2,0,0,1,31.16,35.605,62,8.9981,110,215,325,11061110.,11AM00.,06,11,6
2011-06-11 12:00:00,2,0,0,1,32.8,37.88,55,15.0013,112,235,347,11061110.,12PM00.,06,12,6
2011-06-11 13:00:00,2,0,0,1,32.8,37.88,55,12.998,150,237,387,11061110.,01PM00.,06,13,6
2011-06-11 14:00:00,2,0,0,1,33.62,38.635,49,7.0015,148,232,380,11061110.,02PM00.,06,14,6
2011-06-11 15:00:00,2,0,0,1,33.62,38.635,49,7.0015,142,232,374,11061110.,03PM00.,06,15,6
2011-06-11 16:00:00,2,0,0,2,32.8,36.365,46,12.998,169,225,394,11061110.,04PM00.,06,16,6
2011-06-11 17:00:00,2,0,0,2,30.34,34.09,58,11.0014,147,190,337,11061110.,05PM00.,06,17,6
2011-06-11 18:00:00,2,0,0,2,29.52,34.09,62,8.9981,131,155,286,11061110.,06PM00.,06,18,6
2011-06-11 19:00:00,2,0,0,1,28.7,32.575,65,12.998,97,167,264,11061110.,07PM00.,06,19,6
2011-06-11 20:00:00,2,0,0,1,27.88,31.82,74,16.9979,95,180,275,11061110.,08PM00.,06,20,6
2011-06-11 21:00:00,2,0,0,1,27.06,31.06,74,15.0013,76,144,220,11061110.,09PM00.,06,21,6
2011-06-11 22:00:00,2,0,0,1,27.06,30.305,78,15.0013,53,137,190,11061110.,10PM00.,06,22,6
2011-06-11 23:00:00,2,0,0,1,27.06,31.06,74,7.0015,24,107,131,11061110.,11PM00.,06,23,6
2011-06-12 00:00:00,2,0,0,1,27.06,30.305,78,15.0013,19,100,119,11061210.,12AM00.,06,00,7
2011-06-12 01:00:00,2,0,0,1,26.24,28.79,83,7.0015,19,74,93,11061210.,01AM00.,06,01,7
2011-06-12 02:00:00,2,0,0,1,26.24,28.79,89,16.9979,9,57,66,11061210.,02AM00.,06,02,7
2011-06-12 03:00:00,2,0,0,1,26.24,28.79,89,19.0012,8,20,28,11061210.,03AM00.,06,03,7
2011-06-12 04:00:00,2,0,0,1,25.42,28.03,88,11.0014,8,6,14,11061210.,04AM00.,06,04,7
2011-06-12 05:00:00,2,0,0,1,25.42,28.03,88,15.0013,5,5,10,11061210.,05AM00.,06,05,7
2011-06-12 06:00:00,2,0,0,1,25.42,28.03,88,7.0015,5,9,14,11061210.,06AM00.,06,06,7
2011-06-12 07:00:00,2,0,0,1,26.24,29.545,78,7.0015,7,27,34,11061210.,07AM00.,06,07,7
2011-06-12 08:00:00,2,0,0,1,28.7,33.335,74,0.0,28,64,92,11061210.,08AM00.,06,08,7
2011-06-12 09:00:00,2,0,0,1,29.52,34.09,66,0.0,75,107,182,11061210.,09AM00.,06,09,7
2011-06-12 10:00:00,2,0,0,1,31.16,35.605,58,6.0032,120,191,311,11061210.,10AM00.,06,10,7
2011-06-12 11:00:00,2,0,0,1,31.98,36.365,55,7.0015,131,236,367,11061210.,11AM00.,06,11,7
2011-06-12 12:00:00,2,0,0,1,33.62,37.88,46,0.0,176,244,420,11061210.,12PM00.,06,12,7
2011-06-12 13:00:00,2,0,0,1,31.98,37.12,59,19.0012,109,264,373,11061210.,01PM00.,06,13,7
2011-06-12 14:00:00,2,0,0,1,33.62,39.395,56,16.9979,96,219,315,11061210.,02PM00.,06,14,7
2011-06-12 15:00:00,2,0,0,1,32.8,38.635,59,19.9995,142,218,360,11061210.,03PM00.,06,15,7
2011-06-12 16:00:00,2,0,0,3,27.88,31.82,83,19.0012,115,235,350,11061210.,04PM00.,06,16,7
2011-06-12 17:00:00,2,0,0,3,27.88,31.82,83,19.0012,94,158,252,11061210.,05PM00.,06,17,7
2011-06-12 18:00:00,2,0,0,1,28.7,33.335,74,11.0014,69,187,256,11061210.,06PM00.,06,18,7
2011-06-12 19:00:00,2,0,0,1,28.7,33.335,74,7.0015,67,156,223,11061210.,07PM00.,06,19,7
2011-06-12 20:00:00,2,0,0,1,27.06,30.305,83,11.0014,62,144,206,11061210.,08PM00.,06,20,7
2011-06-12 21:00:00,2,0,0,1,27.06,30.305,83,7.0015,39,101,140,11061210.,09PM00.,06,21,7
2011-06-12 22:00:00,2,0,0,1,26.24,28.79,83,8.9981,31,97,128,11061210.,10PM00.,06,22,7
2011-06-12 23:00:00,2,0,0,1,26.24,29.545,78,12.998,33,74,107,11061210.,11PM00.,06,23,7
2011-06-13 00:00:00,2,0,1,1,26.24,29.545,78,8.9981,8,20,28,11061310.,12AM00.,06,00,1
2011-06-13 01:00:00,2,0,1,1,26.24,30.305,73,15.0013,6,10,16,11061310.,01AM00.,06,01,1
2011-06-13 02:00:00,2,0,1,1,25.42,29.545,73,19.0012,2,8,10,11061310.,02AM00.,06,02,1
2011-06-13 03:00:00,2,0,1,1,24.6,30.305,60,32.9975,1,6,7,11061310.,03AM00.,06,03,1
2011-06-13 04:00:00,2,0,1,1,22.96,26.515,64,19.9995,1,3,4,11061310.,04AM00.,06,04,1
2011-06-13 05:00:00,2,0,1,1,22.14,25.76,64,26.0027,2,27,29,11061310.,05AM00.,06,05,1
2011-06-13 06:00:00,2,0,1,1,22.14,25.76,64,27.9993,7,98,105,11061310.,06AM00.,06,06,1
2011-06-13 07:00:00,2,0,1,1,22.96,26.515,56,23.9994,26,302,328,11061310.,07AM00.,06,07,1
2011-06-13 08:00:00,2,0,1,1,23.78,27.275,49,30.0026,44,432,476,11061310.,08AM00.,06,08,1
2011-06-13 09:00:00,2,0,1,1,25.42,31.06,46,23.9994,35,189,224,11061310.,09AM00.,06,09,1
2011-06-13 10:00:00,2,0,1,1,26.24,31.06,41,22.0028,38,80,118,11061310.,10AM00.,06,10,1
2011-06-13 11:00:00,2,0,1,1,27.06,31.06,41,19.9995,53,106,159,11061310.,11AM00.,06,11,1
2011-06-13 12:00:00,2,0,1,1,27.06,31.06,41,19.0012,35,161,196,11061310.,12PM00.,06,12,1
2011-06-13 13:00:00,2,0,1,1,28.7,31.82,37,0.0,53,174,227,11061310.,01PM00.,06,13,1
2011-06-13 14:00:00,2,0,1,1,28.7,31.82,34,16.9979,55,145,200,11061310.,02PM00.,06,14,1
2011-06-13 15:00:00,2,0,1,1,28.7,31.82,37,30.0026,58,127,185,11061310.,03PM00.,06,15,1
2011-06-13 16:00:00,2,0,1,1,28.7,31.82,37,27.9993,64,262,326,11061310.,04PM00.,06,16,1
2011-06-13 17:00:00,2,0,1,1,28.7,31.82,39,22.0028,72,529,601,11061310.,05PM00.,06,17,1
2011-06-13 18:00:00,2,0,1,1,28.7,31.82,37,23.9994,76,510,586,11061310.,06PM00.,06,18,1
2011-06-13 19:00:00,2,0,1,1,27.06,31.06,39,19.0012,75,348,423,11061310.,07PM00.,06,19,1
2011-06-13 20:00:00,2,0,1,1,26.24,31.06,44,16.9979,78,253,331,11061310.,08PM00.,06,20,1
2011-06-13 21:00:00,2,0,1,1,26.24,31.06,41,16.9979,40,178,218,11061310.,09PM00.,06,21,1
2011-06-13 22:00:00,2,0,1,1,25.42,31.06,46,15.0013,20,114,134,11061310.,10PM00.,06,22,1
2011-06-13 23:00:00,2,0,1,1,25.42,31.06,46,12.998,14,75,89,11061310.,11PM00.,06,23,1
2011-06-14 00:00:00,2,0,1,1,24.6,31.06,49,12.998,13,18,31,11061410.,12AM00.,06,00,2
2011-06-14 01:00:00,2,0,1,1,24.6,31.06,49,16.9979,3,10,13,11061410.,01AM00.,06,01,2
2011-06-14 02:00:00,2,0,1,1,24.6,31.06,49,19.0012,2,8,10,11061410.,02AM00.,06,02,2
2011-06-14 03:00:00,2,0,1,1,23.78,27.275,53,22.0028,1,1,2,11061410.,03AM00.,06,03,2
2011-06-14 04:00:00,2,0,1,1,22.14,25.76,60,16.9979,0,3,3,11061410.,04AM00.,06,04,2
2011-06-14 05:00:00,2,0,1,1,22.14,25.76,56,22.0028,3,23,26,11061410.,05AM00.,06,05,2
2011-06-14 06:00:00,2,0,1,1,22.14,25.76,56,19.9995,6,107,113,11061410.,06AM00.,06,06,2
2011-06-14 07:00:00,2,0,1,1,22.96,26.515,52,27.9993,19,346,365,11061410.,07AM00.,06,07,2
2011-06-14 08:00:00,2,0,1,1,23.78,27.275,49,26.0027,45,441,486,11061410.,08AM00.,06,08,2
2011-06-14 09:00:00,2,0,1,1,25.42,31.06,46,12.998,19,174,193,11061410.,09AM00.,06,09,2
2011-06-14 10:00:00,2,0,1,1,25.42,31.06,46,15.0013,33,97,130,11061410.,10AM00.,06,10,2
2011-06-14 11:00:00,2,0,1,1,26.24,31.06,41,19.0012,40,103,143,11061410.,11AM00.,06,11,2
2011-06-14 12:00:00,2,0,1,1,26.24,31.06,41,23.9994,30,139,169,11061410.,12PM00.,06,12,2
2011-06-14 13:00:00,2,0,1,1,26.24,31.06,44,15.0013,33,176,209,11061410.,01PM00.,06,13,2
2011-06-14 14:00:00,2,0,1,2,26.24,31.06,47,12.998,41,118,159,11061410.,02PM00.,06,14,2
2011-06-14 15:00:00,2,0,1,1,26.24,31.06,47,11.0014,42,136,178,11061410.,03PM00.,06,15,2
2011-06-14 16:00:00,2,0,1,1,27.88,31.82,41,12.998,51,279,330,11061410.,04PM00.,06,16,2
2011-06-14 17:00:00,2,0,1,3,26.24,31.06,50,19.0012,85,484,569,11061410.,05PM00.,06,17,2
2011-06-14 18:00:00,2,0,1,1,25.42,31.06,51,22.0028,65,473,538,11061410.,06PM00.,06,18,2
2011-06-14 19:00:00,2,0,1,1,26.24,31.06,50,23.9994,51,335,386,11061410.,07PM00.,06,19,2
2011-06-14 20:00:00,2,0,1,1,24.6,31.06,56,11.0014,60,237,297,11061410.,08PM00.,06,20,2
2011-06-14 21:00:00,2,0,1,1,24.6,31.06,56,19.9995,37,206,243,11061410.,09PM00.,06,21,2
2011-06-14 22:00:00,2,0,1,1,23.78,27.275,60,15.0013,29,159,188,11061410.,10PM00.,06,22,2
2011-06-14 23:00:00,2,0,1,1,22.96,26.515,68,15.0013,19,91,110,11061410.,11PM00.,06,23,2
2011-06-15 00:00:00,2,0,1,1,22.96,26.515,64,23.9994,8,44,52,11061510.,12AM00.,06,00,3
2011-06-15 01:00:00,2,0,1,1,22.14,25.76,64,19.0012,0,14,14,11061510.,01AM00.,06,01,3
2011-06-15 02:00:00,2,0,1,1,21.32,25.0,63,15.0013,0,9,9,11061510.,02AM00.,06,02,3
2011-06-15 03:00:00,2,0,1,1,20.5,24.24,68,16.9979,0,1,1,11061510.,03AM00.,06,03,3
2011-06-15 04:00:00,2,0,1,1,20.5,24.24,63,19.0012,0,4,4,11061510.,04AM00.,06,04,3
2011-06-15 05:00:00,2,0,1,1,19.68,23.485,67,19.0012,1,20,21,11061510.,05AM00.,06,05,3
2011-06-15 06:00:00,2,0,1,1,20.5,24.24,63,16.9979,11,110,121,11061510.,06AM00.,06,06,3
2011-06-15 07:00:00,2,0,1,1,22.14,25.76,60,8.9981,22,348,370,11061510.,07AM00.,06,07,3
2011-06-15 08:00:00,2,0,1,1,23.78,27.275,53,8.9981,53,445,498,11061510.,08AM00.,06,08,3
2011-06-15 09:00:00,2,0,1,1,24.6,31.06,49,0.0,22,185,207,11061510.,09AM00.,06,09,3
2011-06-15 10:00:00,2,0,1,1,26.24,31.06,47,11.0014,27,108,135,11061510.,10AM00.,06,10,3
2011-06-15 11:00:00,2,0,1,1,27.88,31.82,36,0.0,49,115,164,11061510.,11AM00.,06,11,3
2011-06-15 12:00:00,2,0,1,1,28.7,31.82,34,15.0013,33,178,211,11061510.,12PM00.,06,12,3
2011-06-15 13:00:00,2,0,1,1,30.34,32.575,28,19.0012,43,146,189,11061510.,01PM00.,06,13,3
2011-06-15 14:00:00,2,0,1,1,30.34,32.575,28,0.0,50,128,178,11061510.,02PM00.,06,14,3
2011-06-15 15:00:00,2,0,1,1,31.16,33.335,27,0.0,33,131,164,11061510.,03PM00.,06,15,3
2011-06-15 16:00:00,2,0,1,1,31.16,33.335,27,8.9981,47,265,312,11061510.,04PM00.,06,16,3
2011-06-15 17:00:00,2,0,1,1,30.34,32.575,28,7.0015,83,555,638,11061510.,05PM00.,06,17,3
2011-06-15 18:00:00,2,0,1,1,29.52,32.575,32,8.9981,80,527,607,11061510.,06PM00.,06,18,3
2011-06-15 19:00:00,2,0,1,1,28.7,31.82,37,19.0012,54,362,416,11061510.,07PM00.,06,19,3
2011-06-15 20:00:00,2,0,1,1,27.06,31.06,44,11.0014,57,273,330,11061510.,08PM00.,06,20,3
2011-06-15 21:00:00,2,0,1,1,26.24,31.06,47,15.0013,48,209,257,11061510.,09PM00.,06,21,3
2011-06-15 22:00:00,2,0,1,1,25.42,31.06,50,7.0015,31,144,175,11061510.,10PM00.,06,22,3
2011-06-15 23:00:00,2,0,1,1,25.42,31.06,53,0.0,17,90,107,11061510.,11PM00.,06,23,3
2011-06-16 00:00:00,2,0,1,1,24.6,31.06,56,7.0015,9,38,47,11061610.,12AM00.,06,00,4
2011-06-16 01:00:00,2,0,1,1,23.78,27.275,60,0.0,4,13,17,11061610.,01AM00.,06,01,4
2011-06-16 02:00:00,2,0,1,1,24.6,31.06,56,6.0032,1,4,5,11061610.,02AM00.,06,02,4
2011-06-16 03:00:00,2,0,1,2,22.96,26.515,73,6.0032,0,4,4,11061610.,03AM00.,06,03,4
2011-06-16 04:00:00,2,0,1,2,22.96,26.515,68,7.0015,0,6,6,11061610.,04AM00.,06,04,4
2011-06-16 05:00:00,2,0,1,1,24.6,30.305,64,12.998,7,18,25,11061610.,05AM00.,06,05,4
2011-06-16 06:00:00,2,0,1,3,23.78,27.275,73,11.0014,8,104,112,11061610.,06AM00.,06,06,4
2011-06-16 07:00:00,2,0,1,3,22.96,26.515,78,11.0014,16,172,188,11061610.,07AM00.,06,07,4
2011-06-16 08:00:00,2,0,1,2,24.6,29.545,69,8.9981,24,364,388,11061610.,08AM00.,06,08,4
2011-06-16 09:00:00,2,0,1,2,25.42,30.305,65,12.998,29,232,261,11061610.,09AM00.,06,09,4
2011-06-16 10:00:00,2,0,1,2,27.06,31.06,61,16.9979,18,103,121,11061610.,10AM00.,06,10,4
2011-06-16 11:00:00,2,0,1,2,27.88,31.82,61,19.9995,33,117,150,11061610.,11AM00.,06,11,4
2011-06-16 12:00:00,2,0,1,1,29.52,33.335,54,26.0027,41,165,206,11061610.,12PM00.,06,12,4
2011-06-16 13:00:00,2,0,1,2,29.52,33.335,54,16.9979,37,114,151,11061610.,01PM00.,06,13,4
2011-06-16 14:00:00,2,0,1,2,29.52,33.335,54,22.0028,39,114,153,11061610.,02PM00.,06,14,4
2011-06-16 15:00:00,2,0,1,2,28.7,32.575,61,19.9995,32,127,159,11061610.,03PM00.,06,15,4
2011-06-16 16:00:00,2,0,1,3,27.06,31.06,69,12.998,36,258,294,11061610.,04PM00.,06,16,4
2011-06-16 17:00:00,2,0,1,2,26.24,29.545,78,7.0015,42,230,272,11061610.,05PM00.,06,17,4
2011-06-16 18:00:00,2,0,1,1,26.24,28.79,83,15.0013,26,299,325,11061610.,06PM00.,06,18,4
2011-06-16 19:00:00,2,0,1,1,25.42,28.79,83,19.0012,58,269,327,11061610.,07PM00.,06,19,4
2011-06-16 20:00:00,2,0,1,1,25.42,28.79,83,22.0028,25,176,201,11061610.,08PM00.,06,20,4
2011-06-16 21:00:00,2,0,1,3,25.42,28.79,83,16.9979,34,154,188,11061610.,09PM00.,06,21,4
2011-06-16 22:00:00,2,0,1,3,25.42,28.79,83,16.9979,24,127,151,11061610.,10PM00.,06,22,4
2011-06-16 23:00:00,2,0,1,3,24.6,28.03,83,16.9979,2,14,16,11061610.,11PM00.,06,23,4
2011-06-17 00:00:00,2,0,1,1,22.96,26.515,88,6.0032,3,21,24,11061710.,12AM00.,06,00,5
2011-06-17 01:00:00,2,0,1,1,22.96,26.515,94,8.9981,4,19,23,11061710.,01AM00.,06,01,5
2011-06-17 02:00:00,2,0,1,1,22.96,26.515,94,7.0015,2,11,13,11061710.,02AM00.,06,02,5
2011-06-17 03:00:00,2,0,1,1,22.96,26.515,94,7.0015,1,5,6,11061710.,03AM00.,06,03,5
2011-06-17 04:00:00,2,0,1,1,22.14,25.76,94,8.9981,1,5,6,11061710.,04AM00.,06,04,5
2011-06-17 05:00:00,2,0,1,1,22.14,25.76,100,0.0,1,12,13,11061710.,05AM00.,06,05,5
2011-06-17 06:00:00,2,0,1,1,22.96,26.515,94,0.0,8,89,97,11061710.,06AM00.,06,06,5
2011-06-17 07:00:00,2,0,1,1,24.6,28.03,83,0.0,25,225,250,11061710.,07AM00.,06,07,5
2011-06-17 08:00:00,2,0,1,2,24.6,28.03,83,0.0,28,426,454,11061710.,08AM00.,06,08,5
2011-06-17 09:00:00,2,0,1,1,28.7,32.575,58,12.998,28,196,224,11061710.,09AM00.,06,09,5
2011-06-17 10:00:00,2,0,1,1,28.7,32.575,58,12.998,44,126,170,11061710.,10AM00.,06,10,5
2011-06-17 11:00:00,2,0,1,1,27.88,31.82,69,16.9979,43,138,181,11061710.,11AM00.,06,11,5
2011-06-17 12:00:00,2,0,1,1,28.7,32.575,65,16.9979,49,194,243,11061710.,12PM00.,06,12,5
2011-06-17 13:00:00,2,0,1,1,30.34,34.09,62,19.0012,48,156,204,11061710.,01PM00.,06,13,5
2011-06-17 14:00:00,2,0,1,1,31.16,34.85,52,12.998,73,142,215,11061710.,02PM00.,06,14,5
2011-06-17 15:00:00,2,0,1,1,31.98,34.85,43,15.0013,62,181,243,11061710.,03PM00.,06,15,5
2011-06-17 16:00:00,2,0,1,1,31.16,34.09,45,11.0014,69,286,355,11061710.,04PM00.,06,16,5
2011-06-17 17:00:00,2,0,1,3,31.16,34.09,40,12.998,85,467,552,11061710.,05PM00.,06,17,5
2011-06-17 18:00:00,2,0,1,3,31.16,34.09,40,12.998,62,388,450,11061710.,06PM00.,06,18,5
2011-06-17 19:00:00,2,0,1,3,26.24,28.79,83,16.9979,53,275,328,11061710.,07PM00.,06,19,5
2011-06-17 20:00:00,2,0,1,1,26.24,29.545,78,7.0015,40,192,232,11061710.,08PM00.,06,20,5
2011-06-17 21:00:00,2,0,1,1,26.24,29.545,78,6.0032,49,159,208,11061710.,09PM00.,06,21,5
2011-06-17 22:00:00,2,0,1,1,25.42,28.03,88,8.9981,48,127,175,11061710.,10PM00.,06,22,5
2011-06-17 23:00:00,2,0,1,1,25.42,28.79,83,8.9981,37,141,178,11061710.,11PM00.,06,23,5
2011-06-18 00:00:00,2,0,0,1,25.42,28.03,88,8.9981,21,83,104,11061810.,12AM00.,06,00,6
2011-06-18 01:00:00,2,0,0,1,25.42,28.79,83,7.0015,15,80,95,11061810.,01AM00.,06,01,6
2011-06-18 02:00:00,2,0,0,1,24.6,27.275,88,0.0,16,37,53,11061810.,02AM00.,06,02,6
2011-06-18 03:00:00,2,0,0,1,24.6,27.275,88,6.0032,4,16,20,11061810.,03AM00.,06,03,6
2011-06-18 04:00:00,2,0,0,1,24.6,27.275,88,6.0032,1,4,5,11061810.,04AM00.,06,04,6
2011-06-18 05:00:00,2,0,0,1,25.42,28.79,83,0.0,1,6,7,11061810.,05AM00.,06,05,6
2011-06-18 06:00:00,2,0,0,1,25.42,28.79,83,7.0015,9,18,27,11061810.,06AM00.,06,06,6
2011-06-18 07:00:00,2,0,0,1,26.24,29.545,78,8.9981,12,45,57,11061810.,07AM00.,06,07,6
2011-06-18 08:00:00,2,0,0,1,27.06,30.305,78,6.0032,28,103,131,11061810.,08AM00.,06,08,6
2011-06-18 09:00:00,2,0,0,1,28.7,32.575,61,15.0013,62,156,218,11061810.,09AM00.,06,09,6
2011-06-18 10:00:00,2,0,0,1,29.52,34.09,62,12.998,68,176,244,11061810.,10AM00.,06,10,6
2011-06-18 11:00:00,2,0,0,1,29.52,34.09,62,8.9981,134,270,404,11061810.,11AM00.,06,11,6
2011-06-18 12:00:00,2,0,0,1,30.34,34.85,66,6.0032,162,258,420,11061810.,12PM00.,06,12,6
2011-06-18 13:00:00,2,0,0,1,31.16,34.85,55,0.0,135,192,327,11061810.,01PM00.,06,13,6
2011-06-18 14:00:00,2,0,0,2,32.8,36.365,46,19.0012,138,196,334,11061810.,02PM00.,06,14,6
2011-06-18 15:00:00,2,0,0,2,33.62,37.88,46,8.9981,153,214,367,11061810.,03PM00.,06,15,6
2011-06-18 16:00:00,2,0,0,2,31.16,34.85,52,15.0013,193,275,468,11061810.,04PM00.,06,16,6
2011-06-18 17:00:00,2,0,0,2,31.16,34.09,48,11.0014,210,239,449,11061810.,05PM00.,06,17,6
2011-06-18 18:00:00,2,0,0,2,30.34,34.09,55,12.998,118,263,381,11061810.,06PM00.,06,18,6
2011-06-18 19:00:00,2,0,0,2,30.34,33.335,51,7.0015,99,227,326,11061810.,07PM00.,06,19,6
2011-06-18 20:00:00,2,0,0,2,29.52,33.335,58,8.9981,61,127,188,11061810.,08PM00.,06,20,6
2011-06-18 21:00:00,2,0,0,2,29.52,34.09,66,7.0015,58,125,183,11061810.,09PM00.,06,21,6
2011-06-18 22:00:00,2,0,0,2,29.52,34.09,62,8.9981,56,105,161,11061810.,10PM00.,06,22,6
2011-06-18 23:00:00,2,0,0,2,29.52,34.09,62,0.0,53,97,150,11061810.,11PM00.,06,23,6
2011-06-19 00:00:00,2,0,0,1,28.7,32.575,65,0.0,18,71,89,11061910.,12AM00.,06,00,7
2011-06-19 01:00:00,2,0,0,2,28.7,32.575,65,6.0032,17,59,76,11061910.,01AM00.,06,01,7
2011-06-19 02:00:00,2,0,0,1,27.88,31.82,74,6.0032,13,59,72,11061910.,02AM00.,06,02,7
2011-06-19 03:00:00,2,0,0,2,27.06,30.305,78,8.9981,14,16,30,11061910.,03AM00.,06,03,7
2011-06-19 04:00:00,2,0,0,2,27.06,31.06,74,8.9981,7,10,17,11061910.,04AM00.,06,04,7
2011-06-19 05:00:00,2,0,0,2,27.06,30.305,78,0.0,7,12,19,11061910.,05AM00.,06,05,7
2011-06-19 06:00:00,2,0,0,2,27.06,30.305,78,11.0014,11,22,33,11061910.,06AM00.,06,06,7
2011-06-19 07:00:00,2,0,0,2,27.06,30.305,78,11.0014,35,36,71,11061910.,07AM00.,06,07,7
2011-06-19 08:00:00,2,0,0,3,27.88,31.82,74,7.0015,25,59,84,11061910.,08AM00.,06,08,7
2011-06-19 09:00:00,2,0,0,2,27.88,31.82,74,7.0015,58,111,169,11061910.,09AM00.,06,09,7
2011-06-19 10:00:00,2,0,0,2,28.7,32.575,61,7.0015,86,158,244,11061910.,10AM00.,06,10,7
2011-06-19 11:00:00,2,0,0,2,29.52,33.335,58,6.0032,141,236,377,11061910.,11AM00.,06,11,7
2011-06-19 12:00:00,2,0,0,2,30.34,34.09,55,6.0032,141,255,396,11061910.,12PM00.,06,12,7
2011-06-19 13:00:00,2,0,0,2,30.34,33.335,51,0.0,149,214,363,11061910.,01PM00.,06,13,7
2011-06-19 14:00:00,2,0,0,3,30.34,34.09,58,7.0015,124,193,317,11061910.,02PM00.,06,14,7
2011-06-19 15:00:00,2,0,0,2,30.34,34.09,55,7.0015,146,216,362,11061910.,03PM00.,06,15,7
2011-06-19 16:00:00,2,0,0,2,31.16,34.09,48,0.0,121,257,378,11061910.,04PM00.,06,16,7
2011-06-19 17:00:00,2,0,0,1,30.34,33.335,51,0.0,159,238,397,11061910.,05PM00.,06,17,7
2011-06-19 18:00:00,2,0,0,2,30.34,34.09,58,6.0032,78,218,296,11061910.,06PM00.,06,18,7
2011-06-19 19:00:00,2,0,0,1,29.52,34.09,62,8.9981,94,217,311,11061910.,07PM00.,06,19,7
2011-06-19 20:00:00,2,0,0,1,28.7,32.575,70,12.998,86,146,232,11061910.,08PM00.,06,20,7
2011-06-19 21:00:00,2,0,0,1,27.88,31.82,79,8.9981,57,110,167,11061910.,09PM00.,06,21,7
2011-06-19 22:00:00,2,0,0,1,27.06,30.305,78,15.0013,38,114,152,11061910.,10PM00.,06,22,7
2011-06-19 23:00:00,2,0,0,1,27.06,30.305,78,12.998,14,78,92,11061910.,11PM00.,06,23,7
2011-07-01 00:00:00,3,0,1,1,27.06,31.06,50,0.0,20,48,68,11070110.,12AM00.,07,00,5
2011-07-01 01:00:00,3,0,1,1,27.06,31.06,50,0.0,15,16,31,11070110.,01AM00.,07,01,5
2011-07-01 02:00:00,3,0,1,1,25.42,30.305,69,0.0,6,7,13,11070110.,02AM00.,07,02,5
2011-07-01 03:00:00,3,0,1,1,26.24,31.06,53,0.0,5,6,11,11070110.,03AM00.,07,03,5
2011-07-01 04:00:00,3,0,1,1,25.42,31.06,57,0.0,1,5,6,11070110.,04AM00.,07,04,5
2011-07-01 05:00:00,3,0,1,1,24.6,30.305,64,8.9981,3,27,30,11070110.,05AM00.,07,05,5
2011-07-01 06:00:00,3,0,1,1,25.42,30.305,61,8.9981,11,97,108,11070110.,06AM00.,07,06,5
2011-07-01 07:00:00,3,0,1,1,27.06,31.06,54,7.0015,25,218,243,11070110.,07AM00.,07,07,5
2011-07-01 08:00:00,3,0,1,1,28.7,31.82,42,11.0014,39,453,492,11070110.,08AM00.,07,08,5
2011-07-01 09:00:00,3,0,1,1,30.34,32.575,35,11.0014,58,202,260,11070110.,09AM00.,07,09,5
2011-07-01 10:00:00,3,0,1,1,31.16,33.335,33,11.0014,61,109,170,11070110.,10AM00.,07,10,5
2011-07-01 11:00:00,3,0,1,1,32.8,34.85,26,0.0,68,146,214,11070110.,11AM00.,07,11,5
2011-07-01 12:00:00,3,0,1,1,32.8,34.85,26,0.0,83,180,263,11070110.,12PM00.,07,12,5
2011-07-01 13:00:00,3,0,1,1,32.8,34.09,24,0.0,83,209,292,11070110.,01PM00.,07,13,5
2011-07-01 14:00:00,3,0,1,1,33.62,34.85,23,12.998,78,225,303,11070110.,02PM00.,07,14,5
2011-07-01 15:00:00,3,0,1,1,33.62,34.85,21,16.9979,82,299,381,11070110.,03PM00.,07,15,5
2011-07-01 16:00:00,3,0,1,1,33.62,34.85,17,0.0,85,342,427,11070110.,04PM00.,07,16,5
2011-07-01 17:00:00,3,0,1,1,33.62,34.85,21,12.998,99,362,461,11070110.,05PM00.,07,17,5
2011-07-01 18:00:00,3,0,1,1,32.8,34.09,24,16.9979,98,324,422,11070110.,06PM00.,07,18,5
2011-07-01 19:00:00,3,0,1,1,31.98,33.335,25,12.998,80,238,318,11070110.,07PM00.,07,19,5
2011-07-01 20:00:00,3,0,1,1,29.52,32.575,42,15.0013,84,185,269,11070110.,08PM00.,07,20,5
2011-07-01 21:00:00,3,0,1,1,28.7,31.82,45,12.998,69,149,218,11070110.,09PM00.,07,21,5
2011-07-01 22:00:00,3,0,1,1,28.7,31.82,42,0.0,49,173,222,11070110.,10PM00.,07,22,5
2011-07-01 23:00:00,3,0,1,1,27.88,31.82,47,6.0032,44,96,140,11070110.,11PM00.,07,23,5
2011-07-02 00:00:00,3,0,0,1,27.88,31.82,47,6.0032,31,84,115,11070210.,12AM00.,07,00,6
2011-07-02 01:00:00,3,0,0,1,27.06,31.06,54,0.0,20,58,78,11070210.,01AM00.,07,01,6
2011-07-02 02:00:00,3,0,0,1,26.24,31.06,53,0.0,9,43,52,11070210.,02AM00.,07,02,6
2011-07-02 03:00:00,3,0,0,1,26.24,31.06,53,0.0,5,21,26,11070210.,03AM00.,07,03,6
2011-07-02 04:00:00,3,0,0,1,25.42,30.305,61,0.0,3,8,11,11070210.,04AM00.,07,04,6
2011-07-02 05:00:00,3,0,0,1,23.78,27.275,73,7.0015,1,13,14,11070210.,05AM00.,07,05,6
2011-07-02 06:00:00,3,0,0,1,25.42,30.305,69,7.0015,11,21,32,11070210.,06AM00.,07,06,6
2011-07-02 07:00:00,3,0,0,1,26.24,30.305,65,0.0,10,35,45,11070210.,07AM00.,07,07,6
2011-07-02 08:00:00,3,0,0,1,27.88,31.82,57,0.0,38,94,132,11070210.,08AM00.,07,08,6
2011-07-02 09:00:00,3,0,0,1,30.34,33.335,51,6.0032,55,124,179,11070210.,09AM00.,07,09,6
2011-07-02 10:00:00,3,0,0,1,32.8,35.605,36,0.0,103,168,271,11070210.,10AM00.,07,10,6
2011-07-02 11:00:00,3,0,0,1,32.8,35.605,36,6.0032,144,213,357,11070210.,11AM00.,07,11,6
2011-07-02 12:00:00,3,0,0,1,33.62,35.605,30,8.9981,142,232,374,11070210.,12PM00.,07,12,6
2011-07-02 13:00:00,3,0,0,1,33.62,35.605,30,7.0015,178,226,404,11070210.,01PM00.,07,13,6
2011-07-02 14:00:00,3,0,0,1,34.44,35.605,20,0.0,177,215,392,11070210.,02PM00.,07,14,6
2011-07-02 15:00:00,3,0,0,1,35.26,36.365,19,11.0014,168,163,331,11070210.,03PM00.,07,15,6
2011-07-02 16:00:00,3,0,0,1,36.08,37.12,22,15.0013,206,192,398,11070210.,04PM00.,07,16,6
2011-07-02 17:00:00,3,0,0,1,34.44,36.365,30,15.0013,179,170,349,11070210.,05PM00.,07,17,6
2011-07-02 18:00:00,3,0,0,1,33.62,35.605,30,19.0012,193,190,383,11070210.,06PM00.,07,18,6
2011-07-02 19:00:00,3,0,0,1,32.8,34.85,33,15.0013,156,149,305,11070210.,07PM00.,07,19,6
2011-07-02 20:00:00,3,0,0,1,31.16,34.09,45,19.0012,136,148,284,11070210.,08PM00.,07,20,6
2011-07-02 21:00:00,3,0,0,1,30.34,33.335,48,12.998,95,137,232,11070210.,09PM00.,07,21,6
2011-07-02 22:00:00,3,0,0,1,29.52,33.335,51,11.0014,78,123,201,11070210.,10PM00.,07,22,6
2011-07-02 23:00:00,3,0,0,1,29.52,33.335,54,19.0012,66,88,154,11070210.,11PM00.,07,23,6
2011-07-03 00:00:00,3,0,0,1,28.7,32.575,58,15.0013,47,97,144,11070310.,12AM00.,07,00,7
2011-07-03 01:00:00,3,0,0,2,28.7,32.575,61,11.0014,23,55,78,11070310.,01AM00.,07,01,7
2011-07-03 02:00:00,3,0,0,1,28.7,32.575,58,12.998,19,50,69,11070310.,02AM00.,07,02,7
2011-07-03 03:00:00,3,0,0,3,27.88,31.82,65,6.0032,8,25,33,11070310.,03AM00.,07,03,7
2011-07-03 04:00:00,3,0,0,3,27.88,31.82,65,6.0032,3,2,5,11070310.,04AM00.,07,04,7
2011-07-03 05:00:00,3,0,0,3,25.42,28.79,83,12.998,0,1,1,11070310.,05AM00.,07,05,7
2011-07-03 06:00:00,3,0,0,2,25.42,27.275,94,6.0032,0,3,3,11070310.,06AM00.,07,06,7
2011-07-03 07:00:00,3,0,0,2,26.24,28.79,89,12.998,3,22,25,11070310.,07AM00.,07,07,7
2011-07-03 08:00:00,3,0,0,1,27.88,31.82,79,15.0013,39,53,92,11070310.,08AM00.,07,08,7
2011-07-03 09:00:00,3,0,0,1,28.7,33.335,74,16.9979,82,99,181,11070310.,09AM00.,07,09,7
2011-07-03 10:00:00,3,0,0,1,30.34,34.85,66,11.0014,131,133,264,11070310.,10AM00.,07,10,7
2011-07-03 11:00:00,3,0,0,1,31.16,35.605,62,7.0015,215,175,390,11070310.,11AM00.,07,11,7
2011-07-03 12:00:00,3,0,0,1,32.8,37.88,55,7.0015,198,206,404,11070310.,12PM00.,07,12,7
2011-07-03 13:00:00,3,0,0,1,32.8,38.635,59,15.0013,248,173,421,11070310.,01PM00.,07,13,7
2011-07-03 14:00:00,3,0,0,1,33.62,39.395,56,16.9979,225,150,375,11070310.,02PM00.,07,14,7
2011-07-03 15:00:00,3,0,0,1,34.44,40.15,53,19.9995,194,182,376,11070310.,03PM00.,07,15,7
2011-07-03 16:00:00,3,0,0,1,34.44,40.15,53,19.9995,195,219,414,11070310.,04PM00.,07,16,7
2011-07-03 17:00:00,3,0,0,3,32.8,37.12,49,56.9969,181,177,358,11070310.,05PM00.,07,17,7
2011-07-03 18:00:00,3,0,0,3,32.8,37.12,49,56.9969,74,107,181,11070310.,06PM00.,07,18,7
2011-07-03 19:00:00,3,0,0,2,27.06,30.305,83,12.998,100,83,183,11070310.,07PM00.,07,19,7
2011-07-03 20:00:00,3,0,0,3,27.06,30.305,83,0.0,83,93,176,11070310.,08PM00.,07,20,7
2011-07-03 21:00:00,3,0,0,2,27.06,30.305,83,11.0014,75,92,167,11070310.,09PM00.,07,21,7
2011-07-03 22:00:00,3,0,0,2,27.06,30.305,78,7.0015,69,93,162,11070310.,10PM00.,07,22,7
2011-07-03 23:00:00,3,0,0,1,26.24,28.79,83,11.0014,70,77,147,11070310.,11PM00.,07,23,7
2011-07-04 00:00:00,3,1,0,1,26.24,28.79,83,8.9981,63,77,140,11070410.,12AM00.,07,00,1
2011-07-04 01:00:00,3,1,0,1,26.24,28.79,83,6.0032,43,76,119,11070410.,01AM00.,07,01,1
2011-07-04 02:00:00,3,1,0,1,26.24,28.79,83,0.0,33,30,63,11070410.,02AM00.,07,02,1
2011-07-04 03:00:00,3,1,0,1,26.24,29.545,78,0.0,13,13,26,11070410.,03AM00.,07,03,1
2011-07-04 04:00:00,3,1,0,2,27.06,30.305,78,6.0032,8,4,12,11070410.,04AM00.,07,04,1
2011-07-04 05:00:00,3,1,0,2,26.24,28.79,83,8.9981,1,3,4,11070410.,05AM00.,07,05,1
2011-07-04 06:00:00,3,1,0,1,26.24,28.79,89,11.0014,5,11,16,11070410.,06AM00.,07,06,1
2011-07-04 07:00:00,3,1,0,1,27.06,30.305,83,8.9981,17,19,36,11070410.,07AM00.,07,07,1
2011-07-04 08:00:00,3,1,0,1,28.7,33.335,74,7.0015,42,44,86,11070410.,08AM00.,07,08,1
2011-07-04 09:00:00,3,1,0,2,29.52,34.09,66,6.0032,142,96,238,11070410.,09AM00.,07,09,1
2011-07-04 10:00:00,3,1,0,2,31.16,34.85,55,6.0032,166,114,280,11070410.,10AM00.,07,10,1
2011-07-04 11:00:00,3,1,0,2,31.16,34.85,55,6.0032,177,172,349,11070410.,11AM00.,07,11,1
2011-07-04 12:00:00,3,1,0,2,31.98,35.605,52,0.0,237,210,447,11070410.,12PM00.,07,12,1
2011-07-04 13:00:00,3,1,0,2,31.98,35.605,49,0.0,242,181,423,11070410.,01PM00.,07,13,1
2011-07-04 14:00:00,3,1,0,1,32.8,36.365,46,0.0,235,173,408,11070410.,02PM00.,07,14,1
2011-07-04 15:00:00,3,1,0,1,33.62,37.12,43,6.0032,224,184,408,11070410.,03PM00.,07,15,1
2011-07-04 16:00:00,3,1,0,1,33.62,37.12,41,0.0,236,216,452,11070410.,04PM00.,07,16,1
2011-07-04 17:00:00,3,1,0,1,32.8,36.365,46,0.0,240,196,436,11070410.,05PM00.,07,17,1
2011-07-04 18:00:00,3,1,0,1,32.8,36.365,46,8.9981,222,196,418,11070410.,06PM00.,07,18,1
2011-07-04 19:00:00,3,1,0,2,31.98,35.605,49,11.0014,170,205,375,11070410.,07PM00.,07,19,1
2011-07-04 20:00:00,3,1,0,2,31.16,34.85,55,7.0015,195,191,386,11070410.,08PM00.,07,20,1
2011-07-04 21:00:00,3,1,0,2,30.34,34.09,62,7.0015,195,262,457,11070410.,09PM00.,07,21,1
2011-07-04 22:00:00,3,1,0,2,30.34,34.09,62,8.9981,115,211,326,11070410.,10PM00.,07,22,1
2011-07-04 23:00:00,3,1,0,2,29.52,34.09,70,7.0015,44,94,138,11070410.,11PM00.,07,23,1
2011-07-05 00:00:00,3,0,1,2,28.7,32.575,65,11.0014,19,36,55,11070510.,12AM00.,07,00,2
2011-07-05 01:00:00,3,0,1,1,28.7,32.575,65,7.0015,15,24,39,11070510.,01AM00.,07,01,2
2011-07-05 02:00:00,3,0,1,1,27.06,31.06,74,6.0032,8,5,13,11070510.,02AM00.,07,02,2
2011-07-05 03:00:00,3,0,1,1,27.06,31.06,74,15.0013,1,7,8,11070510.,03AM00.,07,03,2
2011-07-05 04:00:00,3,0,1,1,27.06,31.06,69,11.0014,1,4,5,11070510.,04AM00.,07,04,2
2011-07-05 05:00:00,3,0,1,1,27.06,31.06,69,0.0,1,19,20,11070510.,05AM00.,07,05,2
2011-07-05 06:00:00,3,0,1,1,27.06,31.06,74,6.0032,3,91,94,11070510.,06AM00.,07,06,2
2011-07-05 07:00:00,3,0,1,1,28.7,32.575,65,6.0032,22,248,270,11070510.,07AM00.,07,07,2
2011-07-05 08:00:00,3,0,1,1,29.52,34.09,62,8.9981,41,391,432,11070510.,08AM00.,07,08,2
2011-07-05 09:00:00,3,0,1,1,30.34,34.09,58,8.9981,50,177,227,11070510.,09AM00.,07,09,2
2011-07-05 10:00:00,3,0,1,1,31.16,34.85,52,7.0015,55,84,139,11070510.,10AM00.,07,10,2
2011-07-05 11:00:00,3,0,1,1,31.98,34.85,46,7.0015,75,97,172,11070510.,11AM00.,07,11,2
2011-07-05 12:00:00,3,0,1,1,32.8,36.365,43,7.0015,71,130,201,11070510.,12PM00.,07,12,2
2011-07-05 13:00:00,3,0,1,1,33.62,37.12,43,7.0015,67,136,203,11070510.,01PM00.,07,13,2
2011-07-05 14:00:00,3,0,1,1,32.8,37.12,49,11.0014,66,112,178,11070510.,02PM00.,07,14,2
2011-07-05 15:00:00,3,0,1,1,33.62,37.12,43,0.0,51,111,162,11070510.,03PM00.,07,15,2
2011-07-05 16:00:00,3,0,1,1,33.62,37.88,46,7.0015,79,202,281,11070510.,04PM00.,07,16,2
2011-07-05 17:00:00,3,0,1,1,33.62,37.88,46,7.0015,79,466,545,11070510.,05PM00.,07,17,2
2011-07-05 18:00:00,3,0,1,1,32.8,37.88,55,11.0014,70,426,496,11070510.,06PM00.,07,18,2
2011-07-05 19:00:00,3,0,1,1,32.8,38.635,59,8.9981,71,297,368,11070510.,07PM00.,07,19,2
2011-07-05 20:00:00,3,0,1,1,31.16,36.365,66,7.0015,59,225,284,11070510.,08PM00.,07,20,2
2011-07-05 21:00:00,3,0,1,1,31.98,37.12,62,16.9979,77,168,245,11070510.,09PM00.,07,21,2
2011-07-05 22:00:00,3,0,1,1,31.16,36.365,66,15.0013,31,124,155,11070510.,10PM00.,07,22,2
2011-07-05 23:00:00,3,0,1,1,30.34,34.85,66,11.0014,19,54,73,11070510.,11PM00.,07,23,2
2011-07-06 00:00:00,3,0,1,1,29.52,34.85,74,12.998,11,26,37,11070610.,12AM00.,07,00,3
2011-07-06 01:00:00,3,0,1,1,28.7,33.335,74,8.9981,4,11,15,11070610.,01AM00.,07,01,3
2011-07-06 02:00:00,3,0,1,1,28.7,33.335,79,6.0032,1,4,5,11070610.,02AM00.,07,02,3
2011-07-06 03:00:00,3,0,1,1,28.7,33.335,79,0.0,0,6,6,11070610.,03AM00.,07,03,3
2011-07-06 04:00:00,3,0,1,2,27.88,31.82,83,6.0032,0,6,6,11070610.,04AM00.,07,04,3
2011-07-06 05:00:00,3,0,1,1,27.88,31.82,83,6.0032,5,30,35,11070610.,05AM00.,07,05,3
2011-07-06 06:00:00,3,0,1,1,28.7,33.335,79,6.0032,9,112,121,11070610.,06AM00.,07,06,3
2011-07-06 07:00:00,3,0,1,2,29.52,34.85,79,0.0,24,288,312,11070610.,07AM00.,07,07,3
2011-07-06 08:00:00,3,0,1,2,29.52,34.85,74,7.0015,31,397,428,11070610.,08AM00.,07,08,3
2011-07-06 09:00:00,3,0,1,3,28.7,33.335,79,12.998,31,158,189,11070610.,09AM00.,07,09,3
2011-07-06 10:00:00,3,0,1,3,28.7,33.335,79,6.0032,13,30,43,11070610.,10AM00.,07,10,3
2011-07-06 11:00:00,3,0,1,2,29.52,34.85,74,0.0,24,103,127,11070610.,11AM00.,07,11,3
2011-07-06 12:00:00,3,0,1,2,30.34,34.85,66,6.0032,38,114,152,11070610.,12PM00.,07,12,3
2011-07-06 13:00:00,3,0,1,2,30.34,34.85,70,7.0015,33,107,140,11070610.,01PM00.,07,13,3
2011-07-06 14:00:00,3,0,1,1,31.16,36.365,66,19.0012,50,113,163,11070610.,02PM00.,07,14,3
2011-07-06 15:00:00,3,0,1,1,31.16,36.365,70,19.0012,55,130,185,11070610.,03PM00.,07,15,3
2011-07-06 16:00:00,3,0,1,1,31.16,36.365,70,16.9979,57,218,275,11070610.,04PM00.,07,16,3
2011-07-06 17:00:00,3,0,1,1,31.98,37.12,59,15.0013,79,517,596,11070610.,05PM00.,07,17,3
2011-07-06 18:00:00,3,0,1,1,31.16,35.605,62,12.998,77,486,563,11070610.,06PM00.,07,18,3
2011-07-06 19:00:00,3,0,1,1,30.34,34.85,70,15.0013,71,323,394,11070610.,07PM00.,07,19,3
2011-07-06 20:00:00,3,0,1,1,29.52,34.85,74,16.9979,55,257,312,11070610.,08PM00.,07,20,3
2011-07-06 21:00:00,3,0,1,1,28.7,33.335,79,12.998,66,175,241,11070610.,09PM00.,07,21,3
2011-07-06 22:00:00,3,0,1,1,28.7,33.335,79,12.998,30,156,186,11070610.,10PM00.,07,22,3
2011-07-06 23:00:00,3,0,1,1,27.88,31.82,83,15.0013,20,78,98,11070610.,11PM00.,07,23,3
2011-07-07 00:00:00,3,0,1,1,27.06,29.545,89,8.9981,6,29,35,11070710.,12AM00.,07,00,4
2011-07-07 01:00:00,3,0,1,1,27.06,29.545,89,12.998,2,14,16,11070710.,01AM00.,07,01,4
2011-07-07 02:00:00,3,0,1,1,27.06,29.545,89,12.998,1,7,8,11070710.,02AM00.,07,02,4
2011-07-07 03:00:00,3,0,1,1,26.24,28.03,94,7.0015,2,2,4,11070710.,03AM00.,07,03,4
2011-07-07 04:00:00,3,0,1,1,26.24,28.79,89,7.0015,0,4,4,11070710.,04AM00.,07,04,4
2011-07-07 05:00:00,3,0,1,1,26.24,28.79,89,7.0015,2,30,32,11070710.,05AM00.,07,05,4
2011-07-07 06:00:00,3,0,1,2,26.24,28.79,89,8.9981,11,107,118,11070710.,06AM00.,07,06,4
2011-07-07 07:00:00,3,0,1,2,27.06,29.545,89,7.0015,13,279,292,11070710.,07AM00.,07,07,4
2011-07-07 08:00:00,3,0,1,2,28.7,33.335,79,12.998,28,415,443,11070710.,08AM00.,07,08,4
2011-07-07 09:00:00,3,0,1,1,30.34,34.85,70,11.0014,25,154,179,11070710.,09AM00.,07,09,4
2011-07-07 10:00:00,3,0,1,1,31.98,37.12,62,0.0,29,72,101,11070710.,10AM00.,07,10,4
2011-07-07 11:00:00,3,0,1,1,33.62,38.635,52,8.9981,30,112,142,11070710.,11AM00.,07,11,4
2011-07-07 12:00:00,3,0,1,1,34.44,38.635,41,0.0,32,139,171,11070710.,12PM00.,07,12,4
2011-07-07 13:00:00,3,0,1,1,35.26,39.395,41,0.0,48,107,155,11070710.,01PM00.,07,13,4
2011-07-07 14:00:00,3,0,1,1,35.26,39.395,41,16.9979,39,121,160,11070710.,02PM00.,07,14,4
2011-07-07 15:00:00,3,0,1,1,35.26,39.395,41,16.9979,47,119,166,11070710.,03PM00.,07,15,4
2011-07-07 16:00:00,3,0,1,1,35.26,38.635,39,15.0013,47,218,265,11070710.,04PM00.,07,16,4
2011-07-07 17:00:00,3,0,1,1,35.26,37.88,36,16.9979,80,489,569,11070710.,05PM00.,07,17,4
2011-07-07 18:00:00,3,0,1,1,34.44,37.88,44,19.9995,70,492,562,11070710.,06PM00.,07,18,4
2011-07-07 19:00:00,3,0,1,1,33.62,38.635,52,19.0012,79,286,365,11070710.,07PM00.,07,19,4
2011-07-07 20:00:00,3,0,1,1,31.16,35.605,58,23.9994,61,224,285,11070710.,08PM00.,07,20,4
2011-07-07 21:00:00,3,0,1,1,30.34,34.09,62,11.0014,39,170,209,11070710.,09PM00.,07,21,4
2011-07-07 22:00:00,3,0,1,1,30.34,34.09,62,11.0014,32,150,182,11070710.,10PM00.,07,22,4
2011-07-07 23:00:00,3,0,1,1,29.52,34.09,66,0.0,31,98,129,11070710.,11PM00.,07,23,4
2011-07-08 00:00:00,3,0,1,1,30.34,34.85,66,7.0015,6,41,47,11070810.,12AM00.,07,00,5
2011-07-08 01:00:00,3,0,1,1,29.52,34.85,79,0.0,9,25,34,11070810.,01AM00.,07,01,5
2011-07-08 02:00:00,3,0,1,2,28.7,33.335,74,11.0014,10,12,22,11070810.,02AM00.,07,02,5
2011-07-08 03:00:00,3,0,1,1,27.88,31.82,79,7.0015,2,4,6,11070810.,03AM00.,07,03,5
2011-07-08 04:00:00,3,0,1,1,28.7,33.335,79,16.9979,7,4,11,11070810.,04AM00.,07,04,5
2011-07-08 05:00:00,3,0,1,1,27.88,31.82,79,16.9979,3,24,27,11070810.,05AM00.,07,05,5
2011-07-08 06:00:00,3,0,1,1,28.7,33.335,74,7.0015,11,91,102,11070810.,06AM00.,07,06,5
2011-07-08 07:00:00,3,0,1,2,28.7,33.335,79,12.998,30,302,332,11070810.,07AM00.,07,07,5
2011-07-08 08:00:00,3,0,1,2,29.52,34.85,74,16.9979,36,421,457,11070810.,08AM00.,07,08,5
2011-07-08 09:00:00,3,0,1,2,31.16,36.365,70,19.9995,30,211,241,11070810.,09AM00.,07,09,5
2011-07-08 10:00:00,3,0,1,2,30.34,34.85,70,23.9994,30,108,138,11070810.,10AM00.,07,10,5
2011-07-08 11:00:00,3,0,1,2,30.34,35.605,74,16.9979,61,104,165,11070810.,11AM00.,07,11,5
2011-07-08 12:00:00,3,0,1,2,31.16,36.365,70,19.0012,49,164,213,11070810.,12PM00.,07,12,5
2011-07-08 13:00:00,3,0,1,2,31.98,37.88,66,19.0012,54,175,229,11070810.,01PM00.,07,13,5
2011-07-08 14:00:00,3,0,1,2,32.8,39.395,63,23.9994,53,163,216,11070810.,02PM00.,07,14,5
2011-07-08 15:00:00,3,0,1,2,32.8,39.395,63,23.9994,39,102,141,11070810.,03PM00.,07,15,5
2011-07-08 16:00:00,3,0,1,3,27.88,31.82,83,30.0026,27,105,132,11070810.,04PM00.,07,16,5
2011-07-08 17:00:00,3,0,1,3,27.06,29.545,89,30.0026,6,161,167,11070810.,05PM00.,07,17,5
2011-07-08 18:00:00,3,0,1,1,27.06,30.305,83,6.0032,35,281,316,11070810.,06PM00.,07,18,5
2011-07-08 19:00:00,3,0,1,1,27.06,30.305,83,6.0032,45,225,270,11070810.,07PM00.,07,19,5
2011-07-08 20:00:00,3,0,1,1,27.06,30.305,83,11.0014,30,220,250,11070810.,08PM00.,07,20,5
2011-07-08 21:00:00,3,0,1,2,27.06,30.305,83,16.9979,46,158,204,11070810.,09PM00.,07,21,5
2011-07-08 22:00:00,3,0,1,2,27.06,30.305,78,12.998,33,136,169,11070810.,10PM00.,07,22,5
2011-07-08 23:00:00,3,0,1,2,27.06,30.305,78,6.0032,40,111,151,11070810.,11PM00.,07,23,5
2011-07-09 00:00:00,3,0,0,2,27.06,30.305,83,8.9981,31,90,121,11070910.,12AM00.,07,00,6
2011-07-09 01:00:00,3,0,0,2,26.24,28.79,89,7.0015,5,48,53,11070910.,01AM00.,07,01,6
2011-07-09 02:00:00,3,0,0,1,26.24,28.79,89,11.0014,12,43,55,11070910.,02AM00.,07,02,6
2011-07-09 03:00:00,3,0,0,1,26.24,28.79,89,8.9981,7,23,30,11070910.,03AM00.,07,03,6
2011-07-09 04:00:00,3,0,0,1,26.24,28.79,83,15.0013,2,4,6,11070910.,04AM00.,07,04,6
2011-07-09 05:00:00,3,0,0,2,25.42,28.03,88,11.0014,4,11,15,11070910.,05AM00.,07,05,6
2011-07-09 06:00:00,3,0,0,2,26.24,28.79,83,12.998,11,27,38,11070910.,06AM00.,07,06,6
2011-07-09 07:00:00,3,0,0,1,27.06,30.305,78,12.998,21,50,71,11070910.,07AM00.,07,07,6
2011-07-09 08:00:00,3,0,0,1,28.7,32.575,70,16.9979,68,114,182,11070910.,08AM00.,07,08,6
2011-07-09 09:00:00,3,0,0,1,30.34,34.09,58,19.0012,77,170,247,11070910.,09AM00.,07,09,6
2011-07-09 10:00:00,3,0,0,1,31.16,34.85,52,11.0014,87,177,264,11070910.,10AM00.,07,10,6
2011-07-09 11:00:00,3,0,0,1,31.98,34.85,46,19.9995,101,189,290,11070910.,11AM00.,07,11,6
2011-07-09 12:00:00,3,0,0,1,32.8,36.365,46,16.9979,145,221,366,11070910.,12PM00.,07,12,6
2011-07-09 13:00:00,3,0,0,1,33.62,37.12,41,15.0013,167,249,416,11070910.,01PM00.,07,13,6
2011-07-09 14:00:00,3,0,0,1,34.44,37.12,36,8.9981,158,215,373,11070910.,02PM00.,07,14,6
2011-07-09 15:00:00,3,0,0,1,34.44,36.365,34,6.0032,182,220,402,11070910.,03PM00.,07,15,6
2011-07-09 16:00:00,3,0,0,1,33.62,36.365,38,0.0,171,245,416,11070910.,04PM00.,07,16,6
2011-07-09 17:00:00,3,0,0,1,34.44,36.365,32,0.0,160,241,401,11070910.,05PM00.,07,17,6
2011-07-09 18:00:00,3,0,0,1,33.62,36.365,36,7.0015,132,246,378,11070910.,06PM00.,07,18,6
2011-07-09 19:00:00,3,0,0,1,31.16,34.85,55,11.0014,128,178,306,11070910.,07PM00.,07,19,6
2011-07-09 20:00:00,3,0,0,1,31.16,35.605,58,15.0013,129,185,314,11070910.,08PM00.,07,20,6
2011-07-09 21:00:00,3,0,0,1,30.34,34.09,58,11.0014,83,155,238,11070910.,09PM00.,07,21,6
2011-07-09 22:00:00,3,0,0,1,29.52,34.09,62,11.0014,60,154,214,11070910.,10PM00.,07,22,6
2011-07-09 23:00:00,3,0,0,1,29.52,33.335,58,12.998,47,93,140,11070910.,11PM00.,07,23,6
2011-07-10 00:00:00,3,0,0,1,28.7,32.575,61,11.0014,42,112,154,11071010.,12AM00.,07,00,7
2011-07-10 01:00:00,3,0,0,1,28.7,32.575,61,8.9981,19,94,113,11071010.,01AM00.,07,01,7
2011-07-10 02:00:00,3,0,0,1,27.88,31.82,69,6.0032,28,68,96,11071010.,02AM00.,07,02,7
2011-07-10 03:00:00,3,0,0,1,27.06,31.06,74,6.0032,6,19,25,11071010.,03AM00.,07,03,7
2011-07-10 04:00:00,3,0,0,1,27.06,31.06,69,6.0032,0,5,5,11071010.,04AM00.,07,04,7
2011-07-10 05:00:00,3,0,0,1,27.06,31.06,74,0.0,7,10,17,11071010.,05AM00.,07,05,7
2011-07-10 06:00:00,3,0,0,1,26.24,29.545,78,6.0032,8,17,25,11071010.,06AM00.,07,06,7
2011-07-10 07:00:00,3,0,0,1,28.7,32.575,70,6.0032,27,38,65,11071010.,07AM00.,07,07,7
2011-07-10 08:00:00,3,0,0,1,29.52,34.09,66,0.0,27,65,92,11071010.,08AM00.,07,08,7
2011-07-10 09:00:00,3,0,0,1,30.34,34.85,66,6.0032,62,107,169,11071010.,09AM00.,07,09,7
2011-07-10 10:00:00,3,0,0,1,31.16,34.85,55,8.9981,95,173,268,11071010.,10AM00.,07,10,7
2011-07-10 11:00:00,3,0,0,1,31.98,36.365,55,12.998,110,177,287,11071010.,11AM00.,07,11,7
2011-07-10 12:00:00,3,0,0,1,33.62,37.88,46,19.0012,133,244,377,11071010.,12PM00.,07,12,7
2011-07-10 13:00:00,3,0,0,1,32.8,36.365,46,19.9995,139,228,367,11071010.,01PM00.,07,13,7
2011-07-10 14:00:00,3,0,0,1,33.62,37.12,41,22.0028,122,227,349,11071010.,02PM00.,07,14,7
2011-07-10 15:00:00,3,0,0,1,34.44,37.12,39,19.0012,142,219,361,11071010.,03PM00.,07,15,7
2011-07-10 16:00:00,3,0,0,1,34.44,37.88,41,19.0012,128,244,372,11071010.,04PM00.,07,16,7
2011-07-10 17:00:00,3,0,0,1,34.44,37.12,36,15.0013,146,217,363,11071010.,05PM00.,07,17,7
2011-07-10 18:00:00,3,0,0,1,33.62,37.12,43,19.0012,141,222,363,11071010.,06PM00.,07,18,7
2011-07-10 19:00:00,3,0,0,1,32.8,37.12,49,22.0028,120,183,303,11071010.,07PM00.,07,19,7
2011-07-10 20:00:00,3,0,0,1,31.16,34.85,55,12.998,101,167,268,11071010.,08PM00.,07,20,7
2011-07-10 21:00:00,3,0,0,1,30.34,34.09,62,16.9979,65,162,227,11071010.,09PM00.,07,21,7
2011-07-10 22:00:00,3,0,0,1,30.34,34.85,66,15.0013,56,87,143,11071010.,10PM00.,07,22,7
2011-07-10 23:00:00,3,0,0,1,29.52,34.09,66,16.9979,19,53,72,11071010.,11PM00.,07,23,7
2011-07-11 00:00:00,3,0,1,1,28.7,32.575,65,12.998,10,25,35,11071110.,12AM00.,07,00,1
2011-07-11 01:00:00,3,0,1,1,28.7,32.575,61,19.0012,5,5,10,11071110.,01AM00.,07,01,1
2011-07-11 02:00:00,3,0,1,1,28.7,32.575,61,15.0013,8,4,12,11071110.,02AM00.,07,02,1
2011-07-11 03:00:00,3,0,1,1,27.88,31.82,65,11.0014,2,8,10,11071110.,03AM00.,07,03,1
2011-07-11 04:00:00,3,0,1,1,27.06,31.06,74,15.0013,0,4,4,11071110.,04AM00.,07,04,1
2011-07-11 05:00:00,3,0,1,1,27.06,31.06,74,8.9981,5,21,26,11071110.,05AM00.,07,05,1
2011-07-11 06:00:00,3,0,1,1,27.88,31.82,74,12.998,19,102,121,11071110.,06AM00.,07,06,1
2011-07-11 07:00:00,3,0,1,1,28.7,33.335,74,16.9979,28,289,317,11071110.,07AM00.,07,07,1
2011-07-11 08:00:00,3,0,1,1,30.34,34.85,66,19.0012,35,385,420,11071110.,08AM00.,07,08,1
2011-07-11 09:00:00,3,0,1,1,31.98,37.12,59,19.9995,41,167,208,11071110.,09AM00.,07,09,1
2011-07-11 10:00:00,3,0,1,1,32.8,37.88,55,23.9994,44,73,117,11071110.,10AM00.,07,10,1
2011-07-11 11:00:00,3,0,1,1,33.62,39.395,56,19.9995,39,89,128,11071110.,11AM00.,07,11,1
2011-07-11 12:00:00,3,0,1,1,34.44,40.15,53,19.0012,40,108,148,11071110.,12PM00.,07,12,1
2011-07-11 13:00:00,3,0,1,1,35.26,40.91,50,16.9979,22,119,141,11071110.,01PM00.,07,13,1
2011-07-11 14:00:00,3,0,1,1,35.26,41.665,53,19.0012,40,94,134,11071110.,02PM00.,07,14,1
2011-07-11 15:00:00,3,0,1,1,35.26,42.425,56,27.9993,38,108,146,11071110.,03PM00.,07,15,1
2011-07-11 16:00:00,3,0,1,1,35.26,42.425,56,26.0027,57,182,239,11071110.,04PM00.,07,16,1
2011-07-11 17:00:00,3,0,1,1,35.26,42.425,56,27.9993,59,455,514,11071110.,05PM00.,07,17,1
2011-07-11 18:00:00,3,0,1,1,35.26,41.665,53,26.0027,57,415,472,11071110.,06PM00.,07,18,1
2011-07-11 19:00:00,3,0,1,1,34.44,41.665,59,22.0028,80,293,373,11071110.,07PM00.,07,19,1
2011-07-11 20:00:00,3,0,1,1,29.52,34.85,74,27.9993,42,194,236,11071110.,08PM00.,07,20,1
2011-07-11 21:00:00,3,0,1,1,28.7,33.335,79,27.9993,21,109,130,11071110.,09PM00.,07,21,1
2011-07-11 22:00:00,3,0,1,1,29.52,34.85,74,8.9981,20,70,90,11071110.,10PM00.,07,22,1
2011-07-11 23:00:00,3,0,1,1,28.7,33.335,79,8.9981,11,44,55,11071110.,11PM00.,07,23,1
2011-07-12 00:00:00,3,0,1,1,28.7,33.335,79,8.9981,3,19,22,11071210.,12AM00.,07,00,2
2011-07-12 01:00:00,3,0,1,1,28.7,33.335,79,6.0032,6,8,14,11071210.,01AM00.,07,01,2
2011-07-12 02:00:00,3,0,1,1,28.7,33.335,79,7.0015,2,7,9,11071210.,02AM00.,07,02,2
2011-07-12 03:00:00,3,0,1,2,28.7,33.335,79,0.0,2,6,8,11071210.,03AM00.,07,03,2
2011-07-12 04:00:00,3,0,1,1,28.7,33.335,79,11.0014,0,6,6,11071210.,04AM00.,07,04,2
2011-07-12 05:00:00,3,0,1,1,28.7,33.335,79,6.0032,4,21,25,11071210.,05AM00.,07,05,2
2011-07-12 06:00:00,3,0,1,1,30.34,34.09,58,15.0013,13,102,115,11071210.,06AM00.,07,06,2
2011-07-12 07:00:00,3,0,1,1,31.16,34.85,55,12.998,29,301,330,11071210.,07AM00.,07,07,2
2011-07-12 08:00:00,3,0,1,1,31.16,35.605,58,15.0013,35,382,417,11071210.,08AM00.,07,08,2
2011-07-12 09:00:00,3,0,1,1,31.98,36.365,55,32.9975,27,149,176,11071210.,09AM00.,07,09,2
2011-07-12 10:00:00,3,0,1,1,33.62,38.635,52,11.0014,38,85,123,11071210.,10AM00.,07,10,2
2011-07-12 11:00:00,3,0,1,1,33.62,38.635,52,11.0014,39,86,125,11071210.,11AM00.,07,11,2
2011-07-12 12:00:00,3,0,1,1,35.26,39.395,44,19.9995,38,125,163,11071210.,12PM00.,07,12,2
2011-07-12 13:00:00,3,0,1,1,35.26,40.15,47,15.0013,32,104,136,11071210.,01PM00.,07,13,2
2011-07-12 14:00:00,3,0,1,1,36.9,42.425,42,19.9995,33,91,124,11071210.,02PM00.,07,14,2
2011-07-12 15:00:00,3,0,1,1,36.9,42.425,42,23.9994,37,111,148,11071210.,03PM00.,07,15,2
2011-07-12 16:00:00,3,0,1,1,35.26,39.395,44,19.0012,25,177,202,11071210.,04PM00.,07,16,2
2011-07-12 17:00:00,3,0,1,1,36.08,40.91,44,19.0012,48,380,428,11071210.,05PM00.,07,17,2
2011-07-12 18:00:00,3,0,1,1,35.26,40.15,47,19.9995,39,472,511,11071210.,06PM00.,07,18,2
2011-07-12 19:00:00,3,0,1,1,34.44,37.88,44,19.0012,42,295,337,11071210.,07PM00.,07,19,2
2011-07-12 20:00:00,3,0,1,1,33.62,37.12,43,12.998,57,251,308,11071210.,08PM00.,07,20,2
2011-07-12 21:00:00,3,0,1,1,33.62,37.12,43,7.0015,49,209,258,11071210.,09PM00.,07,21,2
2011-07-12 22:00:00,3,0,1,1,32.8,36.365,46,8.9981,44,150,194,11071210.,10PM00.,07,22,2
2011-07-12 23:00:00,3,0,1,1,31.98,35.605,52,0.0,20,59,79,11071210.,11PM00.,07,23,2
2011-07-13 00:00:00,3,0,1,1,31.16,35.605,62,0.0,9,37,46,11071310.,12AM00.,07,00,3
2011-07-13 01:00:00,3,0,1,1,31.16,34.85,55,0.0,1,11,12,11071310.,01AM00.,07,01,3
2011-07-13 02:00:00,3,0,1,1,31.16,34.85,55,0.0,2,3,5,11071310.,02AM00.,07,02,3
2011-07-13 03:00:00,3,0,1,1,30.34,34.09,58,12.998,0,4,4,11071310.,03AM00.,07,03,3
2011-07-13 04:00:00,3,0,1,1,30.34,34.09,58,16.9979,0,5,5,11071310.,04AM00.,07,04,3
2011-07-13 05:00:00,3,0,1,1,30.34,34.09,58,12.998,4,22,26,11071310.,05AM00.,07,05,3
2011-07-13 06:00:00,3,0,1,1,30.34,34.09,58,11.0014,18,103,121,11071310.,06AM00.,07,06,3
2011-07-13 07:00:00,3,0,1,1,31.16,34.85,55,16.9979,32,281,313,11071310.,07AM00.,07,07,3
2011-07-13 08:00:00,3,0,1,1,32.8,37.12,49,16.9979,31,418,449,11071310.,08AM00.,07,08,3
2011-07-13 09:00:00,3,0,1,1,33.62,37.12,41,12.998,23,163,186,11071310.,09AM00.,07,09,3
2011-07-13 10:00:00,3,0,1,1,33.62,37.88,46,12.998,33,80,113,11071310.,10AM00.,07,10,3
2011-07-13 11:00:00,3,0,1,1,34.44,37.12,39,11.0014,55,110,165,11071310.,11AM00.,07,11,3
2011-07-13 12:00:00,3,0,1,1,34.44,37.88,41,19.0012,40,134,174,11071310.,12PM00.,07,12,3
2011-07-13 13:00:00,3,0,1,3,33.62,37.88,46,8.9981,39,119,158,11071310.,01PM00.,07,13,3
2011-07-13 14:00:00,3,0,1,3,33.62,37.88,46,8.9981,27,89,116,11071310.,02PM00.,07,14,3
2011-07-13 15:00:00,3,0,1,3,26.24,28.03,94,8.9981,13,33,46,11071310.,03PM00.,07,15,3
2011-07-13 16:00:00,3,0,1,2,27.06,29.545,89,0.0,23,118,141,11071310.,04PM00.,07,16,3
2011-07-13 17:00:00,3,0,1,1,28.7,33.335,79,0.0,70,418,488,11071310.,05PM00.,07,17,3
2011-07-13 18:00:00,3,0,1,1,29.52,34.85,79,8.9981,51,412,463,11071310.,06PM00.,07,18,3
2011-07-13 19:00:00,3,0,1,1,28.7,33.335,79,7.0015,79,340,419,11071310.,07PM00.,07,19,3
2011-07-13 20:00:00,3,0,1,1,28.7,33.335,84,11.0014,61,281,342,11071310.,08PM00.,07,20,3
2011-07-13 21:00:00,3,0,1,1,28.7,33.335,79,7.0015,56,194,250,11071310.,09PM00.,07,21,3
2011-07-13 22:00:00,3,0,1,1,27.88,31.82,83,12.998,48,136,184,11071310.,10PM00.,07,22,3
2011-07-13 23:00:00,3,0,1,1,27.06,30.305,83,16.9979,33,83,116,11071310.,11PM00.,07,23,3
2011-07-14 00:00:00,3,0,1,1,27.06,31.06,69,19.9995,14,32,46,11071410.,12AM00.,07,00,4
2011-07-14 01:00:00,3,0,1,1,27.06,31.06,61,16.9979,4,21,25,11071410.,01AM00.,07,01,4
2011-07-14 02:00:00,3,0,1,1,26.24,31.06,57,19.9995,3,7,10,11071410.,02AM00.,07,02,4
2011-07-14 03:00:00,3,0,1,1,25.42,31.06,57,19.9995,1,5,6,11071410.,03AM00.,07,03,4
2011-07-14 04:00:00,3,0,1,1,25.42,31.06,53,16.9979,0,6,6,11071410.,04AM00.,07,04,4
2011-07-14 05:00:00,3,0,1,1,24.6,31.06,56,15.0013,6,22,28,11071410.,05AM00.,07,05,4
2011-07-14 06:00:00,3,0,1,1,24.6,30.305,60,15.0013,14,116,130,11071410.,06AM00.,07,06,4
2011-07-14 07:00:00,3,0,1,1,25.42,31.06,53,16.9979,23,311,334,11071410.,07AM00.,07,07,4
2011-07-14 08:00:00,3,0,1,1,26.24,31.06,50,23.9994,53,433,486,11071410.,08AM00.,07,08,4
2011-07-14 09:00:00,3,0,1,1,27.88,31.82,47,19.0012,29,195,224,11071410.,09AM00.,07,09,4
2011-07-14 10:00:00,3,0,1,1,28.7,31.82,42,16.9979,32,95,127,11071410.,10AM00.,07,10,4
2011-07-14 11:00:00,3,0,1,1,29.52,32.575,37,15.0013,38,110,148,11071410.,11AM00.,07,11,4
2011-07-14 12:00:00,3,0,1,1,30.34,32.575,35,16.9979,51,172,223,11071410.,12PM00.,07,12,4
2011-07-14 13:00:00,3,0,1,1,31.16,33.335,33,22.0028,39,138,177,11071410.,01PM00.,07,13,4
2011-07-14 14:00:00,3,0,1,1,30.34,32.575,35,19.0012,49,129,178,11071410.,02PM00.,07,14,4
2011-07-14 15:00:00,3,0,1,1,31.16,33.335,33,19.9995,42,138,180,11071410.,03PM00.,07,15,4
2011-07-14 16:00:00,3,0,1,1,31.16,33.335,33,8.9981,43,231,274,11071410.,04PM00.,07,16,4
2011-07-14 17:00:00,3,0,1,1,30.34,32.575,37,8.9981,78,517,595,11071410.,05PM00.,07,17,4
2011-07-14 18:00:00,3,0,1,1,29.52,32.575,42,12.998,94,484,578,11071410.,06PM00.,07,18,4
2011-07-14 19:00:00,3,0,1,1,29.52,32.575,39,15.0013,67,333,400,11071410.,07PM00.,07,19,4
2011-07-14 20:00:00,3,0,1,1,28.7,31.82,42,15.0013,81,267,348,11071410.,08PM00.,07,20,4
2011-07-14 21:00:00,3,0,1,1,27.06,31.06,50,8.9981,58,203,261,11071410.,09PM00.,07,21,4
2011-07-14 22:00:00,3,0,1,1,26.24,31.06,57,6.0032,42,134,176,11071410.,10PM00.,07,22,4
2011-07-14 23:00:00,3,0,1,1,26.24,30.305,65,16.9979,27,97,124,11071410.,11PM00.,07,23,4
2011-07-15 00:00:00,3,0,1,1,25.42,29.545,73,15.0013,23,57,80,11071510.,12AM00.,07,00,5
2011-07-15 01:00:00,3,0,1,1,25.42,29.545,73,12.998,7,13,20,11071510.,01AM00.,07,01,5
2011-07-15 02:00:00,3,0,1,1,24.6,28.79,78,11.0014,16,22,38,11071510.,02AM00.,07,02,5
2011-07-15 03:00:00,3,0,1,1,24.6,29.545,73,12.998,1,6,7,11071510.,03AM00.,07,03,5
2011-07-15 04:00:00,3,0,1,1,24.6,29.545,73,11.0014,2,8,10,11071510.,04AM00.,07,04,5
2011-07-15 05:00:00,3,0,1,1,24.6,29.545,73,8.9981,7,16,23,11071510.,05AM00.,07,05,5
2011-07-15 06:00:00,3,0,1,2,24.6,29.545,73,7.0015,12,108,120,11071510.,06AM00.,07,06,5
2011-07-15 07:00:00,3,0,1,1,26.24,30.305,65,7.0015,17,257,274,11071510.,07AM00.,07,07,5
2011-07-15 08:00:00,3,0,1,1,26.24,30.305,65,16.9979,50,514,564,11071510.,08AM00.,07,08,5
2011-07-15 09:00:00,3,0,1,1,27.88,31.82,54,12.998,31,176,207,11071510.,09AM00.,07,09,5
2011-07-15 10:00:00,3,0,1,2,27.06,31.06,61,11.0014,59,107,166,11071510.,10AM00.,07,10,5
2011-07-15 11:00:00,3,0,1,1,28.7,32.575,54,8.9981,73,137,210,11071510.,11AM00.,07,11,5
2011-07-15 12:00:00,3,0,1,1,28.7,32.575,48,12.998,61,177,238,11071510.,12PM00.,07,12,5
2011-07-15 13:00:00,3,0,1,1,28.7,32.575,54,12.998,85,162,247,11071510.,01PM00.,07,13,5
2011-07-15 14:00:00,3,0,1,1,28.7,32.575,51,12.998,105,160,265,11071510.,02PM00.,07,14,5
2011-07-15 15:00:00,3,0,1,1,29.52,32.575,45,11.0014,74,163,237,11071510.,03PM00.,07,15,5
2011-07-15 16:00:00,3,0,1,1,29.52,33.335,51,12.998,96,265,361,11071510.,04PM00.,07,16,5
2011-07-15 17:00:00,3,0,1,1,30.34,33.335,42,16.9979,104,483,587,11071510.,05PM00.,07,17,5
2011-07-15 18:00:00,3,0,1,1,29.52,32.575,45,15.0013,102,394,496,11071510.,06PM00.,07,18,5
2011-07-15 19:00:00,3,0,1,1,28.7,31.82,45,15.0013,114,280,394,11071510.,07PM00.,07,19,5
2011-07-15 20:00:00,3,0,1,1,28.7,32.575,51,15.0013,92,251,343,11071510.,08PM00.,07,20,5
2011-07-15 21:00:00,3,0,1,1,27.06,31.06,54,7.0015,75,186,261,11071510.,09PM00.,07,21,5
2011-07-15 22:00:00,3,0,1,1,27.06,31.06,57,15.0013,71,152,223,11071510.,10PM00.,07,22,5
2011-07-15 23:00:00,3,0,1,1,26.24,31.06,61,11.0014,41,126,167,11071510.,11PM00.,07,23,5
2011-07-16 00:00:00,3,0,0,1,25.42,30.305,65,12.998,42,68,110,11071610.,12AM00.,07,00,6
2011-07-16 01:00:00,3,0,0,1,24.6,29.545,69,7.0015,24,51,75,11071610.,01AM00.,07,01,6
2011-07-16 02:00:00,3,0,0,1,24.6,29.545,73,8.9981,10,48,58,11071610.,02AM00.,07,02,6
2011-07-16 03:00:00,3,0,0,1,24.6,28.79,78,8.9981,6,20,26,11071610.,03AM00.,07,03,6
2011-07-16 04:00:00,3,0,0,1,24.6,29.545,73,6.0032,9,7,16,11071610.,04AM00.,07,04,6
2011-07-16 05:00:00,3,0,0,1,23.78,27.275,78,6.0032,4,6,10,11071610.,05AM00.,07,05,6
2011-07-16 06:00:00,3,0,0,1,24.6,28.79,78,11.0014,16,21,37,11071610.,06AM00.,07,06,6
2011-07-16 07:00:00,3,0,0,1,25.42,29.545,73,8.9981,14,38,52,11071610.,07AM00.,07,07,6
2011-07-16 08:00:00,3,0,0,1,27.06,31.06,65,11.0014,37,90,127,11071610.,08AM00.,07,08,6
2011-07-16 09:00:00,3,0,0,1,28.7,32.575,54,15.0013,72,150,222,11071610.,09AM00.,07,09,6
2011-07-16 10:00:00,3,0,0,1,29.52,33.335,54,12.998,114,208,322,11071610.,10AM00.,07,10,6
2011-07-16 11:00:00,3,0,0,1,30.34,33.335,48,15.0013,171,225,396,11071610.,11AM00.,07,11,6
2011-07-16 12:00:00,3,0,0,1,31.16,34.09,43,19.0012,187,276,463,11071610.,12PM00.,07,12,6
2011-07-16 13:00:00,3,0,0,1,31.16,34.09,45,19.9995,221,276,497,11071610.,01PM00.,07,13,6
2011-07-16 14:00:00,3,0,0,1,30.34,33.335,45,19.9995,201,232,433,11071610.,02PM00.,07,14,6
2011-07-16 15:00:00,3,0,0,1,31.16,34.09,45,22.0028,205,223,428,11071610.,03PM00.,07,15,6
2011-07-16 16:00:00,3,0,0,1,31.16,34.09,45,19.0012,183,242,425,11071610.,04PM00.,07,16,6
2011-07-16 17:00:00,3,0,0,1,31.16,34.09,45,15.0013,234,241,475,11071610.,05PM00.,07,17,6
2011-07-16 18:00:00,3,0,0,1,31.16,34.09,45,19.0012,185,243,428,11071610.,06PM00.,07,18,6
2011-07-16 19:00:00,3,0,0,1,30.34,34.09,48,12.998,164,242,406,11071610.,07PM00.,07,19,6
2011-07-16 20:00:00,3,0,0,1,29.52,33.335,51,15.0013,108,188,296,11071610.,08PM00.,07,20,6
2011-07-16 21:00:00,3,0,0,1,28.7,32.575,58,15.0013,85,167,252,11071610.,09PM00.,07,21,6
2011-07-16 22:00:00,3,0,0,1,28.7,32.575,65,19.0012,65,136,201,11071610.,10PM00.,07,22,6
2011-07-16 23:00:00,3,0,0,1,27.88,31.82,61,15.0013,61,107,168,11071610.,11PM00.,07,23,6
2011-07-17 00:00:00,3,0,0,1,27.06,31.06,65,15.0013,34,91,125,11071710.,12AM00.,07,00,7
2011-07-17 01:00:00,3,0,0,1,26.24,30.305,69,12.998,16,86,102,11071710.,01AM00.,07,01,7
2011-07-17 02:00:00,3,0,0,1,26.24,30.305,69,15.0013,28,66,94,11071710.,02AM00.,07,02,7
2011-07-17 03:00:00,3,0,0,1,26.24,30.305,69,15.0013,21,26,47,11071710.,03AM00.,07,03,7
2011-07-17 04:00:00,3,0,0,1,25.42,29.545,73,11.0014,4,6,10,11071710.,04AM00.,07,04,7
2011-07-17 05:00:00,3,0,0,1,26.24,30.305,69,15.0013,4,8,12,11071710.,05AM00.,07,05,7
2011-07-17 06:00:00,3,0,0,1,25.42,29.545,73,11.0014,10,11,21,11071710.,06AM00.,07,06,7
2011-07-17 07:00:00,3,0,0,1,26.24,30.305,73,11.0014,20,30,50,11071710.,07AM00.,07,07,7
2011-07-17 08:00:00,3,0,0,1,27.88,31.82,65,15.0013,45,73,118,11071710.,08AM00.,07,08,7
2011-07-17 09:00:00,3,0,0,1,29.52,33.335,58,15.0013,74,110,184,11071710.,09AM00.,07,09,7
2011-07-17 10:00:00,3,0,0,1,30.34,34.09,60,15.0013,127,177,304,11071710.,10AM00.,07,10,7
2011-07-17 11:00:00,3,0,0,1,31.16,34.85,55,19.0012,147,244,391,11071710.,11AM00.,07,11,7
2011-07-17 12:00:00,3,0,0,1,31.16,34.85,55,19.0012,177,243,420,11071710.,12PM00.,07,12,7
2011-07-17 13:00:00,3,0,0,1,32.8,37.12,49,19.9995,200,272,472,11071710.,01PM00.,07,13,7
2011-07-17 14:00:00,3,0,0,1,32.8,37.12,49,23.9994,168,262,430,11071710.,02PM00.,07,14,7
2011-07-17 15:00:00,3,0,0,1,33.62,37.12,43,19.9995,129,195,324,11071710.,03PM00.,07,15,7
2011-07-17 16:00:00,3,0,0,1,32.8,36.365,46,19.9995,129,188,317,11071710.,04PM00.,07,16,7
2011-07-17 17:00:00,3,0,0,1,32.8,37.12,49,26.0027,133,236,369,11071710.,05PM00.,07,17,7
2011-07-17 18:00:00,3,0,0,1,32.8,36.365,46,19.9995,147,243,390,11071710.,06PM00.,07,18,7
2011-07-17 19:00:00,3,0,0,1,31.16,34.85,55,19.0012,145,234,379,11071710.,07PM00.,07,19,7
2011-07-17 20:00:00,3,0,0,1,31.16,35.605,58,16.9979,85,177,262,11071710.,08PM00.,07,20,7
2011-07-17 21:00:00,3,0,0,1,30.34,34.09,62,15.0013,59,148,207,11071710.,09PM00.,07,21,7
2011-07-17 22:00:00,3,0,0,1,29.52,34.09,66,15.0013,65,116,181,11071710.,10PM00.,07,22,7
2011-07-17 23:00:00,3,0,0,1,28.7,33.335,74,8.9981,39,54,93,11071710.,11PM00.,07,23,7
2011-07-18 00:00:00,3,0,1,1,28.7,33.335,74,8.9981,21,30,51,11071810.,12AM00.,07,00,1
2011-07-18 01:00:00,3,0,1,1,28.7,33.335,74,15.0013,17,8,25,11071810.,01AM00.,07,01,1
2011-07-18 02:00:00,3,0,1,1,27.06,30.305,83,15.0013,2,8,10,11071810.,02AM00.,07,02,1
2011-07-18 03:00:00,3,0,1,1,27.06,30.305,78,12.998,3,4,7,11071810.,03AM00.,07,03,1
2011-07-18 04:00:00,3,0,1,1,26.24,29.545,78,11.0014,1,3,4,11071810.,04AM00.,07,04,1
2011-07-18 05:00:00,3,0,1,1,26.24,29.545,78,7.0015,2,15,17,11071810.,05AM00.,07,05,1
2011-07-18 06:00:00,3,0,1,1,26.24,28.79,83,7.0015,10,95,105,11071810.,06AM00.,07,06,1
2011-07-18 07:00:00,3,0,1,1,27.88,31.82,74,15.0013,22,255,277,11071810.,07AM00.,07,07,1
2011-07-18 08:00:00,3,0,1,1,28.7,32.575,70,12.998,18,329,347,11071810.,08AM00.,07,08,1
2011-07-18 09:00:00,3,0,1,1,30.34,34.85,67,15.0013,33,170,203,11071810.,09AM00.,07,09,1
2011-07-18 10:00:00,3,0,1,1,31.16,35.605,62,12.998,52,78,130,11071810.,10AM00.,07,10,1
2011-07-18 11:00:00,3,0,1,1,32.8,37.88,55,6.0032,42,99,141,11071810.,11AM00.,07,11,1
2011-07-18 12:00:00,3,0,1,1,32.8,38.635,59,12.998,39,126,165,11071810.,12PM00.,07,12,1
2011-07-18 13:00:00,3,0,1,1,33.62,39.395,56,16.9979,27,125,152,11071810.,01PM00.,07,13,1
2011-07-18 14:00:00,3,0,1,1,33.62,39.395,56,22.0028,32,106,138,11071810.,02PM00.,07,14,1
2011-07-18 15:00:00,3,0,1,1,34.44,40.15,53,22.0028,53,111,164,11071810.,03PM00.,07,15,1
2011-07-18 16:00:00,3,0,1,1,34.44,40.15,53,19.0012,45,220,265,11071810.,04PM00.,07,16,1
2011-07-18 17:00:00,3,0,1,1,34.44,39.395,49,22.0028,72,473,545,11071810.,05PM00.,07,17,1
2011-07-18 18:00:00,3,0,1,1,33.62,38.635,49,23.9994,80,478,558,11071810.,06PM00.,07,18,1
2011-07-18 19:00:00,3,0,1,1,32.8,37.88,55,15.0013,63,335,398,11071810.,07PM00.,07,19,1
2011-07-18 20:00:00,3,0,1,1,31.98,37.12,59,15.0013,91,232,323,11071810.,08PM00.,07,20,1
2011-07-18 21:00:00,3,0,1,1,30.34,34.85,66,12.998,48,154,202,11071810.,09PM00.,07,21,1
2011-07-18 22:00:00,3,0,1,1,31.16,36.365,66,15.0013,36,104,140,11071810.,10PM00.,07,22,1
2011-07-18 23:00:00,3,0,1,1,30.34,34.85,66,11.0014,32,59,91,11071810.,11PM00.,07,23,1
2011-07-19 00:00:00,3,0,1,1,30.34,34.85,66,7.0015,25,26,51,11071910.,12AM00.,07,00,2
2011-07-19 01:00:00,3,0,1,2,30.34,34.85,66,8.9981,7,6,13,11071910.,01AM00.,07,01,2
2011-07-19 02:00:00,3,0,1,1,29.52,34.09,70,11.0014,9,4,13,11071910.,02AM00.,07,02,2
2011-07-19 03:00:00,3,0,1,1,29.52,34.09,70,11.0014,2,1,3,11071910.,03AM00.,07,03,2
2011-07-19 04:00:00,3,0,1,1,29.52,34.09,70,8.9981,1,4,5,11071910.,04AM00.,07,04,2
2011-07-19 05:00:00,3,0,1,2,28.7,33.335,74,7.0015,0,19,19,11071910.,05AM00.,07,05,2
2011-07-19 06:00:00,3,0,1,2,29.52,34.85,74,7.0015,8,126,134,11071910.,06AM00.,07,06,2
2011-07-19 07:00:00,3,0,1,2,30.34,34.85,70,11.0014,28,287,315,11071910.,07AM00.,07,07,2
2011-07-19 08:00:00,3,0,1,2,31.16,36.365,70,11.0014,31,381,412,11071910.,08AM00.,07,08,2
2011-07-19 09:00:00,3,0,1,2,32.8,39.395,63,8.9981,22,177,199,11071910.,09AM00.,07,09,2
2011-07-19 10:00:00,3,0,1,2,33.62,39.395,56,11.0014,29,112,141,11071910.,10AM00.,07,10,2
2011-07-19 11:00:00,3,0,1,1,33.62,40.15,59,0.0,29,98,127,11071910.,11AM00.,07,11,2
2011-07-19 12:00:00,3,0,1,1,34.44,40.91,56,6.0032,26,127,153,11071910.,12PM00.,07,12,2
2011-07-19 13:00:00,3,0,1,1,35.26,41.665,53,7.0015,33,139,172,11071910.,01PM00.,07,13,2
2011-07-19 14:00:00,3,0,1,1,35.26,40.91,50,12.998,41,111,152,11071910.,02PM00.,07,14,2
2011-07-19 15:00:00,3,0,1,1,36.08,40.91,44,12.998,48,110,158,11071910.,03PM00.,07,15,2
2011-07-19 16:00:00,3,0,1,1,36.9,42.425,42,19.9995,61,216,277,11071910.,04PM00.,07,16,2
2011-07-19 17:00:00,3,0,1,1,32.8,40.15,66,0.0,68,445,513,11071910.,05PM00.,07,17,2
2011-07-19 18:00:00,3,0,1,1,32.8,40.15,66,8.9981,80,450,530,11071910.,06PM00.,07,18,2
2011-07-19 19:00:00,3,0,1,1,31.16,37.12,75,12.998,54,334,388,11071910.,07PM00.,07,19,2
2011-07-19 20:00:00,3,0,1,1,30.34,36.365,74,6.0032,48,229,277,11071910.,08PM00.,07,20,2
2011-07-19 21:00:00,3,0,1,1,30.34,35.605,74,8.9981,47,194,241,11071910.,09PM00.,07,21,2
2011-07-19 22:00:00,3,0,1,1,30.34,35.605,74,0.0,36,120,156,11071910.,10PM00.,07,22,2
2011-07-19 23:00:00,3,0,1,3,29.52,34.85,79,11.0014,19,73,92,11071910.,11PM00.,07,23,2
2011-08-01 00:00:00,3,0,1,1,29.52,34.09,70,15.0013,7,22,29,11080110.,12AM00.,08,00,1
2011-08-01 01:00:00,3,0,1,1,29.52,34.85,74,12.998,5,12,17,11080110.,01AM00.,08,01,1
2011-08-01 02:00:00,3,0,1,1,28.7,33.335,74,7.0015,4,7,11,11080110.,02AM00.,08,02,1
2011-08-01 03:00:00,3,0,1,1,28.7,33.335,79,11.0014,0,4,4,11080110.,03AM00.,08,03,1
2011-08-01 04:00:00,3,0,1,1,27.06,30.305,83,8.9981,2,2,4,11080110.,04AM00.,08,04,1
2011-08-01 05:00:00,3,0,1,1,27.06,30.305,83,7.0015,2,24,26,11080110.,05AM00.,08,05,1
2011-08-01 06:00:00,3,0,1,1,27.06,30.305,83,6.0032,3,97,100,11080110.,06AM00.,08,06,1
2011-08-01 07:00:00,3,0,1,1,30.34,34.09,62,0.0,24,258,282,11080110.,07AM00.,08,07,1
2011-08-01 08:00:00,3,0,1,1,32.8,36.365,43,12.998,35,347,382,11080110.,08AM00.,08,08,1
2011-08-01 09:00:00,3,0,1,1,33.62,37.12,41,0.0,27,139,166,11080110.,09AM00.,08,09,1
2011-08-01 10:00:00,3,0,1,1,35.26,37.88,36,11.0014,27,70,97,11080110.,10AM00.,08,10,1
2011-08-01 11:00:00,3,0,1,1,36.08,38.635,32,11.0014,53,66,119,11080110.,11AM00.,08,11,1
2011-08-01 12:00:00,3,0,1,1,36.9,40.15,33,16.9979,53,115,168,11080110.,12PM00.,08,12,1
2011-08-01 13:00:00,3,0,1,1,36.9,40.15,31,19.9995,38,112,150,11080110.,01PM00.,08,13,1
2011-08-01 14:00:00,3,0,1,1,37.72,40.91,29,12.998,37,86,123,11080110.,02PM00.,08,14,1
2011-08-01 15:00:00,3,0,1,1,36.9,39.395,27,0.0,52,77,129,11080110.,03PM00.,08,15,1
2011-08-01 16:00:00,3,0,1,1,36.9,39.395,27,0.0,34,197,231,11080110.,04PM00.,08,16,1
2011-08-01 17:00:00,3,0,1,1,31.16,34.09,45,19.9995,69,445,514,11080110.,05PM00.,08,17,1
2011-08-01 18:00:00,3,0,1,1,31.98,34.85,43,12.998,68,475,543,11080110.,06PM00.,08,18,1
2011-08-01 19:00:00,3,0,1,1,30.34,33.335,51,15.0013,63,350,413,11080110.,07PM00.,08,19,1
2011-08-01 20:00:00,3,0,1,1,29.52,34.09,62,15.0013,49,256,305,11080110.,08PM00.,08,20,1
2011-08-01 21:00:00,3,0,1,1,28.7,32.575,70,16.9979,42,178,220,11080110.,09PM00.,08,21,1
2011-08-01 22:00:00,3,0,1,1,28.7,32.575,70,6.0032,21,116,137,11080110.,10PM00.,08,22,1
2011-08-01 23:00:00,3,0,1,1,27.88,31.82,74,12.998,14,82,96,11080110.,11PM00.,08,23,1
2011-08-02 00:00:00,3,0,1,1,27.06,31.06,74,0.0,11,18,29,11080210.,12AM00.,08,00,2
2011-08-02 01:00:00,3,0,1,1,27.06,31.06,74,7.0015,4,8,12,11080210.,01AM00.,08,01,2
2011-08-02 02:00:00,3,0,1,1,27.88,31.82,69,0.0,2,6,8,11080210.,02AM00.,08,02,2
2011-08-02 03:00:00,3,0,1,1,27.06,31.06,74,12.998,0,5,5,11080210.,03AM00.,08,03,2
2011-08-02 04:00:00,3,0,1,1,27.06,31.06,74,7.0015,0,10,10,11080210.,04AM00.,08,04,2
2011-08-02 05:00:00,3,0,1,1,27.06,31.06,74,8.9981,4,17,21,11080210.,05AM00.,08,05,2
2011-08-02 06:00:00,3,0,1,1,27.88,31.82,69,7.0015,12,105,117,11080210.,06AM00.,08,06,2
2011-08-02 07:00:00,3,0,1,1,29.52,33.335,61,19.0012,15,320,335,11080210.,07AM00.,08,07,2
2011-08-02 08:00:00,3,0,1,1,30.34,34.09,58,19.0012,37,398,435,11080210.,08AM00.,08,08,2
2011-08-02 09:00:00,3,0,1,1,31.98,34.85,46,19.9995,31,182,213,11080210.,09AM00.,08,09,2
2011-08-02 10:00:00,3,0,1,1,33.62,36.365,36,19.9995,50,90,140,11080210.,10AM00.,08,10,2
2011-08-02 11:00:00,3,0,1,1,34.44,36.365,32,27.9993,32,96,128,11080210.,11AM00.,08,11,2
2011-08-02 12:00:00,3,0,1,1,35.26,37.12,30,19.0012,45,112,157,11080210.,12PM00.,08,12,2
2011-08-02 13:00:00,3,0,1,1,35.26,37.12,30,15.0013,50,153,203,11080210.,01PM00.,08,13,2
2011-08-02 14:00:00,3,0,1,1,36.9,38.635,25,19.0012,45,114,159,11080210.,02PM00.,08,14,2
2011-08-02 15:00:00,3,0,1,1,36.9,38.635,25,19.0012,48,120,168,11080210.,03PM00.,08,15,2
2011-08-02 16:00:00,3,0,1,1,36.9,38.635,25,19.0012,58,216,274,11080210.,04PM00.,08,16,2
2011-08-02 17:00:00,3,0,1,2,36.9,39.395,27,8.9981,63,493,556,11080210.,05PM00.,08,17,2
2011-08-02 18:00:00,3,0,1,2,35.26,37.88,34,12.998,65,491,556,11080210.,06PM00.,08,18,2
2011-08-02 19:00:00,3,0,1,2,35.26,37.88,36,15.0013,85,369,454,11080210.,07PM00.,08,19,2
2011-08-02 20:00:00,3,0,1,2,33.62,37.88,46,16.9979,40,248,288,11080210.,08PM00.,08,20,2
2011-08-02 21:00:00,3,0,1,1,32.8,37.12,52,15.0013,53,201,254,11080210.,09PM00.,08,21,2
2011-08-02 22:00:00,3,0,1,2,31.98,37.12,59,11.0014,22,169,191,11080210.,10PM00.,08,22,2
2011-08-02 23:00:00,3,0,1,2,32.8,37.12,49,11.0014,29,103,132,11080210.,11PM00.,08,23,2
2011-08-03 00:00:00,3,0,1,2,32.8,37.12,49,11.0014,11,32,43,11080310.,12AM00.,08,00,3
2011-08-03 01:00:00,3,0,1,2,31.98,35.605,52,11.0014,7,9,16,11080310.,01AM00.,08,01,3
2011-08-03 02:00:00,3,0,1,2,31.98,35.605,49,11.0014,2,9,11,11080310.,02AM00.,08,02,3
2011-08-03 03:00:00,3,0,1,2,31.16,34.85,55,6.0032,0,4,4,11080310.,03AM00.,08,03,3
2011-08-03 04:00:00,3,0,1,2,31.16,34.85,52,11.0014,0,7,7,11080310.,04AM00.,08,04,3
2011-08-03 05:00:00,3,0,1,2,31.16,34.85,55,6.0032,2,22,24,11080310.,05AM00.,08,05,3
2011-08-03 06:00:00,3,0,1,3,29.52,34.09,66,32.9975,9,101,110,11080310.,06AM00.,08,06,3
2011-08-03 07:00:00,3,0,1,2,30.34,33.335,51,15.0013,19,252,271,11080310.,07AM00.,08,07,3
2011-08-03 08:00:00,3,0,1,2,30.34,33.335,51,11.0014,29,408,437,11080310.,08AM00.,08,08,3
2011-08-03 09:00:00,3,0,1,2,30.34,34.09,55,12.998,23,172,195,11080310.,09AM00.,08,09,3
2011-08-03 10:00:00,3,0,1,3,30.34,34.09,58,6.0032,9,59,68,11080310.,10AM00.,08,10,3
2011-08-03 11:00:00,3,0,1,2,30.34,34.09,58,7.0015,29,93,122,11080310.,11AM00.,08,11,3
2011-08-03 12:00:00,3,0,1,3,31.16,34.85,55,8.9981,19,142,161,11080310.,12PM00.,08,12,3
2011-08-03 13:00:00,3,0,1,2,31.16,35.605,58,15.0013,37,107,144,11080310.,01PM00.,08,13,3
2011-08-03 14:00:00,3,0,1,2,31.16,35.605,58,15.0013,43,104,147,11080310.,02PM00.,08,14,3
2011-08-03 15:00:00,3,0,1,2,28.7,33.335,79,8.9981,31,87,118,11080310.,03PM00.,08,15,3
2011-08-03 16:00:00,3,0,1,3,27.88,31.82,79,0.0,21,129,150,11080310.,04PM00.,08,16,3
2011-08-03 17:00:00,3,0,1,2,28.7,33.335,79,0.0,47,378,425,11080310.,05PM00.,08,17,3
2011-08-03 18:00:00,3,0,1,3,28.7,33.335,84,0.0,49,443,492,11080310.,06PM00.,08,18,3
2011-08-03 19:00:00,3,0,1,3,28.7,33.335,84,0.0,51,270,321,11080310.,07PM00.,08,19,3
2011-08-03 20:00:00,3,0,1,3,28.7,33.335,84,7.0015,7,80,87,11080310.,08PM00.,08,20,3
2011-08-03 21:00:00,3,0,1,2,27.88,31.82,89,8.9981,7,81,88,11080310.,09PM00.,08,21,3
2011-08-03 22:00:00,3,0,1,3,27.88,31.82,89,7.0015,11,66,77,11080310.,10PM00.,08,22,3
2011-08-03 23:00:00,3,0,1,2,27.88,31.82,89,6.0032,4,52,56,11080310.,11PM00.,08,23,3
2011-08-04 00:00:00,3,0,1,2,27.88,31.82,89,6.0032,2,15,17,11080410.,12AM00.,08,00,4
2011-08-04 01:00:00,3,0,1,2,27.06,29.545,94,6.0032,3,14,17,11080410.,01AM00.,08,01,4
2011-08-04 02:00:00,3,0,1,2,27.06,29.545,94,6.0032,2,5,7,11080410.,02AM00.,08,02,4
2011-08-04 03:00:00,3,0,1,3,27.06,29.545,94,6.0032,0,3,3,11080410.,03AM00.,08,03,4
2011-08-04 04:00:00,3,0,1,2,27.88,31.82,89,0.0,0,7,7,11080410.,04AM00.,08,04,4
2011-08-04 05:00:00,3,0,1,2,27.88,31.82,89,0.0,3,17,20,11080410.,05AM00.,08,05,4
2011-08-04 06:00:00,3,0,1,2,27.88,31.82,89,19.9995,7,90,97,11080410.,06AM00.,08,06,4
2011-08-04 07:00:00,3,0,1,2,27.88,31.82,89,19.9995,11,271,282,11080410.,07AM00.,08,07,4
2011-08-04 08:00:00,3,0,1,2,28.7,32.575,82,23.9994,29,369,398,11080410.,08AM00.,08,08,4
2011-08-04 09:00:00,3,0,1,1,29.52,34.85,74,22.0028,25,162,187,11080410.,09AM00.,08,09,4
2011-08-04 10:00:00,3,0,1,1,29.52,33.335,71,19.9995,24,89,113,11080410.,10AM00.,08,10,4
2011-08-04 11:00:00,3,0,1,2,30.34,34.85,66,15.0013,37,112,149,11080410.,11AM00.,08,11,4
2011-08-04 12:00:00,3,0,1,2,31.16,35.605,62,15.0013,53,152,205,11080410.,12PM00.,08,12,4
2011-08-04 13:00:00,3,0,1,1,31.16,35.605,58,0.0,63,142,205,11080410.,01PM00.,08,13,4
2011-08-04 14:00:00,3,0,1,1,32.8,37.88,55,11.0014,53,114,167,11080410.,02PM00.,08,14,4
2011-08-04 15:00:00,3,0,1,1,32.8,37.88,55,16.9979,50,115,165,11080410.,03PM00.,08,15,4
2011-08-04 16:00:00,3,0,1,1,31.16,35.605,62,22.0028,70,220,290,11080410.,04PM00.,08,16,4
2011-08-04 17:00:00,3,0,1,1,31.16,35.605,62,22.0028,91,464,555,11080410.,05PM00.,08,17,4
2011-08-04 18:00:00,3,0,1,1,28.7,33.335,74,19.9995,88,435,523,11080410.,06PM00.,08,18,4
2011-08-04 19:00:00,3,0,1,1,28.7,33.335,74,19.0012,65,301,366,11080410.,07PM00.,08,19,4
2011-08-04 20:00:00,3,0,1,2,28.7,33.335,74,12.998,41,245,286,11080410.,08PM00.,08,20,4
2011-08-04 21:00:00,3,0,1,2,28.7,33.335,74,12.998,25,186,211,11080410.,09PM00.,08,21,4
2011-08-04 22:00:00,3,0,1,1,27.88,31.82,74,12.998,33,141,174,11080410.,10PM00.,08,22,4
2011-08-04 23:00:00,3,0,1,1,27.06,31.06,74,7.0015,24,108,132,11080410.,11PM00.,08,23,4
2011-08-05 00:00:00,3,0,1,1,27.06,31.06,74,7.0015,13,41,54,11080510.,12AM00.,08,00,5
2011-08-05 01:00:00,3,0,1,1,26.24,29.545,78,6.0032,3,16,19,11080510.,01AM00.,08,01,5
2011-08-05 02:00:00,3,0,1,1,27.06,31.06,69,0.0,5,14,19,11080510.,02AM00.,08,02,5
2011-08-05 03:00:00,3,0,1,1,26.24,29.545,78,6.0032,0,6,6,11080510.,03AM00.,08,03,5
2011-08-05 04:00:00,3,0,1,1,26.24,29.545,78,8.9981,1,6,7,11080510.,04AM00.,08,04,5
2011-08-05 05:00:00,3,0,1,1,26.24,29.545,78,6.0032,0,16,16,11080510.,05AM00.,08,05,5
2011-08-05 06:00:00,3,0,1,1,26.24,29.545,78,8.9981,7,94,101,11080510.,06AM00.,08,06,5
2011-08-05 07:00:00,3,0,1,1,27.06,30.305,78,8.9981,23,247,270,11080510.,07AM00.,08,07,5
2011-08-05 08:00:00,3,0,1,1,28.7,32.575,65,15.0013,39,415,454,11080510.,08AM00.,08,08,5
2011-08-05 09:00:00,3,0,1,1,29.52,33.335,58,7.0015,43,183,226,11080510.,09AM00.,08,09,5
2011-08-05 10:00:00,3,0,1,1,30.34,34.09,55,8.9981,50,113,163,11080510.,10AM00.,08,10,5
2011-08-05 11:00:00,3,0,1,2,31.16,34.85,52,16.9979,44,103,147,11080510.,11AM00.,08,11,5
2011-08-05 12:00:00,3,0,1,1,31.16,34.85,52,16.9979,57,159,216,11080510.,12PM00.,08,12,5
2011-08-05 13:00:00,3,0,1,1,31.98,35.605,52,16.9979,40,164,204,11080510.,01PM00.,08,13,5
2011-08-05 14:00:00,3,0,1,2,31.98,35.605,52,16.9979,81,164,245,11080510.,02PM00.,08,14,5
2011-08-05 15:00:00,3,0,1,1,31.16,34.85,55,16.9979,50,160,210,11080510.,03PM00.,08,15,5
2011-08-05 16:00:00,3,0,1,1,32.8,37.12,49,16.9979,76,254,330,11080510.,04PM00.,08,16,5
2011-08-05 17:00:00,3,0,1,1,31.98,35.605,49,19.9995,84,466,550,11080510.,05PM00.,08,17,5
2011-08-05 18:00:00,3,0,1,1,31.16,34.85,52,16.9979,105,361,466,11080510.,06PM00.,08,18,5
2011-08-05 19:00:00,3,0,1,1,30.34,34.09,55,16.9979,90,282,372,11080510.,07PM00.,08,19,5
2011-08-05 20:00:00,3,0,1,1,29.52,33.335,58,15.0013,70,221,291,11080510.,08PM00.,08,20,5
2011-08-05 21:00:00,3,0,1,1,28.7,32.575,65,12.998,54,119,173,11080510.,09PM00.,08,21,5
2011-08-05 22:00:00,3,0,1,1,28.7,32.575,65,15.0013,51,137,188,11080510.,10PM00.,08,22,5
2011-08-05 23:00:00,3,0,1,1,27.88,31.82,69,15.0013,37,102,139,11080510.,11PM00.,08,23,5
2011-08-06 00:00:00,3,0,0,1,27.06,30.305,78,12.998,29,104,133,11080610.,12AM00.,08,00,6
2011-08-06 01:00:00,3,0,0,1,27.06,30.305,78,11.0014,17,50,67,11080610.,01AM00.,08,01,6
2011-08-06 02:00:00,3,0,0,1,27.06,30.305,78,15.0013,14,39,53,11080610.,02AM00.,08,02,6
2011-08-06 03:00:00,3,0,0,2,27.06,30.305,78,11.0014,14,28,42,11080610.,03AM00.,08,03,6
2011-08-06 04:00:00,3,0,0,2,27.06,30.305,83,11.0014,5,5,10,11080610.,04AM00.,08,04,6
2011-08-06 05:00:00,3,0,0,1,26.24,28.79,89,6.0032,2,4,6,11080610.,05AM00.,08,05,6
2011-08-06 06:00:00,3,0,0,1,26.24,28.79,89,7.0015,5,22,27,11080610.,06AM00.,08,06,6
2011-08-06 07:00:00,3,0,0,1,27.88,31.82,83,11.0014,14,49,63,11080610.,07AM00.,08,07,6
2011-08-06 08:00:00,3,0,0,1,27.88,31.82,83,11.0014,27,94,121,11080610.,08AM00.,08,08,6
2011-08-06 09:00:00,3,0,0,1,30.34,34.85,70,15.0013,60,155,215,11080610.,09AM00.,08,09,6
2011-08-06 10:00:00,3,0,0,2,30.34,34.85,70,19.0012,91,199,290,11080610.,10AM00.,08,10,6
2011-08-06 11:00:00,3,0,0,1,31.98,37.12,62,15.0013,138,211,349,11080610.,11AM00.,08,11,6
2011-08-06 12:00:00,3,0,0,1,32.8,37.88,55,15.0013,130,252,382,11080610.,12PM00.,08,12,6
2011-08-06 13:00:00,3,0,0,2,32.8,38.635,59,22.0028,176,265,441,11080610.,01PM00.,08,13,6
2011-08-06 14:00:00,3,0,0,1,33.62,38.635,52,16.9979,176,204,380,11080610.,02PM00.,08,14,6
2011-08-06 15:00:00,3,0,0,2,34.44,40.15,53,16.9979,130,232,362,11080610.,03PM00.,08,15,6
2011-08-06 16:00:00,3,0,0,3,30.34,35.605,79,11.0014,155,188,343,11080610.,04PM00.,08,16,6
2011-08-06 17:00:00,3,0,0,3,30.34,35.605,79,11.0014,61,88,149,11080610.,05PM00.,08,17,6
2011-08-06 18:00:00,3,0,0,2,29.52,34.85,79,30.0026,81,130,211,11080610.,06PM00.,08,18,6
2011-08-06 19:00:00,3,0,0,3,29.52,35.605,84,16.9979,57,114,171,11080610.,07PM00.,08,19,6
2011-08-06 20:00:00,3,0,0,3,29.52,34.85,79,19.0012,58,79,137,11080610.,08PM00.,08,20,6
2011-08-06 21:00:00,3,0,0,2,28.7,33.335,84,22.0028,28,86,114,11080610.,09PM00.,08,21,6
2011-08-06 22:00:00,3,0,0,2,28.7,33.335,84,22.0028,24,96,120,11080610.,10PM00.,08,22,6
2011-08-06 23:00:00,3,0,0,3,28.7,33.335,84,19.0012,29,79,108,11080610.,11PM00.,08,23,6
2011-08-07 00:00:00,3,0,0,2,28.7,33.335,84,19.0012,14,66,80,11080710.,12AM00.,08,00,7
2011-08-07 01:00:00,3,0,0,2,28.7,33.335,84,16.9979,10,63,73,11080710.,01AM00.,08,01,7
2011-08-07 02:00:00,3,0,0,2,28.7,33.335,84,15.0013,18,48,66,11080710.,02AM00.,08,02,7
2011-08-07 03:00:00,3,0,0,2,28.7,33.335,84,8.9981,9,23,32,11080710.,03AM00.,08,03,7
2011-08-07 04:00:00,3,0,0,1,28.7,33.335,84,8.9981,1,5,6,11080710.,04AM00.,08,04,7
2011-08-07 05:00:00,3,0,0,1,28.7,33.335,89,12.998,1,4,5,11080710.,05AM00.,08,05,7
2011-08-07 06:00:00,3,0,0,1,28.7,33.335,89,11.0014,3,10,13,11080710.,06AM00.,08,06,7
2011-08-07 07:00:00,3,0,0,1,28.7,33.335,84,12.998,11,28,39,11080710.,07AM00.,08,07,7
2011-08-07 08:00:00,3,0,0,1,29.52,34.85,79,12.998,23,66,89,11080710.,08AM00.,08,08,7
2011-08-07 09:00:00,3,0,0,1,31.16,37.12,75,7.0015,82,102,184,11080710.,09AM00.,08,09,7
2011-08-07 10:00:00,3,0,0,1,32.8,40.15,66,8.9981,88,178,266,11080710.,10AM00.,08,10,7
2011-08-07 11:00:00,3,0,0,1,33.62,41.665,63,0.0,113,156,269,11080710.,11AM00.,08,11,7
2011-08-07 12:00:00,3,0,0,1,36.9,42.425,42,19.9995,161,209,370,11080710.,12PM00.,08,12,7
2011-08-07 13:00:00,3,0,0,1,36.9,42.425,42,19.9995,118,206,324,11080710.,01PM00.,08,13,7
2011-08-07 14:00:00,3,0,0,1,35.26,40.15,47,12.998,130,192,322,11080710.,02PM00.,08,14,7
2011-08-07 15:00:00,3,0,0,3,29.52,34.85,74,19.9995,118,208,326,11080710.,03PM00.,08,15,7
2011-08-07 16:00:00,3,0,0,3,29.52,34.85,74,19.9995,74,119,193,11080710.,04PM00.,08,16,7
2011-08-07 17:00:00,3,0,0,3,30.34,35.605,74,43.0006,63,131,194,11080710.,05PM00.,08,17,7
2011-08-07 18:00:00,3,0,0,1,29.52,34.85,74,6.0032,74,155,229,11080710.,06PM00.,08,18,7
2011-08-07 19:00:00,3,0,0,1,29.52,34.85,79,11.0014,68,160,228,11080710.,07PM00.,08,19,7
2011-08-07 20:00:00,3,0,0,1,29.52,35.605,84,8.9981,50,133,183,11080710.,08PM00.,08,20,7
2011-08-07 21:00:00,3,0,0,1,29.52,35.605,84,7.0015,36,100,136,11080710.,09PM00.,08,21,7
2011-08-07 22:00:00,3,0,0,1,28.7,33.335,89,12.998,21,82,103,11080710.,10PM00.,08,22,7
2011-08-07 23:00:00,3,0,0,1,28.7,33.335,79,7.0015,12,43,55,11080710.,11PM00.,08,23,7
2011-08-08 00:00:00,3,0,1,1,28.7,33.335,79,7.0015,13,17,30,11080810.,12AM00.,08,00,1
2011-08-08 01:00:00,3,0,1,1,27.88,31.82,83,8.9981,4,8,12,11080810.,01AM00.,08,01,1
2011-08-08 02:00:00,3,0,1,1,27.06,29.545,89,0.0,4,3,7,11080810.,02AM00.,08,02,1
2011-08-08 03:00:00,3,0,1,1,27.06,29.545,89,0.0,1,0,1,11080810.,03AM00.,08,03,1
2011-08-08 04:00:00,3,0,1,1,27.06,29.545,89,7.0015,2,8,10,11080810.,04AM00.,08,04,1
2011-08-08 05:00:00,3,0,1,1,28.7,33.335,79,6.0032,1,14,15,11080810.,05AM00.,08,05,1
2011-08-08 06:00:00,3,0,1,1,28.7,32.575,65,19.0012,8,87,95,11080810.,06AM00.,08,06,1
2011-08-08 07:00:00,3,0,1,1,29.52,34.09,62,19.9995,18,249,267,11080810.,07AM00.,08,07,1
2011-08-08 08:00:00,3,0,1,1,30.34,34.09,58,22.0028,29,320,349,11080810.,08AM00.,08,08,1
2011-08-08 09:00:00,3,0,1,1,31.16,34.85,55,26.0027,37,146,183,11080810.,09AM00.,08,09,1
2011-08-08 10:00:00,3,0,1,1,32.8,37.12,52,26.0027,62,62,124,11080810.,10AM00.,08,10,1
2011-08-08 11:00:00,3,0,1,1,33.62,37.12,48,23.9994,90,89,179,11080810.,11AM00.,08,11,1
2011-08-08 12:00:00,3,0,1,1,33.62,37.88,46,16.9979,48,134,182,11080810.,12PM00.,08,12,1
2011-08-08 13:00:00,3,0,1,1,34.44,37.88,44,19.9995,43,108,151,11080810.,01PM00.,08,13,1
2011-08-08 14:00:00,3,0,1,1,33.62,37.12,43,19.9995,41,109,150,11080810.,02PM00.,08,14,1
2011-08-08 15:00:00,3,0,1,1,34.44,37.88,41,19.9995,40,86,126,11080810.,03PM00.,08,15,1
2011-08-08 16:00:00,3,0,1,1,35.26,38.635,39,19.0012,64,218,282,11080810.,04PM00.,08,16,1
2011-08-08 17:00:00,3,0,1,1,35.26,38.635,39,11.0014,67,460,527,11080810.,05PM00.,08,17,1
2011-08-08 18:00:00,3,0,1,1,34.44,37.88,41,8.9981,64,465,529,11080810.,06PM00.,08,18,1
2011-08-08 19:00:00,3,0,1,1,33.62,37.12,43,7.0015,64,352,416,11080810.,07PM00.,08,19,1
2011-08-08 20:00:00,3,0,1,1,32.8,37.88,55,0.0,71,215,286,11080810.,08PM00.,08,20,1
2011-08-08 21:00:00,3,0,1,1,31.16,35.605,58,6.0032,30,156,186,11080810.,09PM00.,08,21,1
2011-08-08 22:00:00,3,0,1,1,31.16,35.605,58,7.0015,26,121,147,11080810.,10PM00.,08,22,1
2011-08-08 23:00:00,3,0,1,1,30.34,34.85,66,7.0015,19,53,72,11080810.,11PM00.,08,23,1
2011-08-09 00:00:00,3,0,1,1,29.52,34.85,79,8.9981,10,25,35,11080910.,12AM00.,08,00,2
2011-08-09 01:00:00,3,0,1,1,29.52,34.09,66,0.0,5,9,14,11080910.,01AM00.,08,01,2
2011-08-09 02:00:00,3,0,1,1,29.52,34.09,70,0.0,9,3,12,11080910.,02AM00.,08,02,2
2011-08-09 03:00:00,3,0,1,1,29.52,34.09,62,0.0,0,3,3,11080910.,03AM00.,08,03,2
2011-08-09 04:00:00,3,0,1,1,28.7,33.335,74,0.0,1,6,7,11080910.,04AM00.,08,04,2
2011-08-09 05:00:00,3,0,1,1,28.7,32.575,65,6.0032,5,25,30,11080910.,05AM00.,08,05,2
2011-08-09 06:00:00,3,0,1,1,29.52,33.335,64,0.0,6,95,101,11080910.,06AM00.,08,06,2
2011-08-09 07:00:00,3,0,1,1,29.52,34.85,74,7.0015,30,313,343,11080910.,07AM00.,08,07,2
2011-08-09 08:00:00,3,0,1,1,30.34,34.85,66,0.0,40,352,392,11080910.,08AM00.,08,08,2
2011-08-09 09:00:00,3,0,1,2,31.98,37.12,62,8.9981,34,141,175,11080910.,09AM00.,08,09,2
2011-08-09 10:00:00,3,0,1,2,32.8,38.635,59,15.0013,55,89,144,11080910.,10AM00.,08,10,2
2011-08-09 11:00:00,3,0,1,1,32.8,38.635,59,15.0013,61,88,149,11080910.,11AM00.,08,11,2
2011-08-09 12:00:00,3,0,1,1,33.62,39.395,56,12.998,60,125,185,11080910.,12PM00.,08,12,2
2011-08-09 13:00:00,3,0,1,1,34.44,39.395,49,11.0014,48,127,175,11080910.,01PM00.,08,13,2
2011-08-09 14:00:00,3,0,1,1,35.26,39.395,44,19.0012,53,95,148,11080910.,02PM00.,08,14,2
2011-08-09 15:00:00,3,0,1,1,35.26,38.635,39,19.0012,58,106,164,11080910.,03PM00.,08,15,2
2011-08-09 16:00:00,3,0,1,1,35.26,38.635,39,19.9995,57,228,285,11080910.,04PM00.,08,16,2
2011-08-09 17:00:00,3,0,1,1,32.8,37.88,55,11.0014,79,453,532,11080910.,05PM00.,08,17,2
2011-08-09 18:00:00,3,0,1,1,32.8,37.88,55,12.998,97,488,585,11080910.,06PM00.,08,18,2
2011-08-09 19:00:00,3,0,1,1,32.8,37.12,49,7.0015,69,302,371,11080910.,07PM00.,08,19,2
2011-08-09 20:00:00,3,0,1,1,32.8,36.365,43,12.998,34,258,292,11080910.,08PM00.,08,20,2
2011-08-09 21:00:00,3,0,1,1,31.98,34.85,46,16.9979,46,184,230,11080910.,09PM00.,08,21,2
2011-08-09 22:00:00,3,0,1,1,31.98,34.85,46,19.9995,28,127,155,11080910.,10PM00.,08,22,2
2011-08-09 23:00:00,3,0,1,1,31.16,34.09,48,19.0012,22,53,75,11080910.,11PM00.,08,23,2
2011-08-10 00:00:00,3,0,1,1,30.34,33.335,51,15.0013,19,18,37,11081010.,12AM00.,08,00,3
2011-08-10 01:00:00,3,0,1,1,29.52,33.335,54,12.998,7,10,17,11081010.,01AM00.,08,01,3
2011-08-10 02:00:00,3,0,1,1,29.52,33.335,54,11.0014,1,10,11,11081010.,02AM00.,08,02,3
2011-08-10 03:00:00,3,0,1,1,28.7,32.575,58,11.0014,1,3,4,11081010.,03AM00.,08,03,3
2011-08-10 04:00:00,3,0,1,1,28.7,32.575,54,8.9981,1,4,5,11081010.,04AM00.,08,04,3
2011-08-10 05:00:00,3,0,1,1,27.88,31.82,61,6.0032,2,30,32,11081010.,05AM00.,08,05,3
2011-08-10 06:00:00,3,0,1,1,27.88,31.82,61,0.0,9,110,119,11081010.,06AM00.,08,06,3
2011-08-10 07:00:00,3,0,1,1,28.7,32.575,58,6.0032,16,289,305,11081010.,07AM00.,08,07,3
2011-08-10 08:00:00,3,0,1,1,30.34,33.335,51,12.998,38,361,399,11081010.,08AM00.,08,08,3
2011-08-10 09:00:00,3,0,1,1,31.16,34.09,48,15.0013,32,148,180,11081010.,09AM00.,08,09,3
2011-08-10 10:00:00,3,0,1,1,32.8,36.365,43,15.0013,41,72,113,11081010.,10AM00.,08,10,3
2011-08-10 11:00:00,3,0,1,1,32.8,35.605,41,26.0027,54,95,149,11081010.,11AM00.,08,11,3
2011-08-10 12:00:00,3,0,1,1,33.62,36.365,38,19.9995,74,166,240,11081010.,12PM00.,08,12,3
2011-08-10 13:00:00,3,0,1,1,33.62,36.365,38,19.0012,41,150,191,11081010.,01PM00.,08,13,3
2011-08-10 14:00:00,3,0,1,1,34.44,36.365,34,22.0028,62,116,178,11081010.,02PM00.,08,14,3
2011-08-10 15:00:00,3,0,1,1,35.26,37.12,30,22.0028,53,141,194,11081010.,03PM00.,08,15,3
2011-08-10 16:00:00,3,0,1,1,35.26,37.12,26,19.9995,76,206,282,11081010.,04PM00.,08,16,3
2011-08-10 17:00:00,3,0,1,1,34.44,35.605,26,19.9995,71,513,584,11081010.,05PM00.,08,17,3
2011-08-10 18:00:00,3,0,1,1,33.62,35.605,28,19.9995,70,489,559,11081010.,06PM00.,08,18,3
2011-08-10 19:00:00,3,0,1,1,32.8,34.85,26,16.9979,79,334,413,11081010.,07PM00.,08,19,3
2011-08-10 20:00:00,3,0,1,1,31.16,33.335,31,8.9981,59,253,312,11081010.,08PM00.,08,20,3
2011-08-10 21:00:00,3,0,1,1,31.16,33.335,33,7.0015,47,162,209,11081010.,09PM00.,08,21,3
2011-08-10 22:00:00,3,0,1,1,30.34,32.575,37,0.0,17,122,139,11081010.,10PM00.,08,22,3
2011-08-10 23:00:00,3,0,1,1,30.34,32.575,37,6.0032,14,94,108,11081010.,11PM00.,08,23,3
2011-08-11 00:00:00,3,0,1,1,28.7,31.82,45,7.0015,6,40,46,11081110.,12AM00.,08,00,4
2011-08-11 01:00:00,3,0,1,1,28.7,31.82,45,8.9981,9,17,26,11081110.,01AM00.,08,01,4
2011-08-11 02:00:00,3,0,1,1,27.06,31.06,54,8.9981,3,8,11,11081110.,02AM00.,08,02,4
2011-08-11 03:00:00,3,0,1,1,26.24,31.06,57,8.9981,2,7,9,11081110.,03AM00.,08,03,4
2011-08-11 04:00:00,3,0,1,1,26.24,31.06,57,11.0014,1,4,5,11081110.,04AM00.,08,04,4
2011-08-11 05:00:00,3,0,1,1,26.24,31.06,61,12.998,2,23,25,11081110.,05AM00.,08,05,4
2011-08-11 06:00:00,3,0,1,1,25.42,30.305,65,11.0014,5,101,106,11081110.,06AM00.,08,06,4
2011-08-11 07:00:00,3,0,1,1,27.06,31.06,54,8.9981,15,292,307,11081110.,07AM00.,08,07,4
2011-08-11 08:00:00,3,0,1,1,28.7,31.82,45,11.0014,29,361,390,11081110.,08AM00.,08,08,4
2011-08-11 09:00:00,3,0,1,1,29.52,32.575,39,15.0013,31,166,197,11081110.,09AM00.,08,09,4
2011-08-11 10:00:00,3,0,1,1,30.34,32.575,37,16.9979,36,96,132,11081110.,10AM00.,08,10,4
2011-08-11 11:00:00,3,0,1,1,31.16,33.335,35,16.9979,59,128,187,11081110.,11AM00.,08,11,4
2011-08-11 12:00:00,3,0,1,1,31.98,34.09,31,16.9979,50,164,214,11081110.,12PM00.,08,12,4
2011-08-11 13:00:00,3,0,1,1,31.16,33.335,31,15.0013,51,166,217,11081110.,01PM00.,08,13,4
2011-08-11 14:00:00,3,0,1,1,32.8,34.85,29,0.0,39,103,142,11081110.,02PM00.,08,14,4
2011-08-11 15:00:00,3,0,1,1,32.8,34.85,29,19.9995,52,126,178,11081110.,03PM00.,08,15,4
2011-08-11 16:00:00,3,0,1,1,32.8,34.85,27,12.998,57,241,298,11081110.,04PM00.,08,16,4
2011-08-11 17:00:00,3,0,1,1,32.8,34.85,29,16.9979,96,486,582,11081110.,05PM00.,08,17,4
2011-08-11 18:00:00,3,0,1,1,31.98,34.09,29,6.0032,74,497,571,11081110.,06PM00.,08,18,4
2011-08-11 19:00:00,3,0,1,1,30.34,32.575,35,12.998,48,323,371,11081110.,07PM00.,08,19,4
2011-08-11 20:00:00,3,0,1,1,29.52,32.575,37,8.9981,56,232,288,11081110.,08PM00.,08,20,4
2011-08-11 21:00:00,3,0,1,1,28.7,32.575,48,6.0032,35,171,206,11081110.,09PM00.,08,21,4
2011-08-11 22:00:00,3,0,1,1,28.7,32.575,48,0.0,34,123,157,11081110.,10PM00.,08,22,4
2011-08-11 23:00:00,3,0,1,1,27.06,31.06,50,11.0014,22,105,127,11081110.,11PM00.,08,23,4
2011-08-12 00:00:00,3,0,1,1,26.24,31.06,53,11.0014,12,53,65,11081210.,12AM00.,08,00,5
2011-08-12 01:00:00,3,0,1,1,26.24,31.06,53,8.9981,4,19,23,11081210.,01AM00.,08,01,5
2011-08-12 02:00:00,3,0,1,1,25.42,31.06,57,12.998,0,15,15,11081210.,02AM00.,08,02,5
2011-08-12 03:00:00,3,0,1,1,25.42,31.06,53,11.0014,0,9,9,11081210.,03AM00.,08,03,5
2011-08-12 04:00:00,3,0,1,1,25.42,31.06,53,8.9981,0,5,5,11081210.,04AM00.,08,04,5
2011-08-12 05:00:00,3,0,1,1,24.6,31.06,56,8.9981,2,24,26,11081210.,05AM00.,08,05,5
2011-08-12 06:00:00,3,0,1,1,25.42,31.06,50,8.9981,3,73,76,11081210.,06AM00.,08,06,5
2011-08-12 07:00:00,3,0,1,1,26.24,31.06,44,11.0014,17,247,264,11081210.,07AM00.,08,07,5
2011-08-12 08:00:00,3,0,1,1,27.88,31.82,39,15.0013,29,397,426,11081210.,08AM00.,08,08,5
2011-08-12 09:00:00,3,0,1,1,29.52,32.575,34,8.9981,27,178,205,11081210.,09AM00.,08,09,5
2011-08-12 10:00:00,3,0,1,1,30.34,32.575,33,7.0015,44,86,130,11081210.,10AM00.,08,10,5
2011-08-12 11:00:00,3,0,1,1,31.16,33.335,29,0.0,48,108,156,11081210.,11AM00.,08,11,5
2011-08-12 12:00:00,3,0,1,1,32.8,34.85,27,0.0,55,167,222,11081210.,12PM00.,08,12,5
2011-08-12 13:00:00,3,0,1,1,31.98,34.09,29,6.0032,74,179,253,11081210.,01PM00.,08,13,5
2011-08-12 14:00:00,3,0,1,1,32.8,34.85,29,12.998,51,135,186,11081210.,02PM00.,08,14,5
2011-08-12 15:00:00,3,0,1,1,32.8,34.85,29,11.0014,59,190,249,11081210.,03PM00.,08,15,5
2011-08-12 16:00:00,3,0,1,1,33.62,35.605,28,0.0,68,266,334,11081210.,04PM00.,08,16,5
2011-08-12 17:00:00,3,0,1,1,33.62,35.605,26,0.0,93,423,516,11081210.,05PM00.,08,17,5
2011-08-12 18:00:00,3,0,1,1,31.16,34.09,40,19.9995,89,376,465,11081210.,06PM00.,08,18,5
2011-08-12 19:00:00,3,0,1,1,30.34,33.335,42,15.0013,101,284,385,11081210.,07PM00.,08,19,5
2011-08-12 20:00:00,3,0,1,1,29.52,32.575,42,15.0013,77,210,287,11081210.,08PM00.,08,20,5
2011-08-12 21:00:00,3,0,1,1,28.7,32.575,48,8.9981,73,153,226,11081210.,09PM00.,08,21,5
2011-08-12 22:00:00,3,0,1,1,27.88,31.82,51,0.0,74,157,231,11081210.,10PM00.,08,22,5
2011-08-12 23:00:00,3,0,1,1,27.88,31.82,51,0.0,51,100,151,11081210.,11PM00.,08,23,5
2011-08-13 00:00:00,3,0,0,1,27.88,31.82,51,7.0015,15,69,84,11081310.,12AM00.,08,00,6
2011-08-13 01:00:00,3,0,0,2,27.88,31.82,57,6.0032,13,64,77,11081310.,01AM00.,08,01,6
2011-08-13 02:00:00,3,0,0,1,27.88,31.82,57,0.0,16,58,74,11081310.,02AM00.,08,02,6
2011-08-13 03:00:00,3,0,0,1,27.06,31.06,65,8.9981,9,18,27,11081310.,03AM00.,08,03,6
2011-08-13 04:00:00,3,0,0,2,26.24,30.305,73,8.9981,5,5,10,11081310.,04AM00.,08,04,6
2011-08-13 05:00:00,3,0,0,1,26.24,30.305,73,7.0015,3,15,18,11081310.,05AM00.,08,05,6
2011-08-13 06:00:00,3,0,0,1,26.24,30.305,73,6.0032,3,19,22,11081310.,06AM00.,08,06,6
2011-08-13 07:00:00,3,0,0,2,27.06,31.06,74,12.998,10,34,44,11081310.,07AM00.,08,07,6
2011-08-13 08:00:00,3,0,0,2,28.7,32.575,65,11.0014,28,90,118,11081310.,08AM00.,08,08,6
2011-08-13 09:00:00,3,0,0,2,28.7,33.335,74,11.0014,70,138,208,11081310.,09AM00.,08,09,6
2011-08-13 10:00:00,3,0,0,2,29.52,34.85,74,15.0013,97,163,260,11081310.,10AM00.,08,10,6
2011-08-13 11:00:00,3,0,0,2,30.34,34.85,70,12.998,122,192,314,11081310.,11AM00.,08,11,6
2011-08-13 12:00:00,3,0,0,2,27.06,29.545,89,11.0014,175,246,421,11081310.,12PM00.,08,12,6
2011-08-13 13:00:00,3,0,0,2,30.34,35.605,74,22.0028,61,92,153,11081310.,01PM00.,08,13,6
2011-08-13 14:00:00,3,0,0,1,30.34,34.85,70,16.9979,113,146,259,11081310.,02PM00.,08,14,6
2011-08-13 15:00:00,3,0,0,3,27.88,31.82,79,23.9994,150,208,358,11081310.,03PM00.,08,15,6
2011-08-13 16:00:00,3,0,0,2,28.7,33.335,74,19.0012,148,133,281,11081310.,04PM00.,08,16,6
2011-08-13 17:00:00,3,0,0,2,29.52,34.85,74,16.9979,97,172,269,11081310.,05PM00.,08,17,6
2011-08-13 18:00:00,3,0,0,1,28.7,33.335,74,15.0013,123,169,292,11081310.,06PM00.,08,18,6
2011-08-13 19:00:00,3,0,0,2,27.88,31.82,79,19.0012,67,170,237,11081310.,07PM00.,08,19,6
2011-08-13 20:00:00,3,0,0,2,27.88,31.82,83,15.0013,78,105,183,11081310.,08PM00.,08,20,6
2011-08-13 21:00:00,3,0,0,2,27.88,31.82,83,26.0027,40,127,167,11081310.,09PM00.,08,21,6
2011-08-13 22:00:00,3,0,0,2,27.88,31.82,83,26.0027,36,118,154,11081310.,10PM00.,08,22,6
2011-08-13 23:00:00,3,0,0,2,27.06,30.305,83,22.0028,25,95,120,11081310.,11PM00.,08,23,6
2011-08-14 00:00:00,3,0,0,3,27.06,30.305,83,19.9995,19,71,90,11081410.,12AM00.,08,00,7
2011-08-14 01:00:00,3,0,0,3,26.24,28.79,89,15.0013,16,57,73,11081410.,01AM00.,08,01,7
2011-08-14 02:00:00,3,0,0,3,26.24,28.79,89,15.0013,13,49,62,11081410.,02AM00.,08,02,7
2011-08-14 03:00:00,3,0,0,2,26.24,28.03,94,16.9979,5,22,27,11081410.,03AM00.,08,03,7
2011-08-14 04:00:00,3,0,0,3,26.24,28.03,94,12.998,1,2,3,11081410.,04AM00.,08,04,7
2011-08-14 05:00:00,3,0,0,2,26.24,28.03,94,11.0014,1,9,10,11081410.,05AM00.,08,05,7
2011-08-14 06:00:00,3,0,0,2,26.24,28.03,94,7.0015,2,4,6,11081410.,06AM00.,08,06,7
2011-08-14 07:00:00,3,0,0,2,27.06,29.545,89,12.998,4,20,24,11081410.,07AM00.,08,07,7
2011-08-14 08:00:00,3,0,0,2,27.06,29.545,89,19.0012,20,21,41,11081410.,08AM00.,08,08,7
2011-08-14 09:00:00,3,0,0,3,27.06,29.545,89,19.0012,27,76,103,11081410.,09AM00.,08,09,7
2011-08-14 10:00:00,3,0,0,1,28.7,33.335,79,15.0013,67,116,183,11081410.,10AM00.,08,10,7
2011-08-14 11:00:00,3,0,0,1,28.7,33.335,79,12.998,81,117,198,11081410.,11AM00.,08,11,7
2011-08-14 12:00:00,3,0,0,2,28.7,33.335,79,15.0013,98,183,281,11081410.,12PM00.,08,12,7
2011-08-14 13:00:00,3,0,0,1,29.52,34.85,74,16.9979,144,233,377,11081410.,01PM00.,08,13,7
2011-08-14 14:00:00,3,0,0,1,30.34,34.85,70,12.998,126,244,370,11081410.,02PM00.,08,14,7
2011-08-14 15:00:00,3,0,0,1,30.34,34.85,66,12.998,128,203,331,11081410.,03PM00.,08,15,7
2011-08-14 16:00:00,3,0,0,1,30.34,34.85,66,11.0014,116,176,292,11081410.,04PM00.,08,16,7
2011-08-14 17:00:00,3,0,0,1,31.16,35.605,62,8.9981,133,196,329,11081410.,05PM00.,08,17,7
2011-08-14 18:00:00,3,0,0,1,30.34,34.85,66,11.0014,125,222,347,11081410.,06PM00.,08,18,7
2011-08-14 19:00:00,3,0,0,1,29.52,34.85,74,15.0013,75,184,259,11081410.,07PM00.,08,19,7
2011-08-14 20:00:00,3,0,0,1,28.7,33.335,84,11.0014,67,126,193,11081410.,08PM00.,08,20,7
2011-08-14 21:00:00,3,0,0,3,24.6,27.275,88,32.9975,51,104,155,11081410.,09PM00.,08,21,7
2011-08-14 22:00:00,3,0,0,3,24.6,27.275,88,32.9975,14,25,39,11081410.,10PM00.,08,22,7
2011-08-14 23:00:00,3,0,0,3,24.6,28.03,83,0.0,5,22,27,11081410.,11PM00.,08,23,7
2011-08-15 00:00:00,3,0,1,3,24.6,27.275,88,6.0032,7,18,25,11081510.,12AM00.,08,00,1
2011-08-15 01:00:00,3,0,1,2,24.6,27.275,88,8.9981,1,9,10,11081510.,01AM00.,08,01,1
2011-08-15 02:00:00,3,0,1,2,24.6,28.03,83,0.0,0,3,3,11081510.,02AM00.,08,02,1
2011-08-15 03:00:00,3,0,1,1,24.6,28.03,83,12.998,1,6,7,11081510.,03AM00.,08,03,1
2011-08-15 04:00:00,3,0,1,1,24.6,28.03,83,8.9981,1,4,5,11081510.,04AM00.,08,04,1
2011-08-15 05:00:00,3,0,1,2,24.6,27.275,88,12.998,3,14,17,11081510.,05AM00.,08,05,1
2011-08-15 06:00:00,3,0,1,1,24.6,27.275,88,16.9979,3,87,90,11081510.,06AM00.,08,06,1
2011-08-15 07:00:00,3,0,1,1,24.6,27.275,88,16.9979,10,248,258,11081510.,07AM00.,08,07,1
2011-08-15 08:00:00,3,0,1,1,26.24,29.545,78,22.0028,29,326,355,11081510.,08AM00.,08,08,1
2011-08-15 09:00:00,3,0,1,1,26.24,29.545,78,22.0028,52,170,222,11081510.,09AM00.,08,09,1
2011-08-15 10:00:00,3,0,1,1,27.88,31.82,69,19.0012,54,87,141,11081510.,10AM00.,08,10,1
2011-08-15 11:00:00,3,0,1,2,29.52,34.09,62,16.9979,41,112,153,11081510.,11AM00.,08,11,1
2011-08-15 12:00:00,3,0,1,1,30.34,34.09,58,19.0012,62,116,178,11081510.,12PM00.,08,12,1
2011-08-15 13:00:00,3,0,1,1,31.98,35.605,52,19.0012,53,140,193,11081510.,01PM00.,08,13,1
2011-08-15 14:00:00,3,0,1,1,30.34,34.09,55,6.0032,56,95,151,11081510.,02PM00.,08,14,1
2011-08-15 15:00:00,3,0,1,3,30.34,34.09,55,19.9995,49,133,182,11081510.,03PM00.,08,15,1
2011-08-15 16:00:00,3,0,1,1,30.34,34.09,55,22.0028,58,225,283,11081510.,04PM00.,08,16,1
2011-08-15 17:00:00,3,0,1,1,30.34,33.335,51,19.0012,59,471,530,11081510.,05PM00.,08,17,1
2011-08-15 18:00:00,3,0,1,1,28.7,32.575,65,12.998,70,413,483,11081510.,06PM00.,08,18,1
2011-08-15 19:00:00,3,0,1,1,28.7,32.575,65,0.0,54,343,397,11081510.,07PM00.,08,19,1
2011-08-15 20:00:00,3,0,1,1,27.06,31.06,74,8.9981,45,240,285,11081510.,08PM00.,08,20,1
2011-08-15 21:00:00,3,0,1,1,27.06,31.06,65,12.998,34,150,184,11081510.,09PM00.,08,21,1
2011-08-15 22:00:00,3,0,1,1,27.06,31.06,69,16.9979,22,76,98,11081510.,10PM00.,08,22,1
2011-08-15 23:00:00,3,0,1,1,26.24,30.305,69,15.0013,11,77,88,11081510.,11PM00.,08,23,1
2011-08-16 00:00:00,3,0,1,1,26.24,30.305,69,7.0015,8,23,31,11081610.,12AM00.,08,00,2
2011-08-16 01:00:00,3,0,1,1,26.24,30.305,69,11.0014,4,12,16,11081610.,01AM00.,08,01,2
2011-08-16 02:00:00,3,0,1,1,25.42,29.545,73,15.0013,1,3,4,11081610.,02AM00.,08,02,2
2011-08-16 03:00:00,3,0,1,1,25.42,29.545,73,15.0013,1,5,6,11081610.,03AM00.,08,03,2
2011-08-16 04:00:00,3,0,1,1,26.24,30.305,69,19.9995,0,5,5,11081610.,04AM00.,08,04,2
2011-08-16 05:00:00,3,0,1,1,25.42,29.545,73,19.0012,1,29,30,11081610.,05AM00.,08,05,2
2011-08-16 06:00:00,3,0,1,1,25.42,29.545,73,22.0028,4,115,119,11081610.,06AM00.,08,06,2
2011-08-16 07:00:00,3,0,1,1,26.24,30.305,69,16.9979,18,328,346,11081610.,07AM00.,08,07,2
2011-08-16 08:00:00,3,0,1,1,28.7,32.575,58,30.0026,24,417,441,11081610.,08AM00.,08,08,2
2011-08-16 09:00:00,3,0,1,1,27.88,31.82,61,19.0012,27,171,198,11081610.,09AM00.,08,09,2
2011-08-16 10:00:00,3,0,1,1,28.7,32.575,58,26.0027,28,83,111,11081610.,10AM00.,08,10,2
2011-08-16 11:00:00,3,0,1,1,30.34,33.335,51,15.0013,40,110,150,11081610.,11AM00.,08,11,2
2011-08-16 12:00:00,3,0,1,1,31.16,34.09,48,22.0028,42,120,162,11081610.,12PM00.,08,12,2
2011-08-16 13:00:00,3,0,1,1,31.16,34.09,48,19.9995,45,147,192,11081610.,01PM00.,08,13,2
2011-08-16 14:00:00,3,0,1,1,31.16,34.09,45,27.9993,65,117,182,11081610.,02PM00.,08,14,2
2011-08-16 15:00:00,3,0,1,1,32.8,35.605,41,19.9995,36,123,159,11081610.,03PM00.,08,15,2
2011-08-16 16:00:00,3,0,1,1,32.8,35.605,41,15.0013,55,248,303,11081610.,04PM00.,08,16,2
2011-08-16 17:00:00,3,0,1,1,31.16,34.09,45,22.0028,75,525,600,11081610.,05PM00.,08,17,2
2011-08-16 18:00:00,3,0,1,1,31.16,34.09,45,15.0013,54,516,570,11081610.,06PM00.,08,18,2
2011-08-16 19:00:00,3,0,1,1,30.34,33.335,48,12.998,56,320,376,11081610.,07PM00.,08,19,2
2011-08-16 20:00:00,3,0,1,1,30.34,33.335,51,0.0,48,232,280,11081610.,08PM00.,08,20,2
2011-08-16 21:00:00,3,0,1,1,29.52,33.335,54,0.0,38,177,215,11081610.,09PM00.,08,21,2
2011-08-16 22:00:00,3,0,1,1,28.7,32.575,61,0.0,31,121,152,11081610.,10PM00.,08,22,2
2011-08-16 23:00:00,3,0,1,1,27.06,31.06,65,8.9981,20,57,77,11081610.,11PM00.,08,23,2
2011-08-17 00:00:00,3,0,1,1,27.06,31.06,69,6.0032,8,16,24,11081710.,12AM00.,08,00,3
2011-08-17 01:00:00,3,0,1,1,26.24,30.305,73,11.0014,2,12,14,11081710.,01AM00.,08,01,3
2011-08-17 02:00:00,3,0,1,1,27.06,31.06,69,0.0,0,6,6,11081710.,02AM00.,08,02,3
2011-08-17 03:00:00,3,0,1,1,26.24,29.545,78,0.0,1,4,5,11081710.,03AM00.,08,03,3
2011-08-17 04:00:00,3,0,1,1,26.24,30.305,73,0.0,0,5,5,11081710.,04AM00.,08,04,3
2011-08-17 05:00:00,3,0,1,1,26.24,30.305,73,0.0,0,28,28,11081710.,05AM00.,08,05,3
2011-08-17 06:00:00,3,0,1,1,25.42,29.545,78,0.0,4,101,105,11081710.,06AM00.,08,06,3
2011-08-17 07:00:00,3,0,1,1,27.06,31.06,65,6.0032,12,296,308,11081710.,07AM00.,08,07,3
2011-08-17 08:00:00,3,0,1,1,28.7,32.575,54,11.0014,35,452,487,11081710.,08AM00.,08,08,3
2011-08-17 09:00:00,3,0,1,1,30.34,33.335,48,6.0032,31,178,209,11081710.,09AM00.,08,09,3
2011-08-17 10:00:00,3,0,1,1,31.16,34.09,43,6.0032,27,91,118,11081710.,10AM00.,08,10,3
2011-08-17 11:00:00,3,0,1,1,31.98,34.85,43,7.0015,20,108,128,11081710.,11AM00.,08,11,3
2011-08-17 12:00:00,3,0,1,1,32.8,36.365,43,19.0012,26,163,189,11081710.,12PM00.,08,12,3
2011-08-17 13:00:00,3,0,1,1,32.8,35.605,41,12.998,38,138,176,11081710.,01PM00.,08,13,3
2011-08-17 14:00:00,3,0,1,1,33.62,36.365,36,11.0014,54,138,192,11081710.,02PM00.,08,14,3
2011-08-17 15:00:00,3,0,1,1,32.8,36.365,43,8.9981,42,117,159,11081710.,03PM00.,08,15,3
2011-08-17 16:00:00,3,0,1,1,33.62,37.12,43,15.0013,62,238,300,11081710.,04PM00.,08,16,3
2011-08-17 17:00:00,3,0,1,1,32.8,37.12,49,15.0013,46,506,552,11081710.,05PM00.,08,17,3
2011-08-17 18:00:00,3,0,1,1,31.16,34.85,55,16.9979,86,470,556,11081710.,06PM00.,08,18,3
2011-08-17 19:00:00,3,0,1,1,31.16,34.85,55,15.0013,50,297,347,11081710.,07PM00.,08,19,3
2011-08-17 20:00:00,3,0,1,1,30.34,34.09,58,16.9979,37,243,280,11081710.,08PM00.,08,20,3
2011-08-17 21:00:00,3,0,1,1,29.52,34.09,62,15.0013,38,192,230,11081710.,09PM00.,08,21,3
2011-08-17 22:00:00,3,0,1,1,28.7,32.575,65,12.998,29,142,171,11081710.,10PM00.,08,22,3
2011-08-17 23:00:00,3,0,1,1,28.7,32.575,65,19.0012,20,85,105,11081710.,11PM00.,08,23,3
2011-08-18 00:00:00,3,0,1,1,27.88,31.82,65,8.9981,18,38,56,11081810.,12AM00.,08,00,4
2011-08-18 01:00:00,3,0,1,2,27.06,31.06,65,11.0014,13,11,24,11081810.,01AM00.,08,01,4
2011-08-18 02:00:00,3,0,1,1,27.06,31.06,65,15.0013,2,4,6,11081810.,02AM00.,08,02,4
2011-08-18 03:00:00,3,0,1,1,27.06,31.06,69,19.0012,0,6,6,11081810.,03AM00.,08,03,4
2011-08-18 04:00:00,3,0,1,1,26.24,30.305,73,15.0013,0,9,9,11081810.,04AM00.,08,04,4
2011-08-18 05:00:00,3,0,1,1,26.24,29.545,78,19.0012,0,27,27,11081810.,05AM00.,08,05,4
2011-08-18 06:00:00,3,0,1,2,26.24,29.545,78,16.9979,6,97,103,11081810.,06AM00.,08,06,4
2011-08-18 07:00:00,3,0,1,1,26.24,29.545,78,19.9995,19,289,308,11081810.,07AM00.,08,07,4
2011-08-18 08:00:00,3,0,1,1,27.06,31.06,74,19.0012,27,393,420,11081810.,08AM00.,08,08,4
2011-08-18 09:00:00,3,0,1,1,29.52,34.09,66,16.9979,42,186,228,11081810.,09AM00.,08,09,4
2011-08-18 10:00:00,3,0,1,1,30.34,34.85,66,16.9979,37,92,129,11081810.,10AM00.,08,10,4
2011-08-18 11:00:00,3,0,1,1,31.16,35.605,58,16.9979,44,97,141,11081810.,11AM00.,08,11,4
2011-08-18 12:00:00,3,0,1,1,32.8,37.12,52,19.0012,34,139,173,11081810.,12PM00.,08,12,4
2011-08-18 13:00:00,3,0,1,1,32.8,37.12,52,23.9994,33,154,187,11081810.,01PM00.,08,13,4
2011-08-18 14:00:00,3,0,1,1,33.62,37.88,46,22.0028,67,115,182,11081810.,02PM00.,08,14,4
2011-08-18 15:00:00,3,0,1,1,32.8,36.365,46,23.9994,56,118,174,11081810.,03PM00.,08,15,4
2011-08-18 16:00:00,3,0,1,1,32.8,36.365,46,23.9994,49,196,245,11081810.,04PM00.,08,16,4
2011-08-18 17:00:00,3,0,1,3,32.8,36.365,46,19.9995,44,365,409,11081810.,05PM00.,08,17,4
2011-08-18 18:00:00,3,0,1,3,31.16,34.85,55,16.9979,48,226,274,11081810.,06PM00.,08,18,4
2011-08-18 19:00:00,3,0,1,1,27.06,30.305,83,7.0015,26,115,141,11081810.,07PM00.,08,19,4
2011-08-18 20:00:00,3,0,1,1,27.06,30.305,83,7.0015,24,141,165,11081810.,08PM00.,08,20,4
2011-08-18 21:00:00,3,0,1,2,27.88,31.82,79,0.0,12,137,149,11081810.,09PM00.,08,21,4
2011-08-18 22:00:00,3,0,1,2,28.7,33.335,74,7.0015,18,117,135,11081810.,10PM00.,08,22,4
2011-08-18 23:00:00,3,0,1,2,28.7,33.335,74,8.9981,20,94,114,11081810.,11PM00.,08,23,4
2011-08-19 00:00:00,3,0,1,3,27.88,31.82,69,12.998,9,53,62,11081910.,12AM00.,08,00,5
2011-08-19 01:00:00,3,0,1,3,26.24,28.79,89,0.0,1,19,20,11081910.,01AM00.,08,01,5
2011-08-19 02:00:00,3,0,1,3,26.24,28.79,83,0.0,0,8,8,11081910.,02AM00.,08,02,5
2011-08-19 03:00:00,3,0,1,1,26.24,29.545,78,0.0,2,1,3,11081910.,03AM00.,08,03,5
2011-08-19 04:00:00,3,0,1,1,26.24,28.79,83,0.0,1,7,8,11081910.,04AM00.,08,04,5
2011-08-19 05:00:00,3,0,1,1,26.24,28.79,83,0.0,1,16,17,11081910.,05AM00.,08,05,5
2011-08-19 06:00:00,3,0,1,1,26.24,28.79,83,0.0,2,91,93,11081910.,06AM00.,08,06,5
2011-08-19 07:00:00,3,0,1,2,27.06,30.305,83,6.0032,12,251,263,11081910.,07AM00.,08,07,5
2011-08-19 08:00:00,3,0,1,2,27.06,30.305,83,0.0,30,368,398,11081910.,08AM00.,08,08,5
2011-08-19 09:00:00,3,0,1,1,28.7,32.575,65,8.9981,31,187,218,11081910.,09AM00.,08,09,5
2011-08-19 10:00:00,3,0,1,1,29.52,34.09,62,6.0032,57,108,165,11081910.,10AM00.,08,10,5
2011-08-19 11:00:00,3,0,1,2,29.52,34.09,66,6.0032,45,120,165,11081910.,11AM00.,08,11,5
2011-08-19 12:00:00,3,0,1,2,30.34,34.09,62,6.0032,54,168,222,11081910.,12PM00.,08,12,5
2011-08-19 13:00:00,3,0,1,2,31.16,35.605,62,12.998,63,169,232,11081910.,01PM00.,08,13,5
2011-08-19 14:00:00,3,0,1,1,31.98,36.365,55,12.998,78,142,220,11081910.,02PM00.,08,14,5
2011-08-19 15:00:00,3,0,1,1,32.8,37.12,49,7.0015,66,156,222,11081910.,03PM00.,08,15,5
2011-08-19 16:00:00,3,0,1,1,32.8,37.12,49,0.0,66,261,327,11081910.,04PM00.,08,16,5
2011-08-19 17:00:00,3,0,1,1,31.16,35.605,58,35.0008,85,442,527,11081910.,05PM00.,08,17,5
2011-08-19 18:00:00,3,0,1,1,31.16,35.605,58,35.0008,88,337,425,11081910.,06PM00.,08,18,5
2011-08-19 19:00:00,3,0,1,3,25.42,29.545,73,31.0009,33,132,165,11081910.,07PM00.,08,19,5
2011-08-19 20:00:00,3,0,1,3,25.42,28.79,83,19.9995,12,46,58,11081910.,08PM00.,08,20,5
2011-08-19 21:00:00,3,0,1,1,25.42,28.79,83,8.9981,18,89,107,11081910.,09PM00.,08,21,5
2011-08-19 22:00:00,3,0,1,1,24.6,27.275,88,8.9981,25,97,122,11081910.,10PM00.,08,22,5
2011-08-19 23:00:00,3,0,1,2,24.6,27.275,88,6.0032,18,88,106,11081910.,11PM00.,08,23,5
2011-09-01 00:00:00,3,0,1,1,24.6,28.79,78,7.0015,18,33,51,11090110.,12AM00.,09,00,4
2011-09-01 01:00:00,3,0,1,1,24.6,29.545,73,6.0032,7,14,21,11090110.,01AM00.,09,01,4
2011-09-01 02:00:00,3,0,1,1,23.78,27.275,78,6.0032,14,11,25,11090110.,02AM00.,09,02,4
2011-09-01 03:00:00,3,0,1,1,23.78,27.275,78,6.0032,7,7,14,11090110.,03AM00.,09,03,4
2011-09-01 04:00:00,3,0,1,1,22.96,26.515,83,6.0032,0,7,7,11090110.,04AM00.,09,04,4
2011-09-01 05:00:00,3,0,1,1,22.96,26.515,73,6.0032,1,22,23,11090110.,05AM00.,09,05,4
2011-09-01 06:00:00,3,0,1,1,24.6,28.79,78,0.0,2,103,105,11090110.,06AM00.,09,06,4
2011-09-01 07:00:00,3,0,1,1,24.6,28.79,78,0.0,7,335,342,11090110.,07AM00.,09,07,4
2011-09-01 08:00:00,3,0,1,1,25.42,29.545,73,8.9981,31,467,498,11090110.,08AM00.,09,08,4
2011-09-01 09:00:00,3,0,1,1,26.24,30.305,69,7.0015,29,178,207,11090110.,09AM00.,09,09,4
2011-09-01 10:00:00,3,0,1,1,27.88,31.82,61,8.9981,46,92,138,11090110.,10AM00.,09,10,4
2011-09-01 11:00:00,3,0,1,1,29.52,33.335,51,8.9981,51,141,192,11090110.,11AM00.,09,11,4
2011-09-01 12:00:00,3,0,1,2,29.52,33.335,51,8.9981,64,165,229,11090110.,12PM00.,09,12,4
2011-09-01 13:00:00,3,0,1,2,29.52,33.335,48,6.0032,50,169,219,11090110.,01PM00.,09,13,4
2011-09-01 14:00:00,3,0,1,3,29.52,33.335,54,16.9979,54,144,198,11090110.,02PM00.,09,14,4
2011-09-01 15:00:00,3,0,1,1,29.52,33.335,51,8.9981,39,135,174,11090110.,03PM00.,09,15,4
2011-09-01 16:00:00,3,0,1,1,30.34,33.335,51,12.998,55,253,308,11090110.,04PM00.,09,16,4
2011-09-01 17:00:00,3,0,1,1,29.52,33.335,54,16.9979,61,567,628,11090110.,05PM00.,09,17,4
2011-09-01 18:00:00,3,0,1,1,29.52,33.335,54,15.0013,69,462,531,11090110.,06PM00.,09,18,4
2011-09-01 19:00:00,3,0,1,1,28.7,32.575,58,11.0014,79,364,443,11090110.,07PM00.,09,19,4
2011-09-01 20:00:00,3,0,1,1,27.06,31.06,61,15.0013,33,247,280,11090110.,08PM00.,09,20,4
2011-09-01 21:00:00,3,0,1,2,27.06,31.06,57,12.998,17,160,177,11090110.,09PM00.,09,21,4
2011-09-01 22:00:00,3,0,1,2,27.06,31.06,57,15.0013,34,145,179,11090110.,10PM00.,09,22,4
2011-09-01 23:00:00,3,0,1,1,26.24,30.305,65,16.9979,15,111,126,11090110.,11PM00.,09,23,4
2011-09-02 00:00:00,3,0,1,1,26.24,30.305,65,12.998,6,58,64,11090210.,12AM00.,09,00,5
2011-09-02 01:00:00,3,0,1,3,25.42,29.545,73,7.0015,4,28,32,11090210.,01AM00.,09,01,5
2011-09-02 02:00:00,3,0,1,3,25.42,29.545,73,7.0015,9,11,20,11090210.,02AM00.,09,02,5
2011-09-02 03:00:00,3,0,1,2,24.6,28.03,83,11.0014,4,4,8,11090210.,03AM00.,09,03,5
2011-09-02 04:00:00,3,0,1,1,24.6,28.03,83,6.0032,2,2,4,11090210.,04AM00.,09,04,5
2011-09-02 05:00:00,3,0,1,2,24.6,28.03,83,8.9981,0,20,20,11090210.,05AM00.,09,05,5
2011-09-02 06:00:00,3,0,1,1,24.6,28.03,83,8.9981,3,73,76,11090210.,06AM00.,09,06,5
2011-09-02 07:00:00,3,0,1,1,24.6,28.03,83,7.0015,6,253,259,11090210.,07AM00.,09,07,5
2011-09-02 08:00:00,3,0,1,1,25.42,29.545,78,12.998,22,434,456,11090210.,08AM00.,09,08,5
2011-09-02 09:00:00,3,0,1,2,25.42,28.79,83,7.0015,30,190,220,11090210.,09AM00.,09,09,5
2011-09-02 10:00:00,3,0,1,2,26.24,30.305,76,11.0014,34,106,140,11090210.,10AM00.,09,10,5
2011-09-02 11:00:00,3,0,1,2,27.06,31.06,74,7.0015,51,141,192,11090210.,11AM00.,09,11,5
2011-09-02 12:00:00,3,0,1,2,27.06,31.06,69,15.0013,82,178,260,11090210.,12PM00.,09,12,5
2011-09-02 13:00:00,3,0,1,2,27.88,31.82,65,8.9981,72,207,279,11090210.,01PM00.,09,13,5
2011-09-02 14:00:00,3,0,1,2,28.7,32.575,61,7.0015,75,208,283,11090210.,02PM00.,09,14,5
2011-09-02 15:00:00,3,0,1,2,28.7,32.575,61,16.9979,69,277,346,11090210.,03PM00.,09,15,5
2011-09-02 16:00:00,3,0,1,2,28.7,32.575,61,8.9981,82,299,381,11090210.,04PM00.,09,16,5
2011-09-02 17:00:00,3,0,1,2,27.88,31.82,65,11.0014,78,377,455,11090210.,05PM00.,09,17,5
2011-09-02 18:00:00,3,0,1,2,27.88,31.82,65,12.998,50,305,355,11090210.,06PM00.,09,18,5
2011-09-02 19:00:00,3,0,1,1,27.06,31.06,69,8.9981,67,220,287,11090210.,07PM00.,09,19,5
2011-09-02 20:00:00,3,0,1,1,26.24,30.305,73,0.0,38,158,196,11090210.,08PM00.,09,20,5
2011-09-02 21:00:00,3,0,1,2,26.24,30.305,73,6.0032,28,121,149,11090210.,09PM00.,09,21,5
2011-09-02 22:00:00,3,0,1,2,26.24,30.305,73,11.0014,33,114,147,11090210.,10PM00.,09,22,5
2011-09-02 23:00:00,3,0,1,2,26.24,30.305,73,11.0014,30,68,98,11090210.,11PM00.,09,23,5
2011-09-03 00:00:00,3,0,0,2,26.24,30.305,73,7.0015,22,65,87,11090310.,12AM00.,09,00,6
2011-09-03 01:00:00,3,0,0,2,26.24,30.305,69,16.9979,17,57,74,11090310.,01AM00.,09,01,6
2011-09-03 02:00:00,3,0,0,2,26.24,30.305,69,15.0013,15,26,41,11090310.,02AM00.,09,02,6
2011-09-03 03:00:00,3,0,0,1,25.42,29.545,73,11.0014,17,18,35,11090310.,03AM00.,09,03,6
2011-09-03 04:00:00,3,0,0,1,25.42,29.545,73,11.0014,3,4,7,11090310.,04AM00.,09,04,6
2011-09-03 05:00:00,3,0,0,1,25.42,30.305,69,12.998,3,9,12,11090310.,05AM00.,09,05,6
2011-09-03 06:00:00,3,0,0,1,25.42,29.545,73,11.0014,4,19,23,11090310.,06AM00.,09,06,6
2011-09-03 07:00:00,3,0,0,1,25.42,29.545,73,12.998,5,33,38,11090310.,07AM00.,09,07,6
2011-09-03 08:00:00,3,0,0,1,26.24,30.305,69,11.0014,24,65,89,11090310.,08AM00.,09,08,6
2011-09-03 09:00:00,3,0,0,2,27.06,31.06,69,16.9979,83,118,201,11090310.,09AM00.,09,09,6
2011-09-03 10:00:00,3,0,0,3,27.06,31.06,65,16.9979,90,168,258,11090310.,10AM00.,09,10,6
2011-09-03 11:00:00,3,0,0,3,27.06,31.06,69,19.0012,66,128,194,11090310.,11AM00.,09,11,6
2011-09-03 12:00:00,3,0,0,1,28.7,32.575,61,15.0013,97,160,257,11090310.,12PM00.,09,12,6
2011-09-03 13:00:00,3,0,0,1,28.7,32.575,65,15.0013,153,200,353,11090310.,01PM00.,09,13,6
2011-09-03 14:00:00,3,0,0,2,29.52,34.09,66,11.0014,204,176,380,11090310.,02PM00.,09,14,6
2011-09-03 15:00:00,3,0,0,1,29.52,34.09,70,11.0014,187,201,388,11090310.,03PM00.,09,15,6
2011-09-03 16:00:00,3,0,0,1,29.52,34.09,70,12.998,186,188,374,11090310.,04PM00.,09,16,6
2011-09-03 17:00:00,3,0,0,1,29.52,34.09,70,15.0013,170,201,371,11090310.,05PM00.,09,17,6
2011-09-03 18:00:00,3,0,0,1,29.52,34.09,70,11.0014,160,179,339,11090310.,06PM00.,09,18,6
2011-09-03 19:00:00,3,0,0,1,28.7,33.335,74,8.9981,147,148,295,11090310.,07PM00.,09,19,6
2011-09-03 20:00:00,3,0,0,1,28.7,33.335,79,11.0014,99,120,219,11090310.,08PM00.,09,20,6
2011-09-03 21:00:00,3,0,0,1,27.88,31.82,83,8.9981,71,93,164,11090310.,09PM00.,09,21,6
2011-09-03 22:00:00,3,0,0,1,27.88,31.82,83,7.0015,66,96,162,11090310.,10PM00.,09,22,6
2011-09-03 23:00:00,3,0,0,1,27.06,31.06,85,8.9981,46,77,123,11090310.,11PM00.,09,23,6
2011-09-04 00:00:00,3,0,0,1,27.06,29.545,89,12.998,33,76,109,11090410.,12AM00.,09,00,7
2011-09-04 01:00:00,3,0,0,1,27.06,30.305,83,8.9981,37,38,75,11090410.,01AM00.,09,01,7
2011-09-04 02:00:00,3,0,0,1,27.06,30.305,83,12.998,17,43,60,11090410.,02AM00.,09,02,7
2011-09-04 03:00:00,3,0,0,1,26.24,28.79,89,12.998,20,23,43,11090410.,03AM00.,09,03,7
2011-09-04 04:00:00,3,0,0,1,26.24,28.79,83,11.0014,0,4,4,11090410.,04AM00.,09,04,7
2011-09-04 05:00:00,3,0,0,1,26.24,28.79,83,8.9981,1,5,6,11090410.,05AM00.,09,05,7
2011-09-04 06:00:00,3,0,0,1,26.24,28.79,84,15.0013,0,3,3,11090410.,06AM00.,09,06,7
2011-09-04 07:00:00,3,0,0,1,27.06,30.305,78,12.998,10,20,30,11090410.,07AM00.,09,07,7
2011-09-04 08:00:00,3,0,0,1,27.06,30.305,78,11.0014,21,49,70,11090410.,08AM00.,09,08,7
2011-09-04 09:00:00,3,0,0,1,27.06,30.305,78,11.0014,87,102,189,11090410.,09AM00.,09,09,7
2011-09-04 10:00:00,3,0,0,1,28.7,33.335,74,8.9981,150,147,297,11090410.,10AM00.,09,10,7
2011-09-04 11:00:00,3,0,0,1,30.34,34.85,70,11.0014,174,163,337,11090410.,11AM00.,09,11,7
2011-09-04 12:00:00,3,0,0,1,31.16,36.365,66,11.0014,214,221,435,11090410.,12PM00.,09,12,7
2011-09-04 13:00:00,3,0,0,2,31.98,37.12,62,19.0012,245,174,419,11090410.,01PM00.,09,13,7
2011-09-04 14:00:00,3,0,0,1,31.98,37.88,66,22.0028,205,156,361,11090410.,02PM00.,09,14,7
2011-09-04 15:00:00,3,0,0,1,31.98,37.88,66,19.0012,218,192,410,11090410.,03PM00.,09,15,7
2011-09-04 16:00:00,3,0,0,1,32.8,38.635,59,15.0013,196,141,337,11090410.,04PM00.,09,16,7
2011-09-04 17:00:00,3,0,0,1,31.16,36.365,66,15.0013,204,172,376,11090410.,05PM00.,09,17,7
2011-09-04 18:00:00,3,0,0,1,31.16,36.365,66,12.998,187,169,356,11090410.,06PM00.,09,18,7
2011-09-04 19:00:00,3,0,0,1,30.34,34.85,70,12.998,178,150,328,11090410.,07PM00.,09,19,7
2011-09-04 20:00:00,3,0,0,1,30.34,34.85,70,19.9995,104,125,229,11090410.,08PM00.,09,20,7
2011-09-04 21:00:00,3,0,0,1,29.52,34.85,74,16.9979,104,103,207,11090410.,09PM00.,09,21,7
2011-09-04 22:00:00,3,0,0,2,29.52,34.85,74,19.0012,70,85,155,11090410.,10PM00.,09,22,7
2011-09-04 23:00:00,3,0,0,2,29.52,34.09,70,11.0014,46,58,104,11090410.,11PM00.,09,23,7
2011-09-05 00:00:00,3,1,0,2,28.7,33.335,74,15.0013,31,66,97,11090510.,12AM00.,09,00,1
2011-09-05 01:00:00,3,1,0,2,27.88,31.82,79,7.0015,19,35,54,11090510.,01AM00.,09,01,1
2011-09-05 02:00:00,3,1,0,2,27.88,31.82,79,11.0014,17,22,39,11090510.,02AM00.,09,02,1
2011-09-05 03:00:00,3,1,0,2,27.88,31.82,74,19.9995,4,12,16,11090510.,03AM00.,09,03,1
2011-09-05 04:00:00,3,1,0,2,27.88,31.82,69,19.0012,3,5,8,11090510.,04AM00.,09,04,1
2011-09-05 05:00:00,3,1,0,2,27.06,31.06,74,11.0014,2,4,6,11090510.,05AM00.,09,05,1
2011-09-05 06:00:00,3,1,0,2,27.06,31.06,74,8.9981,6,5,11,11090510.,06AM00.,09,06,1
2011-09-05 07:00:00,3,1,0,1,27.06,31.06,74,11.0014,11,30,41,11090510.,07AM00.,09,07,1
2011-09-05 08:00:00,3,1,0,2,27.06,30.305,78,12.998,45,56,101,11090510.,08AM00.,09,08,1
2011-09-05 09:00:00,3,1,0,3,27.88,31.82,74,11.0014,63,89,152,11090510.,09AM00.,09,09,1
2011-09-05 10:00:00,3,1,0,2,28.7,32.575,70,11.0014,107,137,244,11090510.,10AM00.,09,10,1
2011-09-05 11:00:00,3,1,0,2,28.7,33.335,74,11.0014,101,207,308,11090510.,11AM00.,09,11,1
2011-09-05 12:00:00,3,1,0,2,29.52,34.09,70,12.998,141,212,353,11090510.,12PM00.,09,12,1
2011-09-05 13:00:00,3,1,0,2,30.34,34.85,70,8.9981,154,235,389,11090510.,01PM00.,09,13,1
2011-09-05 14:00:00,3,1,0,1,30.34,34.85,70,11.0014,145,212,357,11090510.,02PM00.,09,14,1
2011-09-05 15:00:00,3,1,0,2,27.88,31.82,79,19.0012,111,142,253,11090510.,03PM00.,09,15,1
2011-09-05 16:00:00,3,1,0,2,27.88,31.82,79,19.0012,92,192,284,11090510.,04PM00.,09,16,1
2011-09-05 17:00:00,3,1,0,2,27.06,29.545,89,7.0015,37,77,114,11090510.,05PM00.,09,17,1
2011-09-05 18:00:00,3,1,0,1,27.06,29.545,89,6.0032,31,92,123,11090510.,06PM00.,09,18,1
2011-09-05 19:00:00,3,1,0,3,27.06,29.545,94,7.0015,52,123,175,11090510.,07PM00.,09,19,1
2011-09-05 20:00:00,3,1,0,3,27.06,29.545,94,16.9979,26,56,82,11090510.,08PM00.,09,20,1
2011-09-05 21:00:00,3,1,0,2,27.06,29.545,94,19.9995,20,40,60,11090510.,09PM00.,09,21,1
2011-09-05 22:00:00,3,1,0,2,24.6,27.275,88,39.0007,15,49,64,11090510.,10PM00.,09,22,1
2011-09-05 23:00:00,3,1,0,3,22.96,26.515,88,26.0027,3,17,20,11090510.,11PM00.,09,23,1
2011-09-06 00:00:00,3,0,1,3,22.14,25.76,94,23.9994,1,7,8,11090610.,12AM00.,09,00,2
2011-09-06 02:00:00,3,0,1,3,22.14,25.76,94,16.9979,0,2,2,11090610.,02AM00.,09,02,2
2011-09-06 03:00:00,3,0,1,3,22.14,25.76,94,19.9995,1,0,1,11090610.,03AM00.,09,03,2
2011-09-06 04:00:00,3,0,1,2,22.14,25.76,94,19.9995,1,3,4,11090610.,04AM00.,09,04,2
2011-09-06 05:00:00,3,0,1,3,22.14,25.76,88,23.9994,1,20,21,11090610.,05AM00.,09,05,2
2011-09-06 06:00:00,3,0,1,2,22.14,25.76,88,22.0028,0,72,72,11090610.,06AM00.,09,06,2
2011-09-06 07:00:00,3,0,1,2,22.14,25.76,83,23.9994,6,166,172,11090610.,07AM00.,09,07,2
2011-09-06 08:00:00,3,0,1,3,22.14,25.76,83,26.0027,15,349,364,11090610.,08AM00.,09,08,2
2011-09-06 09:00:00,3,0,1,2,22.14,25.76,81,27.9993,18,167,185,11090610.,09AM00.,09,09,2
2011-09-06 10:00:00,3,0,1,3,22.14,25.76,83,23.9994,16,90,106,11090610.,10AM00.,09,10,2
2011-09-06 11:00:00,3,0,1,3,22.14,25.76,83,26.0027,11,78,89,11090610.,11AM00.,09,11,2
2011-09-06 12:00:00,3,0,1,3,22.14,25.76,83,26.0027,16,51,67,11090610.,12PM00.,09,12,2
2011-09-06 13:00:00,3,0,1,3,22.14,25.76,88,19.9995,5,24,29,11090610.,01PM00.,09,13,2
2011-09-06 14:00:00,3,0,1,3,22.14,25.76,88,19.0012,3,21,24,11090610.,02PM00.,09,14,2
2011-09-06 15:00:00,3,0,1,3,22.14,25.76,94,26.0027,18,71,89,11090610.,03PM00.,09,15,2
2011-09-06 16:00:00,3,0,1,3,22.14,25.76,94,26.0027,11,95,106,11090610.,04PM00.,09,16,2
2011-09-06 17:00:00,3,0,1,2,22.14,25.76,88,26.0027,15,276,291,11090610.,05PM00.,09,17,2
2011-09-06 18:00:00,3,0,1,2,22.14,25.76,88,26.0027,22,351,373,11090610.,06PM00.,09,18,2
2011-09-06 19:00:00,3,0,1,2,22.14,25.76,88,27.9993,12,269,281,11090610.,07PM00.,09,19,2
2011-09-06 20:00:00,3,0,1,3,22.14,25.76,88,19.9995,13,150,163,11090610.,08PM00.,09,20,2
2011-09-06 21:00:00,3,0,1,3,22.14,25.76,88,19.0012,12,109,121,11090610.,09PM00.,09,21,2
2011-09-06 22:00:00,3,0,1,2,22.14,25.76,94,22.0028,5,79,84,11090610.,10PM00.,09,22,2
2011-09-06 23:00:00,3,0,1,3,22.14,25.76,94,16.9979,2,56,58,11090610.,11PM00.,09,23,2
2011-09-07 00:00:00,3,0,1,2,22.14,25.76,94,15.0013,1,12,13,11090710.,12AM00.,09,00,3
2011-09-07 01:00:00,3,0,1,3,22.14,25.76,94,16.9979,2,3,5,11090710.,01AM00.,09,01,3
2011-09-07 02:00:00,3,0,1,2,22.14,25.76,94,15.0013,2,4,6,11090710.,02AM00.,09,02,3
2011-09-07 03:00:00,3,0,1,3,22.96,26.515,94,8.9981,1,1,2,11090710.,03AM00.,09,03,3
2011-09-07 04:00:00,3,0,1,3,22.96,26.515,94,11.0014,0,4,4,11090710.,04AM00.,09,04,3
2011-09-07 05:00:00,3,0,1,2,22.96,26.515,100,8.9981,1,15,16,11090710.,05AM00.,09,05,3
2011-09-07 06:00:00,3,0,1,3,24.6,27.275,88,7.0015,1,74,75,11090710.,06AM00.,09,06,3
2011-09-07 07:00:00,3,0,1,3,24.6,27.275,88,6.0032,3,83,86,11090710.,07AM00.,09,07,3
2011-09-07 08:00:00,3,0,1,3,25.42,27.275,94,6.0032,9,319,328,11090710.,08AM00.,09,08,3
2011-09-07 09:00:00,3,0,1,3,24.6,27.275,88,8.9981,14,176,190,11090710.,09AM00.,09,09,3
2011-09-07 10:00:00,3,0,1,3,24.6,27.275,88,8.9981,3,63,66,11090710.,10AM00.,09,10,3
2011-09-07 11:00:00,3,0,1,3,24.6,25.76,94,0.0,1,9,10,11090710.,11AM00.,09,11,3
2011-09-07 12:00:00,3,0,1,3,22.96,26.515,94,0.0,1,21,22,11090710.,12PM00.,09,12,3
2011-09-07 13:00:00,3,0,1,3,24.6,27.275,88,0.0,2,9,11,11090710.,01PM00.,09,13,3
2011-09-07 14:00:00,3,0,1,3,24.6,25.76,93,0.0,1,24,25,11090710.,02PM00.,09,14,3
2011-09-07 15:00:00,3,0,1,3,25.42,27.275,94,7.0015,3,55,58,11090710.,03PM00.,09,15,3
2011-09-07 16:00:00,3,0,1,1,26.24,28.79,89,0.0,7,137,144,11090710.,04PM00.,09,16,3
2011-09-07 17:00:00,3,0,1,3,26.24,28.79,89,0.0,21,264,285,11090710.,05PM00.,09,17,3
2011-09-07 18:00:00,3,0,1,3,26.24,28.79,89,0.0,18,219,237,11090710.,06PM00.,09,18,3
2011-09-07 19:00:00,3,0,1,2,26.24,28.79,89,0.0,14,212,226,11090710.,07PM00.,09,19,3
2011-09-07 20:00:00,3,0,1,3,26.24,28.79,89,6.0032,3,93,96,11090710.,08PM00.,09,20,3
2011-09-07 21:00:00,3,0,1,3,26.24,28.79,89,6.0032,4,34,38,11090710.,09PM00.,09,21,3
2011-09-07 22:00:00,3,0,1,3,25.42,27.275,94,11.0014,3,26,29,11090710.,10PM00.,09,22,3
2011-09-07 23:00:00,3,0,1,3,25.42,27.275,94,12.998,3,21,24,11090710.,11PM00.,09,23,3
2011-09-08 00:00:00,3,0,1,3,24.6,25.0,100,12.998,3,11,14,11090810.,12AM00.,09,00,4
2011-09-08 01:00:00,3,0,1,3,25.42,27.275,94,7.0015,0,4,4,11090810.,01AM00.,09,01,4
2011-09-08 03:00:00,3,0,1,3,25.42,27.275,94,0.0,0,2,2,11090810.,03AM00.,09,03,4
2011-09-08 04:00:00,3,0,1,2,25.42,27.275,94,6.0032,0,3,3,11090810.,04AM00.,09,04,4
2011-09-08 05:00:00,3,0,1,3,25.42,27.275,94,6.0032,1,13,14,11090810.,05AM00.,09,05,4
2011-09-08 06:00:00,3,0,1,3,25.42,27.275,94,11.0014,1,55,56,11090810.,06AM00.,09,06,4
2011-09-08 07:00:00,3,0,1,3,25.42,27.275,94,7.0015,7,172,179,11090810.,07AM00.,09,07,4
2011-09-08 08:00:00,3,0,1,3,25.42,27.275,94,8.9981,7,188,195,11090810.,08AM00.,09,08,4
2011-09-08 09:00:00,3,0,1,2,25.42,25.76,100,16.9979,4,65,69,11090810.,09AM00.,09,09,4
2011-09-08 10:00:00,3,0,1,2,26.24,28.03,94,7.0015,8,57,65,11090810.,10AM00.,09,10,4
2011-09-08 11:00:00,3,0,1,2,26.24,28.03,94,15.0013,16,82,98,11090810.,11AM00.,09,11,4
2011-09-08 12:00:00,3,0,1,2,27.06,29.545,94,15.0013,17,85,102,11090810.,12PM00.,09,12,4
2011-09-08 13:00:00,3,0,1,2,27.88,31.82,83,26.0027,14,112,126,11090810.,01PM00.,09,13,4
2011-09-08 14:00:00,3,0,1,2,28.7,33.335,79,23.9994,15,105,120,11090810.,02PM00.,09,14,4
2011-09-08 15:00:00,3,0,1,3,27.06,29.545,89,19.9995,24,115,139,11090810.,03PM00.,09,15,4
2011-09-08 16:00:00,3,0,1,3,26.24,28.03,94,19.0012,5,151,156,11090810.,04PM00.,09,16,4
2011-09-08 17:00:00,3,0,1,3,26.24,28.03,94,19.0012,11,102,113,11090810.,05PM00.,09,17,4
2011-09-08 18:00:00,3,0,1,3,26.24,28.03,94,23.9994,2,66,68,11090810.,06PM00.,09,18,4
2011-09-08 19:00:00,3,0,1,3,25.42,25.76,100,22.0028,1,51,52,11090810.,07PM00.,09,19,4
2011-09-08 20:00:00,3,0,1,2,25.42,27.275,94,11.0014,6,83,89,11090810.,08PM00.,09,20,4
2011-09-08 21:00:00,3,0,1,3,26.24,28.03,94,7.0015,6,76,82,11090810.,09PM00.,09,21,4
2011-09-08 22:00:00,3,0,1,3,25.42,25.76,100,6.0032,5,65,70,11090810.,10PM00.,09,22,4
2011-09-08 23:00:00,3,0,1,3,25.42,25.76,100,6.0032,0,26,26,11090810.,11PM00.,09,23,4
2011-09-09 00:00:00,3,0,1,3,26.24,28.03,94,12.998,1,15,16,11090910.,12AM00.,09,00,5
2011-09-09 01:00:00,3,0,1,2,25.42,25.76,100,11.0014,0,8,8,11090910.,01AM00.,09,01,5
2011-09-09 02:00:00,3,0,1,2,25.42,25.76,100,16.9979,1,7,8,11090910.,02AM00.,09,02,5
2011-09-09 03:00:00,3,0,1,2,25.42,27.275,94,16.9979,1,1,2,11090910.,03AM00.,09,03,5
2011-09-09 04:00:00,3,0,1,3,25.42,27.275,94,11.0014,0,3,3,11090910.,04AM00.,09,04,5
2011-09-09 05:00:00,3,0,1,2,25.42,27.275,94,8.9981,0,14,14,11090910.,05AM00.,09,05,5
2011-09-09 06:00:00,3,0,1,2,25.42,25.76,100,8.9981,3,54,57,11090910.,06AM00.,09,06,5
2011-09-09 07:00:00,3,0,1,3,25.42,25.76,100,16.9979,4,104,108,11090910.,07AM00.,09,07,5
2011-09-09 08:00:00,3,0,1,3,25.42,27.275,94,11.0014,12,276,288,11090910.,08AM00.,09,08,5
2011-09-09 09:00:00,3,0,1,3,25.42,27.275,94,11.0014,5,131,136,11090910.,09AM00.,09,09,5
2011-09-09 10:00:00,3,0,1,2,25.42,25.76,100,0.0,2,27,29,11090910.,10AM00.,09,10,5
2011-09-09 11:00:00,3,0,1,2,25.42,27.275,94,0.0,6,66,72,11090910.,11AM00.,09,11,5
2011-09-09 12:00:00,3,0,1,1,26.24,28.03,94,0.0,4,71,75,11090910.,12PM00.,09,12,5
2011-09-09 13:00:00,3,0,1,1,28.7,33.335,79,6.0032,14,108,122,11090910.,01PM00.,09,13,5
2011-09-09 14:00:00,3,0,1,1,29.52,34.85,74,6.0032,29,119,148,11090910.,02PM00.,09,14,5
2011-09-09 15:00:00,3,0,1,1,30.34,34.85,66,0.0,27,161,188,11090910.,03PM00.,09,15,5
2011-09-09 16:00:00,3,0,1,1,30.34,34.85,66,8.9981,41,244,285,11090910.,04PM00.,09,16,5
2011-09-09 17:00:00,3,0,1,1,28.7,33.335,79,16.9979,54,451,505,11090910.,05PM00.,09,17,5
2011-09-09 18:00:00,3,0,1,1,28.7,33.335,79,12.998,33,377,410,11090910.,06PM00.,09,18,5
2011-09-09 19:00:00,3,0,1,1,27.06,29.545,89,11.0014,33,316,349,11090910.,07PM00.,09,19,5
2011-09-09 20:00:00,3,0,1,1,26.24,28.03,94,6.0032,30,180,210,11090910.,08PM00.,09,20,5
2011-09-09 21:00:00,3,0,1,1,27.06,29.545,89,0.0,49,154,203,11090910.,09PM00.,09,21,5
2011-09-09 22:00:00,3,0,1,1,25.42,27.275,94,0.0,33,127,160,11090910.,10PM00.,09,22,5
2011-09-09 23:00:00,3,0,1,1,25.42,27.275,94,6.0032,35,113,148,11090910.,11PM00.,09,23,5
2011-09-10 00:00:00,3,0,0,1,25.42,27.275,94,0.0,32,84,116,11091010.,12AM00.,09,00,6
2011-09-10 01:00:00,3,0,0,2,25.42,27.275,94,0.0,16,67,83,11091010.,01AM00.,09,01,6
2011-09-10 02:00:00,3,0,0,2,24.6,25.0,97,7.0015,18,46,64,11091010.,02AM00.,09,02,6
2011-09-10 03:00:00,3,0,0,1,23.78,27.275,100,8.9981,8,29,37,11091010.,03AM00.,09,03,6
2011-09-10 04:00:00,3,0,0,1,23.78,27.275,94,6.0032,3,4,7,11091010.,04AM00.,09,04,6
2011-09-10 05:00:00,3,0,0,1,23.78,27.275,94,8.9981,2,6,8,11091010.,05AM00.,09,05,6
2011-09-10 06:00:00,3,0,0,1,23.78,27.275,94,11.0014,0,6,6,11091010.,06AM00.,09,06,6
2011-09-10 07:00:00,3,0,0,1,24.6,27.275,88,8.9981,9,43,52,11091010.,07AM00.,09,07,6
2011-09-10 08:00:00,3,0,0,1,25.42,28.79,83,11.0014,16,103,119,11091010.,08AM00.,09,08,6
2011-09-10 09:00:00,3,0,0,1,26.24,29.545,78,19.9995,39,168,207,11091010.,09AM00.,09,09,6
2011-09-10 10:00:00,3,0,0,1,28.7,32.575,65,16.9979,85,233,318,11091010.,10AM00.,09,10,6
2011-09-10 11:00:00,3,0,0,1,29.52,34.09,62,16.9979,108,252,360,11091010.,11AM00.,09,11,6
2011-09-10 12:00:00,3,0,0,1,29.52,34.09,62,15.0013,144,260,404,11091010.,12PM00.,09,12,6
2011-09-10 13:00:00,3,0,0,1,30.34,34.09,55,19.0012,131,239,370,11091010.,01PM00.,09,13,6
2011-09-10 14:00:00,3,0,0,1,30.34,34.09,55,19.0012,129,230,359,11091010.,02PM00.,09,14,6
2011-09-10 15:00:00,3,0,0,1,30.34,34.09,55,15.0013,217,263,480,11091010.,03PM00.,09,15,6
2011-09-10 16:00:00,3,0,0,1,30.34,34.09,55,12.998,170,261,431,11091010.,04PM00.,09,16,6
2011-09-10 17:00:00,3,0,0,1,30.34,34.09,55,15.0013,185,275,460,11091010.,05PM00.,09,17,6
2011-09-10 18:00:00,3,0,0,1,29.52,33.335,58,12.998,119,241,360,11091010.,06PM00.,09,18,6
2011-09-10 19:00:00,3,0,0,1,28.7,32.575,58,8.9981,101,214,315,11091010.,07PM00.,09,19,6
2011-09-10 20:00:00,3,0,0,1,27.06,31.06,69,7.0015,78,167,245,11091010.,08PM00.,09,20,6
2011-09-10 21:00:00,3,0,0,1,26.24,29.545,78,6.0032,59,171,230,11091010.,09PM00.,09,21,6
2011-09-10 22:00:00,3,0,0,1,26.24,29.545,78,0.0,49,126,175,11091010.,10PM00.,09,22,6
2011-09-10 23:00:00,3,0,0,2,25.42,28.03,88,0.0,32,107,139,11091010.,11PM00.,09,23,6
2011-09-11 00:00:00,3,0,0,1,25.42,28.03,88,0.0,29,79,108,11091110.,12AM00.,09,00,7
2011-09-11 01:00:00,3,0,0,2,25.42,28.03,88,0.0,22,66,88,11091110.,01AM00.,09,01,7
2011-09-11 02:00:00,3,0,0,2,25.42,29.545,78,12.998,16,60,76,11091110.,02AM00.,09,02,7
2011-09-11 03:00:00,3,0,0,2,25.42,29.545,78,6.0032,15,30,45,11091110.,03AM00.,09,03,7
2011-09-11 04:00:00,3,0,0,1,24.6,28.03,83,8.9981,3,6,9,11091110.,04AM00.,09,04,7
2011-09-11 05:00:00,3,0,0,1,24.6,28.03,83,8.9981,15,24,39,11091110.,05AM00.,09,05,7
2011-09-11 06:00:00,3,0,0,1,23.78,27.275,88,7.0015,4,16,20,11091110.,06AM00.,09,06,7
2011-09-11 07:00:00,3,0,0,1,24.6,27.275,88,0.0,9,28,37,11091110.,07AM00.,09,07,7
2011-09-11 08:00:00,3,0,0,1,26.24,29.545,78,0.0,25,69,94,11091110.,08AM00.,09,08,7
2011-09-11 09:00:00,3,0,0,1,27.06,31.06,74,0.0,59,168,227,11091110.,09AM00.,09,09,7
2011-09-11 10:00:00,3,0,0,1,28.7,32.575,65,0.0,120,214,334,11091110.,10AM00.,09,10,7
2011-09-11 11:00:00,3,0,0,1,28.7,32.575,65,0.0,144,258,402,11091110.,11AM00.,09,11,7
2011-09-11 12:00:00,3,0,0,1,28.7,32.575,65,0.0,113,298,411,11091110.,12PM00.,09,12,7
2011-09-11 13:00:00,3,0,0,1,30.34,34.09,58,7.0015,119,231,350,11091110.,01PM00.,09,13,7
2011-09-11 14:00:00,3,0,0,1,29.52,33.335,58,19.0012,120,222,342,11091110.,02PM00.,09,14,7
2011-09-11 15:00:00,3,0,0,1,30.34,33.335,51,19.9995,134,270,404,11091110.,03PM00.,09,15,7
2011-09-11 16:00:00,3,0,0,1,29.52,33.335,51,19.9995,180,303,483,11091110.,04PM00.,09,16,7
2011-09-11 17:00:00,3,0,0,1,29.52,33.335,51,8.9981,152,228,380,11091110.,05PM00.,09,17,7
2011-09-11 18:00:00,3,0,0,1,27.88,31.82,65,19.9995,110,229,339,11091110.,06PM00.,09,18,7
2011-09-11 19:00:00,3,0,0,1,26.24,30.305,69,7.0015,101,232,333,11091110.,07PM00.,09,19,7
2011-09-11 20:00:00,3,0,0,1,25.42,29.545,73,7.0015,65,161,226,11091110.,08PM00.,09,20,7
2011-09-11 21:00:00,3,0,0,1,26.24,30.305,69,0.0,45,114,159,11091110.,09PM00.,09,21,7
2011-09-11 22:00:00,3,0,0,1,25.42,30.305,69,26.0027,21,74,95,11091110.,10PM00.,09,22,7
2011-09-11 23:00:00,3,0,0,3,23.78,27.275,78,6.0032,12,33,45,11091110.,11PM00.,09,23,7
2011-09-12 00:00:00,3,0,1,1,22.96,26.515,88,6.0032,5,11,16,11091210.,12AM00.,09,00,1
2011-09-12 01:00:00,3,0,1,1,22.96,26.515,88,0.0,1,11,12,11091210.,01AM00.,09,01,1
2011-09-12 02:00:00,3,0,1,1,22.96,26.515,88,0.0,2,0,2,11091210.,02AM00.,09,02,1
2011-09-12 04:00:00,3,0,1,1,22.14,25.76,94,7.0015,0,4,4,11091210.,04AM00.,09,04,1
2011-09-12 05:00:00,3,0,1,1,22.96,26.515,83,0.0,1,23,24,11091210.,05AM00.,09,05,1
2011-09-12 06:00:00,3,0,1,1,22.96,26.515,83,0.0,1,108,109,11091210.,06AM00.,09,06,1
2011-09-12 07:00:00,3,0,1,1,23.78,27.275,83,0.0,12,300,312,11091210.,07AM00.,09,07,1
2011-09-12 08:00:00,3,0,1,1,24.6,28.79,78,6.0032,26,382,408,11091210.,08AM00.,09,08,1
2011-09-12 09:00:00,3,0,1,1,26.24,30.305,69,0.0,21,155,176,11091210.,09AM00.,09,09,1
2011-09-12 10:00:00,3,0,1,1,27.88,31.82,62,11.0014,40,89,129,11091210.,10AM00.,09,10,1
2011-09-12 11:00:00,3,0,1,1,28.7,32.575,58,12.998,34,131,165,11091210.,11AM00.,09,11,1
2011-09-12 12:00:00,3,0,1,1,29.52,33.335,51,12.998,37,147,184,11091210.,12PM00.,09,12,1
2011-09-12 13:00:00,3,0,1,1,29.52,33.335,54,7.0015,43,120,163,11091210.,01PM00.,09,13,1
2011-09-12 14:00:00,3,0,1,1,30.34,33.335,51,11.0014,60,129,189,11091210.,02PM00.,09,14,1
2011-09-12 15:00:00,3,0,1,1,30.34,33.335,48,6.0032,60,152,212,11091210.,03PM00.,09,15,1
2011-09-12 16:00:00,3,0,1,1,29.52,33.335,48,0.0,60,238,298,11091210.,04PM00.,09,16,1
2011-09-12 17:00:00,3,0,1,1,29.52,33.335,51,11.0014,75,515,590,11091210.,05PM00.,09,17,1
2011-09-12 18:00:00,3,0,1,1,28.7,32.575,54,12.998,56,515,571,11091210.,06PM00.,09,18,1
2011-09-12 19:00:00,3,0,1,1,27.88,31.82,57,8.9981,63,373,436,11091210.,07PM00.,09,19,1
2011-09-12 20:00:00,3,0,1,1,27.06,31.06,65,0.0,41,258,299,11091210.,08PM00.,09,20,1
2011-09-12 21:00:00,3,0,1,1,26.24,30.305,73,6.0032,29,166,195,11091210.,09PM00.,09,21,1
2011-09-12 22:00:00,3,0,1,1,25.42,28.79,83,11.0014,16,134,150,11091210.,10PM00.,09,22,1
2011-09-12 23:00:00,3,0,1,1,25.42,28.79,83,7.0015,7,62,69,11091210.,11PM00.,09,23,1
2011-09-13 00:00:00,3,0,1,1,24.6,27.275,88,7.0015,7,19,26,11091310.,12AM00.,09,00,2
2011-09-13 01:00:00,3,0,1,1,23.78,27.275,83,7.0015,4,6,10,11091310.,01AM00.,09,01,2
2011-09-13 02:00:00,3,0,1,1,24.6,28.79,78,0.0,2,0,2,11091310.,02AM00.,09,02,2
2011-09-13 03:00:00,3,0,1,1,23.78,27.275,83,0.0,2,2,4,11091310.,03AM00.,09,03,2
2011-09-13 04:00:00,3,0,1,1,22.96,26.515,88,0.0,2,6,8,11091310.,04AM00.,09,04,2
2011-09-13 05:00:00,3,0,1,1,22.96,26.515,88,0.0,1,19,20,11091310.,05AM00.,09,05,2
2011-09-13 06:00:00,3,0,1,1,22.96,26.515,88,7.0015,6,116,122,11091310.,06AM00.,09,06,2
2011-09-13 07:00:00,3,0,1,1,23.78,27.275,83,6.0032,14,348,362,11091310.,07AM00.,09,07,2
2011-09-13 08:00:00,3,0,1,1,24.6,28.03,81,7.0015,26,399,425,11091310.,08AM00.,09,08,2
2011-09-13 09:00:00,3,0,1,1,26.24,30.305,69,6.0032,35,179,214,11091310.,09AM00.,09,09,2
2011-09-13 10:00:00,3,0,1,1,27.88,31.82,69,8.9981,42,93,135,11091310.,10AM00.,09,10,2
2011-09-13 11:00:00,3,0,1,1,28.7,32.575,61,11.0014,33,120,153,11091310.,11AM00.,09,11,2
2011-09-13 12:00:00,3,0,1,1,29.52,33.335,58,15.0013,43,144,187,11091310.,12PM00.,09,12,2
2011-09-13 13:00:00,3,0,1,1,30.34,33.335,51,19.0012,48,136,184,11091310.,01PM00.,09,13,2
2011-09-13 14:00:00,3,0,1,1,30.34,33.335,51,22.0028,51,139,190,11091310.,02PM00.,09,14,2
2011-09-13 15:00:00,3,0,1,1,30.34,33.335,51,19.9995,35,145,180,11091310.,03PM00.,09,15,2
2011-09-13 16:00:00,3,0,1,1,30.34,33.335,51,15.0013,41,251,292,11091310.,04PM00.,09,16,2
2011-09-13 17:00:00,3,0,1,1,30.34,33.335,51,15.0013,72,507,579,11091310.,05PM00.,09,17,2
2011-09-13 18:00:00,3,0,1,1,28.7,32.575,61,11.0014,67,472,539,11091310.,06PM00.,09,18,2
2011-09-13 19:00:00,3,0,1,1,27.88,31.82,69,11.0014,55,341,396,11091310.,07PM00.,09,19,2
2011-09-13 20:00:00,3,0,1,1,27.06,31.06,74,12.998,31,241,272,11091310.,08PM00.,09,20,2
2011-09-13 21:00:00,3,0,1,1,26.24,29.545,78,11.0014,45,200,245,11091310.,09PM00.,09,21,2
2011-09-13 22:00:00,3,0,1,1,26.24,29.545,78,8.9981,24,120,144,11091310.,10PM00.,09,22,2
2011-09-13 23:00:00,3,0,1,1,26.24,29.545,78,7.0015,15,59,74,11091310.,11PM00.,09,23,2
2011-09-14 00:00:00,3,0,1,1,25.42,29.545,78,6.0032,5,28,33,11091410.,12AM00.,09,00,3
2011-09-14 01:00:00,3,0,1,1,25.42,29.545,78,6.0032,1,7,8,11091410.,01AM00.,09,01,3
2011-09-14 02:00:00,3,0,1,1,24.6,28.03,83,0.0,1,4,5,11091410.,02AM00.,09,02,3
2011-09-14 03:00:00,3,0,1,1,24.6,27.275,88,8.9981,1,7,8,11091410.,03AM00.,09,03,3
2011-09-14 04:00:00,3,0,1,1,24.6,28.03,83,6.0032,1,8,9,11091410.,04AM00.,09,04,3
2011-09-14 05:00:00,3,0,1,1,23.78,27.275,88,7.0015,1,30,31,11091410.,05AM00.,09,05,3
2011-09-14 06:00:00,3,0,1,1,23.78,27.275,88,7.0015,7,138,145,11091410.,06AM00.,09,06,3
2011-09-14 07:00:00,3,0,1,1,24.6,28.03,83,7.0015,20,350,370,11091410.,07AM00.,09,07,3
2011-09-14 08:00:00,3,0,1,1,25.42,28.79,83,11.0014,33,396,429,11091410.,08AM00.,09,08,3
2011-09-14 09:00:00,3,0,1,1,26.24,29.545,78,11.0014,19,183,202,11091410.,09AM00.,09,09,3
2011-09-14 10:00:00,3,0,1,1,28.7,32.575,70,8.9981,27,115,142,11091410.,10AM00.,09,10,3
2011-09-14 11:00:00,3,0,1,1,29.52,34.09,66,11.0014,43,121,164,11091410.,11AM00.,09,11,3
2011-09-14 12:00:00,3,0,1,1,30.34,34.09,58,15.0013,56,156,212,11091410.,12PM00.,09,12,3
2011-09-14 13:00:00,3,0,1,1,31.16,34.85,55,16.9979,39,139,178,11091410.,01PM00.,09,13,3
2011-09-14 14:00:00,3,0,1,1,31.98,35.605,52,15.0013,19,105,124,11091410.,02PM00.,09,14,3
2011-09-14 15:00:00,3,0,1,1,31.98,35.605,49,16.9979,30,146,176,11091410.,03PM00.,09,15,3
2011-09-14 16:00:00,3,0,1,1,31.16,34.85,52,19.0012,36,241,277,11091410.,04PM00.,09,16,3
2011-09-14 17:00:00,3,0,1,1,31.16,34.85,52,19.0012,87,512,599,11091410.,05PM00.,09,17,3
2011-09-14 18:00:00,3,0,1,1,29.52,34.09,62,11.0014,83,503,586,11091410.,06PM00.,09,18,3
2011-09-14 19:00:00,3,0,1,2,28.7,32.575,70,7.0015,44,337,381,11091410.,07PM00.,09,19,3
2011-09-14 20:00:00,3,0,1,2,29.52,33.335,58,27.9993,40,221,261,11091410.,08PM00.,09,20,3
2011-09-14 21:00:00,3,0,1,2,27.06,31.06,65,15.0013,24,189,213,11091410.,09PM00.,09,21,3
2011-09-14 22:00:00,3,0,1,2,27.06,31.06,65,8.9981,20,140,160,11091410.,10PM00.,09,22,3
2011-09-14 23:00:00,3,0,1,2,26.24,30.305,69,7.0015,10,62,72,11091410.,11PM00.,09,23,3
2011-09-15 00:00:00,3,0,1,1,26.24,30.305,69,8.9981,3,34,37,11091510.,12AM00.,09,00,4
2011-09-15 01:00:00,3,0,1,1,26.24,30.305,69,11.0014,0,20,20,11091510.,01AM00.,09,01,4
2011-09-15 02:00:00,3,0,1,1,25.42,29.545,73,7.0015,0,5,5,11091510.,02AM00.,09,02,4
2011-09-15 03:00:00,3,0,1,1,25.42,29.545,73,6.0032,3,5,8,11091510.,03AM00.,09,03,4
2011-09-15 04:00:00,3,0,1,1,24.6,28.79,78,7.0015,2,5,7,11091510.,04AM00.,09,04,4
2011-09-15 05:00:00,3,0,1,1,24.6,28.79,78,0.0,1,30,31,11091510.,05AM00.,09,05,4
2011-09-15 06:00:00,3,0,1,2,24.6,28.03,83,16.9979,5,119,124,11091510.,06AM00.,09,06,4
2011-09-15 07:00:00,3,0,1,2,25.42,29.545,78,12.998,17,321,338,11091510.,07AM00.,09,07,4
2011-09-15 08:00:00,3,0,1,1,26.24,30.305,73,8.9981,27,364,391,11091510.,08AM00.,09,08,4
2011-09-15 09:00:00,3,0,1,2,26.24,30.305,73,23.9994,23,186,209,11091510.,09AM00.,09,09,4
2011-09-15 10:00:00,3,0,1,2,27.06,31.06,69,16.9979,25,96,121,11091510.,10AM00.,09,10,4
2011-09-15 11:00:00,3,0,1,2,27.88,31.82,65,8.9981,39,120,159,11091510.,11AM00.,09,11,4
2011-09-15 12:00:00,3,0,1,2,27.06,31.06,69,19.9995,31,148,179,11091510.,12PM00.,09,12,4
2011-09-15 13:00:00,3,0,1,2,26.24,30.305,65,19.0012,38,151,189,11091510.,01PM00.,09,13,4
2011-09-15 14:00:00,3,0,1,2,26.24,30.305,65,27.9993,36,134,170,11091510.,02PM00.,09,14,4
2011-09-15 15:00:00,3,0,1,2,24.6,29.545,69,27.9993,25,110,135,11091510.,03PM00.,09,15,4
2011-09-15 16:00:00,3,0,1,2,22.14,25.76,77,31.0009,29,193,222,11091510.,04PM00.,09,16,4
2011-09-15 17:00:00,3,0,1,3,19.68,23.485,82,31.0009,31,230,261,11091510.,05PM00.,09,17,4
2011-09-15 18:00:00,3,0,1,3,19.68,23.485,67,40.9973,22,222,244,11091510.,06PM00.,09,18,4
2011-09-15 19:00:00,3,0,1,1,18.86,22.725,67,31.0009,20,212,232,11091510.,07PM00.,09,19,4
2011-09-15 20:00:00,3,0,1,1,18.86,22.725,63,22.0028,25,223,248,11091510.,08PM00.,09,20,4
2011-09-15 21:00:00,3,0,1,1,18.86,22.725,63,22.0028,11,134,145,11091510.,09PM00.,09,21,4
2011-09-15 22:00:00,3,0,1,1,18.04,21.97,67,19.0012,7,108,115,11091510.,10PM00.,09,22,4
2011-09-15 23:00:00,3,0,1,1,18.04,21.97,67,15.0013,8,61,69,11091510.,11PM00.,09,23,4
2011-09-16 00:00:00,3,0,1,1,17.22,21.21,71,15.0013,5,43,48,11091610.,12AM00.,09,00,5
2011-09-16 01:00:00,3,0,1,1,17.22,21.21,67,12.998,7,19,26,11091610.,01AM00.,09,01,5
2011-09-16 02:00:00,3,0,1,1,16.4,20.455,71,19.0012,3,7,10,11091610.,02AM00.,09,02,5
2011-09-16 03:00:00,3,0,1,1,16.4,20.455,71,16.9979,2,4,6,11091610.,03AM00.,09,03,5
2011-09-16 04:00:00,3,0,1,1,16.4,20.455,71,19.0012,1,3,4,11091610.,04AM00.,09,04,5
2011-09-16 05:00:00,3,0,1,1,15.58,19.695,76,12.998,2,30,32,11091610.,05AM00.,09,05,5
2011-09-16 06:00:00,3,0,1,1,15.58,19.695,71,15.0013,6,87,93,11091610.,06AM00.,09,06,5
2011-09-16 07:00:00,3,0,1,1,16.4,20.455,71,19.0012,16,283,299,11091610.,07AM00.,09,07,5
2011-09-16 08:00:00,3,0,1,1,17.22,21.21,67,15.0013,23,386,409,11091610.,08AM00.,09,08,5
2011-09-16 09:00:00,3,0,1,1,18.86,22.725,55,16.9979,21,189,210,11091610.,09AM00.,09,09,5
2011-09-16 10:00:00,3,0,1,2,20.5,24.24,51,19.0012,36,104,140,11091610.,10AM00.,09,10,5
2011-09-16 11:00:00,3,0,1,2,20.5,24.24,51,8.9981,40,139,179,11091610.,11AM00.,09,11,5
2011-09-16 12:00:00,3,0,1,2,21.32,25.0,45,0.0,39,212,251,11091610.,12PM00.,09,12,5
2011-09-16 13:00:00,3,0,1,2,22.14,25.76,42,0.0,55,168,223,11091610.,01PM00.,09,13,5
2011-09-16 14:00:00,3,0,1,2,22.14,25.76,45,11.0014,49,176,225,11091610.,02PM00.,09,14,5
2011-09-16 15:00:00,3,0,1,2,22.14,25.76,45,15.0013,38,165,203,11091610.,03PM00.,09,15,5
2011-09-16 16:00:00,3,0,1,2,21.32,25.0,48,11.0014,67,291,358,11091610.,04PM00.,09,16,5
2011-09-16 17:00:00,3,0,1,2,21.32,25.0,48,8.9981,86,480,566,11091610.,05PM00.,09,17,5
2011-09-16 18:00:00,3,0,1,2,21.32,25.0,52,11.0014,55,427,482,11091610.,06PM00.,09,18,5
2011-09-16 19:00:00,3,0,1,2,20.5,24.24,55,11.0014,59,256,315,11091610.,07PM00.,09,19,5
2011-09-16 20:00:00,3,0,1,2,20.5,24.24,55,0.0,41,184,225,11091610.,08PM00.,09,20,5
2011-09-16 21:00:00,3,0,1,2,20.5,24.24,63,0.0,39,124,163,11091610.,09PM00.,09,21,5
2011-09-16 22:00:00,3,0,1,1,19.68,23.485,67,6.0032,32,135,167,11091610.,10PM00.,09,22,5
2011-09-16 23:00:00,3,0,1,1,20.5,24.24,59,0.0,20,106,126,11091610.,11PM00.,09,23,5
2011-09-17 00:00:00,3,0,0,1,18.86,22.725,72,11.0014,28,80,108,11091710.,12AM00.,09,00,6
2011-09-17 01:00:00,3,0,0,1,18.86,22.725,72,7.0015,28,52,80,11091710.,01AM00.,09,01,6
2011-09-17 02:00:00,3,0,0,1,18.86,22.725,82,6.0032,18,61,79,11091710.,02AM00.,09,02,6
2011-09-17 03:00:00,3,0,0,1,18.86,22.725,72,8.9981,7,21,28,11091710.,03AM00.,09,03,6
2011-09-17 04:00:00,3,0,0,1,18.86,22.725,72,8.9981,1,4,5,11091710.,04AM00.,09,04,6
2011-09-17 05:00:00,3,0,0,1,18.86,22.725,72,11.0014,2,3,5,11091710.,05AM00.,09,05,6
2011-09-17 06:00:00,3,0,0,2,18.86,22.725,72,15.0013,5,17,22,11091710.,06AM00.,09,06,6
2011-09-17 07:00:00,3,0,0,2,18.86,22.725,77,12.998,4,33,37,11091710.,07AM00.,09,07,6
2011-09-17 08:00:00,3,0,0,2,18.86,22.725,77,16.9979,27,81,108,11091710.,08AM00.,09,08,6
2011-09-17 09:00:00,3,0,0,2,19.68,23.485,67,15.0013,32,145,177,11091710.,09AM00.,09,09,6
2011-09-17 10:00:00,3,0,0,2,20.5,24.24,68,19.0012,72,177,249,11091710.,10AM00.,09,10,6
2011-09-17 11:00:00,3,0,0,2,21.32,25.0,68,15.0013,119,248,367,11091710.,11AM00.,09,11,6
2011-09-17 12:00:00,3,0,0,2,21.32,25.0,67,15.0013,115,257,372,11091710.,12PM00.,09,12,6
2011-09-17 13:00:00,3,0,0,2,21.32,25.0,68,12.998,124,225,349,11091710.,01PM00.,09,13,6
2011-09-17 14:00:00,3,0,0,2,21.32,25.0,72,12.998,123,174,297,11091710.,02PM00.,09,14,6
2011-09-17 15:00:00,3,0,0,2,21.32,25.0,72,12.998,148,206,354,11091710.,03PM00.,09,15,6
2011-09-17 16:00:00,3,0,0,1,22.14,25.76,68,16.9979,116,189,305,11091710.,04PM00.,09,16,6
2011-09-17 17:00:00,3,0,0,1,21.32,25.0,72,15.0013,141,218,359,11091710.,05PM00.,09,17,6
2011-09-17 18:00:00,3,0,0,2,21.32,25.0,72,15.0013,95,234,329,11091710.,06PM00.,09,18,6
2011-09-17 19:00:00,3,0,0,1,21.32,25.0,68,8.9981,70,186,256,11091710.,07PM00.,09,19,6
2011-09-17 20:00:00,3,0,0,1,21.32,25.0,68,8.9981,43,133,176,11091710.,08PM00.,09,20,6
2011-09-17 21:00:00,3,0,0,2,20.5,24.24,72,12.998,49,121,170,11091710.,09PM00.,09,21,6
2011-09-17 22:00:00,3,0,0,1,20.5,24.24,72,15.0013,31,112,143,11091710.,10PM00.,09,22,6
2011-09-17 23:00:00,3,0,0,1,18.86,22.725,82,11.0014,36,100,136,11091710.,11PM00.,09,23,6
2011-09-18 00:00:00,3,0,0,1,18.86,22.725,77,15.0013,24,88,112,11091810.,12AM00.,09,00,7
2011-09-18 01:00:00,3,0,0,1,18.86,22.725,77,15.0013,13,66,79,11091810.,01AM00.,09,01,7
2011-09-18 02:00:00,3,0,0,1,18.04,21.97,82,16.9979,21,68,89,11091810.,02AM00.,09,02,7
2011-09-18 03:00:00,3,0,0,1,18.04,21.97,82,12.998,11,25,36,11091810.,03AM00.,09,03,7
2011-09-18 04:00:00,3,0,0,1,18.04,21.97,77,15.0013,1,0,1,11091810.,04AM00.,09,04,7
2011-09-18 05:00:00,3,0,0,1,18.04,21.97,77,15.0013,1,5,6,11091810.,05AM00.,09,05,7
2011-09-18 06:00:00,3,0,0,1,18.04,21.97,77,16.9979,2,10,12,11091810.,06AM00.,09,06,7
2011-09-18 07:00:00,3,0,0,1,18.86,22.725,72,15.0013,15,29,44,11091810.,07AM00.,09,07,7
2011-09-18 08:00:00,3,0,0,1,18.86,22.725,72,16.9979,16,53,69,11091810.,08AM00.,09,08,7
2011-09-18 09:00:00,3,0,0,1,19.68,23.485,67,16.9979,46,94,140,11091810.,09AM00.,09,09,7
2011-09-18 10:00:00,3,0,0,1,20.5,24.24,72,11.0014,82,178,260,11091810.,10AM00.,09,10,7
2011-09-18 11:00:00,3,0,0,1,21.32,25.0,68,15.0013,116,201,317,11091810.,11AM00.,09,11,7
2011-09-18 12:00:00,3,0,0,1,22.14,25.76,64,8.9981,135,229,364,11091810.,12PM00.,09,12,7
2011-09-18 13:00:00,3,0,0,1,22.96,26.515,60,8.9981,162,214,376,11091810.,01PM00.,09,13,7
2011-09-18 14:00:00,3,0,0,2,23.78,27.275,56,8.9981,127,184,311,11091810.,02PM00.,09,14,7
2011-09-18 15:00:00,3,0,0,2,23.78,27.275,60,8.9981,132,233,365,11091810.,03PM00.,09,15,7
2011-09-18 16:00:00,3,0,0,2,22.96,26.515,64,11.0014,134,235,369,11091810.,04PM00.,09,16,7
2011-09-18 17:00:00,3,0,0,2,22.96,26.515,64,12.998,95,230,325,11091810.,05PM00.,09,17,7
2011-09-18 18:00:00,3,0,0,2,22.96,26.515,60,7.0015,66,223,289,11091810.,06PM00.,09,18,7
2011-09-18 19:00:00,3,0,0,2,22.14,25.76,68,7.0015,54,191,245,11091810.,07PM00.,09,19,7
2011-09-18 20:00:00,3,0,0,2,22.14,25.76,68,6.0032,44,136,180,11091810.,08PM00.,09,20,7
2011-09-18 21:00:00,3,0,0,2,22.14,25.76,68,6.0032,37,110,147,11091810.,09PM00.,09,21,7
2011-09-18 22:00:00,3,0,0,2,22.14,25.76,68,6.0032,9,75,84,11091810.,10PM00.,09,22,7
2011-09-18 23:00:00,3,0,0,1,22.14,25.76,68,12.998,10,44,54,11091810.,11PM00.,09,23,7
2011-09-19 00:00:00,3,0,1,2,21.32,25.0,72,11.0014,14,23,37,11091910.,12AM00.,09,00,1
2011-09-19 01:00:00,3,0,1,2,21.32,25.0,72,7.0015,3,7,10,11091910.,01AM00.,09,01,1
2011-09-19 02:00:00,3,0,1,2,21.32,25.0,72,8.9981,6,7,13,11091910.,02AM00.,09,02,1
2011-09-19 03:00:00,3,0,1,2,20.5,24.24,77,8.9981,1,4,5,11091910.,03AM00.,09,03,1
2011-09-19 04:00:00,3,0,1,2,20.5,24.24,77,11.0014,2,6,8,11091910.,04AM00.,09,04,1
2011-09-19 05:00:00,3,0,1,2,20.5,24.24,77,12.998,2,26,28,11091910.,05AM00.,09,05,1
2011-09-19 06:00:00,3,0,1,1,20.5,24.24,77,15.0013,6,107,113,11091910.,06AM00.,09,06,1
2011-09-19 07:00:00,3,0,1,2,20.5,24.24,82,15.0013,20,312,332,11091910.,07AM00.,09,07,1
2011-09-19 08:00:00,3,0,1,2,21.32,25.0,77,8.9981,29,391,420,11091910.,08AM00.,09,08,1
2011-09-19 09:00:00,3,0,1,2,22.14,25.76,68,11.0014,32,183,215,11091910.,09AM00.,09,09,1
2011-09-19 10:00:00,3,0,1,2,22.96,26.515,64,8.9981,21,84,105,11091910.,10AM00.,09,10,1
2011-09-19 11:00:00,3,0,1,2,23.78,27.275,64,11.0014,41,98,139,11091910.,11AM00.,09,11,1
2011-09-19 12:00:00,3,0,1,2,23.78,27.275,60,6.0032,51,138,189,11091910.,12PM00.,09,12,1
2011-09-19 13:00:00,3,0,1,2,24.6,30.305,60,0.0,53,124,177,11091910.,01PM00.,09,13,1
2011-09-19 14:00:00,3,0,1,2,24.6,30.305,60,12.998,45,143,188,11091910.,02PM00.,09,14,1
2011-09-19 15:00:00,3,0,1,2,24.6,30.305,60,15.0013,44,143,187,11091910.,03PM00.,09,15,1
2011-09-19 16:00:00,3,0,1,2,24.6,30.305,60,11.0014,55,208,263,11091910.,04PM00.,09,16,1
2011-09-19 17:00:00,3,0,1,2,23.78,27.275,64,8.9981,85,483,568,11091910.,05PM00.,09,17,1
2011-09-19 18:00:00,3,0,1,2,22.96,26.515,68,8.9981,56,484,540,11091910.,06PM00.,09,18,1
2011-09-19 19:00:00,3,0,1,2,22.96,26.515,68,7.0015,41,333,374,11091910.,07PM00.,09,19,1
2011-09-19 20:00:00,3,0,1,2,22.96,26.515,68,8.9981,27,204,231,11091910.,08PM00.,09,20,1
2011-09-19 21:00:00,3,0,1,2,22.96,26.515,68,11.0014,19,181,200,11091910.,09PM00.,09,21,1
2011-09-19 22:00:00,3,0,1,2,22.96,26.515,68,11.0014,25,104,129,11091910.,10PM00.,09,22,1
2011-09-19 23:00:00,3,0,1,2,22.96,26.515,73,12.998,13,55,68,11091910.,11PM00.,09,23,1
2011-10-01 00:00:00,4,0,0,1,20.5,24.24,63,26.0027,24,106,130,11100110.,12AM00.,10,00,6
2011-10-01 01:00:00,4,0,0,1,19.68,23.485,67,22.0028,11,47,58,11100110.,01AM00.,10,01,6
2011-10-01 02:00:00,4,0,0,1,18.86,22.725,63,27.9993,21,46,67,11100110.,02AM00.,10,02,6
2011-10-01 03:00:00,4,0,0,1,18.86,22.725,59,27.9993,8,17,25,11100110.,03AM00.,10,03,6
2011-10-01 04:00:00,4,0,0,1,18.04,21.97,58,27.9993,2,6,8,11100110.,04AM00.,10,04,6
2011-10-01 05:00:00,4,0,0,2,18.04,21.97,62,19.9995,1,4,5,11100110.,05AM00.,10,05,6
2011-10-01 06:00:00,4,0,0,1,17.22,21.21,67,22.0028,4,15,19,11100110.,06AM00.,10,06,6
2011-10-01 07:00:00,4,0,0,3,17.22,21.21,67,16.9979,6,30,36,11100110.,07AM00.,10,07,6
2011-10-01 08:00:00,4,0,0,2,16.4,20.455,76,22.0028,9,58,67,11100110.,08AM00.,10,08,6
2011-10-01 09:00:00,4,0,0,3,16.4,20.455,82,23.9994,17,112,129,11100110.,09AM00.,10,09,6
2011-10-01 10:00:00,4,0,0,3,16.4,20.455,76,23.9994,21,100,121,11100110.,10AM00.,10,10,6
2011-10-01 11:00:00,4,0,0,3,15.58,19.695,82,22.0028,30,102,132,11100110.,11AM00.,10,11,6
2011-10-01 12:00:00,4,0,0,2,16.4,20.455,82,16.9979,28,130,158,11100110.,12PM00.,10,12,6
2011-10-01 13:00:00,4,0,0,2,16.4,20.455,82,22.0028,27,98,125,11100110.,01PM00.,10,13,6
2011-10-01 14:00:00,4,0,0,2,17.22,21.21,71,23.9994,33,147,180,11100110.,02PM00.,10,14,6
2011-10-01 15:00:00,4,0,0,2,17.22,21.21,71,19.0012,41,154,195,11100110.,03PM00.,10,15,6
2011-10-01 16:00:00,4,0,0,2,16.4,20.455,76,19.9995,58,165,223,11100110.,04PM00.,10,16,6
2011-10-01 17:00:00,4,0,0,3,16.4,20.455,76,12.998,58,170,228,11100110.,05PM00.,10,17,6
2011-10-01 18:00:00,4,0,0,3,15.58,19.695,87,15.0013,23,117,140,11100110.,06PM00.,10,18,6
2011-10-01 19:00:00,4,0,0,2,15.58,19.695,82,12.998,27,99,126,11100110.,07PM00.,10,19,6
2011-10-01 20:00:00,4,0,0,3,14.76,18.18,87,7.0015,8,58,66,11100110.,08PM00.,10,20,6
2011-10-01 21:00:00,4,0,0,3,14.76,18.18,87,7.0015,3,53,56,11100110.,09PM00.,10,21,6
2011-10-01 22:00:00,4,0,0,2,14.76,17.425,93,15.0013,12,58,70,11100110.,10PM00.,10,22,6
2011-10-01 23:00:00,4,0,0,3,14.76,17.425,93,15.0013,8,57,65,11100110.,11PM00.,10,23,6
2011-10-02 00:00:00,4,0,0,3,14.76,16.665,93,19.9995,4,43,47,11100210.,12AM00.,10,00,7
2011-10-02 01:00:00,4,0,0,3,13.94,15.91,87,16.9979,1,23,24,11100210.,01AM00.,10,01,7
2011-10-02 02:00:00,4,0,0,3,13.94,15.15,87,19.9995,3,27,30,11100210.,02AM00.,10,02,7
2011-10-02 03:00:00,4,0,0,3,13.94,15.91,87,19.0012,4,5,9,11100210.,03AM00.,10,03,7
2011-10-02 04:00:00,4,0,0,2,13.94,15.91,87,16.9979,4,3,7,11100210.,04AM00.,10,04,7
2011-10-02 05:00:00,4,0,0,1,13.12,15.15,87,19.0012,0,7,7,11100210.,05AM00.,10,05,7
2011-10-02 06:00:00,4,0,0,1,13.12,15.91,81,11.0014,2,13,15,11100210.,06AM00.,10,06,7
2011-10-02 07:00:00,4,0,0,1,13.94,16.665,76,12.998,5,24,29,11100210.,07AM00.,10,07,7
2011-10-02 08:00:00,4,0,0,2,13.94,16.665,76,12.998,14,50,64,11100210.,08AM00.,10,08,7
2011-10-02 09:00:00,4,0,0,1,14.76,16.665,76,23.9994,19,96,115,11100210.,09AM00.,10,09,7
2011-10-02 10:00:00,4,0,0,2,14.76,16.665,71,19.0012,60,188,248,11100210.,10AM00.,10,10,7
2011-10-02 11:00:00,4,0,0,2,15.58,19.695,66,16.9979,74,218,292,11100210.,11AM00.,10,11,7
2011-10-02 12:00:00,4,0,0,2,16.4,20.455,62,12.998,78,243,321,11100210.,12PM00.,10,12,7
2011-10-02 13:00:00,4,0,0,3,16.4,20.455,62,15.0013,84,224,308,11100210.,01PM00.,10,13,7
2011-10-02 14:00:00,4,0,0,3,14.76,17.425,81,11.0014,61,195,256,11100210.,02PM00.,10,14,7
2011-10-02 15:00:00,4,0,0,3,14.76,16.665,81,16.9979,29,144,173,11100210.,03PM00.,10,15,7
2011-10-02 16:00:00,4,0,0,3,14.76,17.425,87,12.998,44,162,206,11100210.,04PM00.,10,16,7
2011-10-02 17:00:00,4,0,0,3,14.76,17.425,87,11.0014,32,135,167,11100210.,05PM00.,10,17,7
2011-10-02 18:00:00,4,0,0,2,14.76,17.425,81,12.998,16,158,174,11100210.,06PM00.,10,18,7
2011-10-02 19:00:00,4,0,0,2,15.58,19.695,76,11.0014,34,128,162,11100210.,07PM00.,10,19,7
2011-10-02 20:00:00,4,0,0,2,14.76,16.665,76,16.9979,16,71,87,11100210.,08PM00.,10,20,7
2011-10-02 21:00:00,4,0,0,1,14.76,17.425,71,15.0013,17,71,88,11100210.,09PM00.,10,21,7
2011-10-02 22:00:00,4,0,0,3,14.76,18.18,81,6.0032,9,55,64,11100210.,10PM00.,10,22,7
2011-10-02 23:00:00,4,0,0,1,14.76,18.18,81,6.0032,6,19,25,11100210.,11PM00.,10,23,7
2011-10-03 00:00:00,4,0,1,1,13.94,17.425,87,7.0015,3,13,16,11100310.,12AM00.,10,00,1
2011-10-03 01:00:00,4,0,1,1,14.76,18.18,81,6.0032,1,5,6,11100310.,01AM00.,10,01,1
2011-10-03 02:00:00,4,0,1,1,14.76,18.18,76,7.0015,0,4,4,11100310.,02AM00.,10,02,1
2011-10-03 03:00:00,4,0,1,1,14.76,18.94,81,0.0,1,6,7,11100310.,03AM00.,10,03,1
2011-10-03 04:00:00,4,0,1,1,13.94,17.425,87,7.0015,2,6,8,11100310.,04AM00.,10,04,1
2011-10-03 05:00:00,4,0,1,2,14.76,18.18,76,7.0015,4,17,21,11100310.,05AM00.,10,05,1
2011-10-03 06:00:00,4,0,1,2,14.76,18.94,71,0.0,3,91,94,11100310.,06AM00.,10,06,1
2011-10-03 07:00:00,4,0,1,2,14.76,17.425,71,8.9981,8,241,249,11100310.,07AM00.,10,07,1
2011-10-03 08:00:00,4,0,1,2,14.76,18.18,71,7.0015,13,359,372,11100310.,08AM00.,10,08,1
2011-10-03 09:00:00,4,0,1,2,16.4,20.455,66,6.0032,12,141,153,11100310.,09AM00.,10,09,1
2011-10-03 10:00:00,4,0,1,2,16.4,20.455,66,7.0015,19,82,101,11100310.,10AM00.,10,10,1
2011-10-03 11:00:00,4,0,1,2,16.4,20.455,71,15.0013,26,100,126,11100310.,11AM00.,10,11,1
2011-10-03 12:00:00,4,0,1,2,16.4,20.455,71,8.9981,29,118,147,11100310.,12PM00.,10,12,1
2011-10-03 13:00:00,4,0,1,3,17.22,21.21,67,11.0014,16,102,118,11100310.,01PM00.,10,13,1
2011-10-03 14:00:00,4,0,1,3,16.4,20.455,76,0.0,26,94,120,11100310.,02PM00.,10,14,1
2011-10-03 15:00:00,4,0,1,3,16.4,20.455,76,0.0,22,79,101,11100310.,03PM00.,10,15,1
2011-10-03 16:00:00,4,0,1,2,16.4,20.455,76,7.0015,16,202,218,11100310.,04PM00.,10,16,1
2011-10-03 17:00:00,4,0,1,2,16.4,20.455,76,11.0014,40,455,495,11100310.,05PM00.,10,17,1
2011-10-03 18:00:00,4,0,1,2,16.4,20.455,76,11.0014,28,384,412,11100310.,06PM00.,10,18,1
2011-10-03 19:00:00,4,0,1,1,16.4,20.455,76,0.0,15,300,315,11100310.,07PM00.,10,19,1
2011-10-03 20:00:00,4,0,1,3,16.4,20.455,82,0.0,13,191,204,11100310.,08PM00.,10,20,1
2011-10-03 21:00:00,4,0,1,2,16.4,20.455,82,0.0,10,128,138,11100310.,09PM00.,10,21,1
2011-10-03 22:00:00,4,0,1,2,16.4,20.455,82,0.0,12,79,91,11100310.,10PM00.,10,22,1
2011-10-03 23:00:00,4,0,1,2,16.4,20.455,82,7.0015,11,43,54,11100310.,11PM00.,10,23,1
2011-10-04 00:00:00,4,0,1,2,16.4,20.455,87,6.0032,5,22,27,11100410.,12AM00.,10,00,2
2011-10-04 01:00:00,4,0,1,2,16.4,20.455,87,7.0015,1,8,9,11100410.,01AM00.,10,01,2
2011-10-04 02:00:00,4,0,1,2,16.4,20.455,87,0.0,1,2,3,11100410.,02AM00.,10,02,2
2011-10-04 03:00:00,4,0,1,1,16.4,20.455,82,7.0015,3,3,6,11100410.,03AM00.,10,03,2
2011-10-04 04:00:00,4,0,1,1,16.4,20.455,82,6.0032,3,4,7,11100410.,04AM00.,10,04,2
2011-10-04 05:00:00,4,0,1,1,16.4,20.455,82,8.9981,2,25,27,11100410.,05AM00.,10,05,2
2011-10-04 06:00:00,4,0,1,1,16.4,20.455,82,7.0015,3,109,112,11100410.,06AM00.,10,06,2
2011-10-04 07:00:00,4,0,1,1,17.22,21.21,82,19.0012,11,298,309,11100410.,07AM00.,10,07,2
2011-10-04 08:00:00,4,0,1,1,18.04,21.97,77,15.0013,28,372,400,11100410.,08AM00.,10,08,2
2011-10-04 09:00:00,4,0,1,1,18.86,22.725,67,16.9979,19,168,187,11100410.,09AM00.,10,09,2
2011-10-04 10:00:00,4,0,1,1,19.68,23.485,67,19.0012,19,107,126,11100410.,10AM00.,10,10,2
2011-10-04 11:00:00,4,0,1,1,22.14,25.76,64,19.0012,22,102,124,11100410.,11AM00.,10,11,2
2011-10-04 12:00:00,4,0,1,1,22.96,26.515,56,19.9995,39,160,199,11100410.,12PM00.,10,12,2
2011-10-04 13:00:00,4,0,1,1,22.96,26.515,56,19.9995,20,153,173,11100410.,01PM00.,10,13,2
2011-10-04 14:00:00,4,0,1,1,23.78,27.275,53,16.9979,27,156,183,11100410.,02PM00.,10,14,2
2011-10-04 15:00:00,4,0,1,1,23.78,27.275,56,19.0012,28,166,194,11100410.,03PM00.,10,15,2
2011-10-04 16:00:00,4,0,1,1,23.78,27.275,56,22.0028,36,273,309,11100410.,04PM00.,10,16,2
2011-10-04 17:00:00,4,0,1,1,22.96,26.515,60,26.0027,55,530,585,11100410.,05PM00.,10,17,2
2011-10-04 18:00:00,4,0,1,1,22.14,25.76,64,19.0012,68,456,524,11100410.,06PM00.,10,18,2
2011-10-04 19:00:00,4,0,1,1,21.32,25.0,68,15.0013,35,310,345,11100410.,07PM00.,10,19,2
2011-10-04 20:00:00,4,0,1,1,21.32,25.0,68,15.0013,25,236,261,11100410.,08PM00.,10,20,2
2011-10-04 21:00:00,4,0,1,1,20.5,24.24,72,8.9981,22,144,166,11100410.,09PM00.,10,21,2
2011-10-04 22:00:00,4,0,1,1,20.5,24.24,72,8.9981,8,106,114,11100410.,10PM00.,10,22,2
2011-10-04 23:00:00,4,0,1,1,19.68,23.485,77,8.9981,6,60,66,11100410.,11PM00.,10,23,2
2011-10-05 00:00:00,4,0,1,1,19.68,23.485,77,8.9981,7,36,43,11100510.,12AM00.,10,00,3
2011-10-05 01:00:00,4,0,1,1,19.68,23.485,77,11.0014,4,7,11,11100510.,01AM00.,10,01,3
2011-10-05 02:00:00,4,0,1,1,18.86,22.725,82,11.0014,1,2,3,11100510.,02AM00.,10,02,3
2011-10-05 03:00:00,4,0,1,1,18.86,22.725,82,7.0015,1,5,6,11100510.,03AM00.,10,03,3
2011-10-05 04:00:00,4,0,1,1,18.04,21.97,88,0.0,1,4,5,11100510.,04AM00.,10,04,3
2011-10-05 05:00:00,4,0,1,1,18.04,21.97,82,8.9981,3,29,32,11100510.,05AM00.,10,05,3
2011-10-05 06:00:00,4,0,1,1,18.04,21.97,82,7.0015,5,112,117,11100510.,06AM00.,10,06,3
2011-10-05 07:00:00,4,0,1,1,18.86,22.725,77,7.0015,9,292,301,11100510.,07AM00.,10,07,3
2011-10-05 08:00:00,4,0,1,1,21.32,25.0,63,0.0,26,441,467,11100510.,08AM00.,10,08,3
2011-10-05 09:00:00,4,0,1,1,22.14,25.76,60,19.9995,32,187,219,11100510.,09AM00.,10,09,3
2011-10-05 10:00:00,4,0,1,1,22.96,26.515,56,26.0027,30,103,133,11100510.,10AM00.,10,10,3
2011-10-05 11:00:00,4,0,1,1,24.6,31.06,46,19.0012,32,138,170,11100510.,11AM00.,10,11,3
2011-10-05 12:00:00,4,0,1,1,25.42,31.06,43,22.0028,34,180,214,11100510.,12PM00.,10,12,3
2011-10-05 13:00:00,4,0,1,1,26.24,31.06,41,15.0013,30,189,219,11100510.,01PM00.,10,13,3
2011-10-05 14:00:00,4,0,1,1,26.24,31.06,41,19.0012,34,156,190,11100510.,02PM00.,10,14,3
2011-10-05 15:00:00,4,0,1,1,26.24,31.06,47,19.0012,35,147,182,11100510.,03PM00.,10,15,3
2011-10-05 16:00:00,4,0,1,1,26.24,31.06,47,22.0028,37,245,282,11100510.,04PM00.,10,16,3
2011-10-05 17:00:00,4,0,1,1,26.24,31.06,47,16.9979,66,525,591,11100510.,05PM00.,10,17,3
2011-10-05 18:00:00,4,0,1,1,24.6,31.06,53,11.0014,57,536,593,11100510.,06PM00.,10,18,3
2011-10-05 19:00:00,4,0,1,1,23.78,27.275,56,8.9981,40,334,374,11100510.,07PM00.,10,19,3
2011-10-05 20:00:00,4,0,1,1,21.32,25.0,77,11.0014,18,228,246,11100510.,08PM00.,10,20,3
2011-10-05 21:00:00,4,0,1,1,20.5,24.24,82,7.0015,28,173,201,11100510.,09PM00.,10,21,3
2011-10-05 22:00:00,4,0,1,1,21.32,25.0,72,0.0,20,134,154,11100510.,10PM00.,10,22,3
2011-10-05 23:00:00,4,0,1,1,20.5,24.24,77,7.0015,9,64,73,11100510.,11PM00.,10,23,3
2011-10-06 00:00:00,4,0,1,1,20.5,24.24,72,12.998,6,34,40,11100610.,12AM00.,10,00,4
2011-10-06 01:00:00,4,0,1,1,19.68,23.485,63,12.998,5,17,22,11100610.,01AM00.,10,01,4
2011-10-06 02:00:00,4,0,1,1,18.86,22.725,67,12.998,2,8,10,11100610.,02AM00.,10,02,4
2011-10-06 03:00:00,4,0,1,1,18.04,21.97,67,15.0013,1,4,5,11100610.,03AM00.,10,03,4
2011-10-06 04:00:00,4,0,1,1,18.04,21.97,62,19.0012,0,5,5,11100610.,04AM00.,10,04,4
2011-10-06 05:00:00,4,0,1,1,17.22,21.21,62,12.998,0,24,24,11100610.,05AM00.,10,05,4
2011-10-06 06:00:00,4,0,1,1,16.4,20.455,66,12.998,4,110,114,11100610.,06AM00.,10,06,4
2011-10-06 07:00:00,4,0,1,1,17.22,21.21,62,12.998,15,287,302,11100610.,07AM00.,10,07,4
2011-10-06 08:00:00,4,0,1,1,18.04,21.97,62,11.0014,20,437,457,11100610.,08AM00.,10,08,4
2011-10-06 09:00:00,4,0,1,1,18.86,22.725,63,12.998,20,188,208,11100610.,09AM00.,10,09,4
2011-10-06 10:00:00,4,0,1,1,21.32,25.0,52,0.0,24,105,129,11100610.,10AM00.,10,10,4
2011-10-06 11:00:00,4,0,1,1,22.14,25.76,49,0.0,29,115,144,11100610.,11AM00.,10,11,4
2011-10-06 12:00:00,4,0,1,1,22.96,26.515,49,6.0032,46,180,226,11100610.,12PM00.,10,12,4
2011-10-06 13:00:00,4,0,1,1,22.96,26.515,46,6.0032,33,158,191,11100610.,01PM00.,10,13,4
2011-10-06 14:00:00,4,0,1,1,23.78,27.275,43,6.0032,56,139,195,11100610.,02PM00.,10,14,4
2011-10-06 15:00:00,4,0,1,1,23.78,27.275,46,8.9981,62,157,219,11100610.,03PM00.,10,15,4
2011-10-06 16:00:00,4,0,1,1,23.78,27.275,49,12.998,51,272,323,11100610.,04PM00.,10,16,4
2011-10-06 17:00:00,4,0,1,1,22.96,26.515,52,8.9981,63,505,568,11100610.,05PM00.,10,17,4
2011-10-06 18:00:00,4,0,1,1,22.14,25.76,64,6.0032,59,479,538,11100610.,06PM00.,10,18,4
2011-10-06 19:00:00,4,0,1,1,21.32,25.0,59,7.0015,38,305,343,11100610.,07PM00.,10,19,4
2011-10-06 20:00:00,4,0,1,1,20.5,24.24,77,7.0015,29,231,260,11100610.,08PM00.,10,20,4
2011-10-06 21:00:00,4,0,1,1,18.86,22.725,88,6.0032,34,161,195,11100610.,09PM00.,10,21,4
2011-10-06 22:00:00,4,0,1,1,18.86,22.725,82,0.0,24,124,148,11100610.,10PM00.,10,22,4
2011-10-06 23:00:00,4,0,1,1,18.04,21.97,88,6.0032,18,81,99,11100610.,11PM00.,10,23,4
2011-10-07 00:00:00,4,0,1,1,18.04,21.97,88,0.0,19,48,67,11100710.,12AM00.,10,00,5
2011-10-07 01:00:00,4,0,1,1,18.04,21.97,88,0.0,3,25,28,11100710.,01AM00.,10,01,5
2011-10-07 02:00:00,4,0,1,1,17.22,21.21,88,0.0,0,5,5,11100710.,02AM00.,10,02,5
2011-10-07 03:00:00,4,0,1,1,16.4,20.455,87,0.0,1,9,10,11100710.,03AM00.,10,03,5
2011-10-07 04:00:00,4,0,1,1,16.4,20.455,87,7.0015,0,5,5,11100710.,04AM00.,10,04,5
2011-10-07 05:00:00,4,0,1,1,17.22,21.21,82,0.0,3,24,27,11100710.,05AM00.,10,05,5
2011-10-07 06:00:00,4,0,1,1,17.22,21.21,88,0.0,3,84,87,11100710.,06AM00.,10,06,5
2011-10-07 07:00:00,4,0,1,1,17.22,21.21,94,0.0,5,237,242,11100710.,07AM00.,10,07,5
2011-10-07 08:00:00,4,0,1,1,18.86,22.725,82,0.0,31,386,417,11100710.,08AM00.,10,08,5
2011-10-07 09:00:00,4,0,1,1,19.68,23.485,77,0.0,34,207,241,11100710.,09AM00.,10,09,5
2011-10-07 10:00:00,4,0,1,1,21.32,25.0,68,6.0032,48,126,174,11100710.,10AM00.,10,10,5
2011-10-07 11:00:00,4,0,1,1,22.96,26.515,63,0.0,80,150,230,11100710.,11AM00.,10,11,5
2011-10-07 12:00:00,4,0,1,1,24.6,31.06,53,0.0,61,174,235,11100710.,12PM00.,10,12,5
2011-10-07 13:00:00,4,0,1,1,24.6,31.06,46,0.0,95,210,305,11100710.,01PM00.,10,13,5
2011-10-07 14:00:00,4,0,1,1,25.42,31.06,50,0.0,77,179,256,11100710.,02PM00.,10,14,5
2011-10-07 15:00:00,4,0,1,1,27.06,31.06,41,0.0,68,202,270,11100710.,03PM00.,10,15,5
2011-10-07 16:00:00,4,0,1,1,26.24,31.06,44,0.0,73,346,419,11100710.,04PM00.,10,16,5
2011-10-07 17:00:00,4,0,1,1,24.6,31.06,56,16.9979,101,462,563,11100710.,05PM00.,10,17,5
2011-10-07 18:00:00,4,0,1,1,22.96,26.515,60,6.0032,94,371,465,11100710.,06PM00.,10,18,5
2011-10-07 19:00:00,4,0,1,1,22.96,26.515,52,0.0,51,243,294,11100710.,07PM00.,10,19,5
2011-10-07 20:00:00,4,0,1,1,22.14,25.76,49,0.0,30,167,197,11100710.,08PM00.,10,20,5
2011-10-07 21:00:00,4,0,1,1,20.5,24.24,68,0.0,22,144,166,11100710.,09PM00.,10,21,5
2011-10-07 22:00:00,4,0,1,1,20.5,24.24,68,0.0,27,119,146,11100710.,10PM00.,10,22,5
2011-10-07 23:00:00,4,0,1,1,20.5,24.24,63,0.0,23,113,136,11100710.,11PM00.,10,23,5
2011-10-08 00:00:00,4,0,0,1,19.68,23.485,72,0.0,17,72,89,11100810.,12AM00.,10,00,6
2011-10-08 01:00:00,4,0,0,1,18.86,22.725,82,0.0,14,51,65,11100810.,01AM00.,10,01,6
2011-10-08 02:00:00,4,0,0,1,18.86,22.725,82,0.0,4,41,45,11100810.,02AM00.,10,02,6
2011-10-08 03:00:00,4,0,0,1,18.04,21.97,88,0.0,4,16,20,11100810.,03AM00.,10,03,6
2011-10-08 04:00:00,4,0,0,1,17.22,21.21,94,8.9981,3,7,10,11100810.,04AM00.,10,04,6
2011-10-08 05:00:00,4,0,0,1,17.22,21.21,88,7.0015,1,7,8,11100810.,05AM00.,10,05,6
2011-10-08 06:00:00,4,0,0,1,17.22,21.21,94,0.0,6,16,22,11100810.,06AM00.,10,06,6
2011-10-08 07:00:00,4,0,0,1,17.22,21.21,94,6.0032,27,46,73,11100810.,07AM00.,10,07,6
2011-10-08 08:00:00,4,0,0,1,18.86,22.725,82,0.0,14,89,103,11100810.,08AM00.,10,08,6
2011-10-08 09:00:00,4,0,0,1,20.5,24.24,77,0.0,54,163,217,11100810.,09AM00.,10,09,6
2011-10-08 10:00:00,4,0,0,1,21.32,25.0,77,0.0,120,217,337,11100810.,10AM00.,10,10,6
2011-10-08 11:00:00,4,0,0,1,23.78,27.275,56,0.0,176,221,397,11100810.,11AM00.,10,11,6
2011-10-08 12:00:00,4,0,0,1,25.42,31.06,35,0.0,191,255,446,11100810.,12PM00.,10,12,6
2011-10-08 13:00:00,4,0,0,1,25.42,31.06,46,7.0015,256,229,485,11100810.,01PM00.,10,13,6
2011-10-08 14:00:00,4,0,0,1,25.42,31.06,50,6.0032,251,214,465,11100810.,02PM00.,10,14,6
2011-10-08 15:00:00,4,0,0,1,27.06,31.06,39,0.0,262,234,496,11100810.,03PM00.,10,15,6
2011-10-08 16:00:00,4,0,0,1,26.24,31.06,44,6.0032,221,230,451,11100810.,04PM00.,10,16,6
2011-10-08 17:00:00,4,0,0,1,25.42,31.06,50,8.9981,174,219,393,11100810.,05PM00.,10,17,6
2011-10-08 18:00:00,4,0,0,1,24.6,31.06,46,7.0015,135,224,359,11100810.,06PM00.,10,18,6
2011-10-08 19:00:00,4,0,0,1,22.14,25.76,68,8.9981,76,172,248,11100810.,07PM00.,10,19,6
2011-10-08 20:00:00,4,0,0,1,21.32,25.0,77,7.0015,78,124,202,11100810.,08PM00.,10,20,6
2011-10-08 21:00:00,4,0,0,1,21.32,25.0,77,0.0,54,133,187,11100810.,09PM00.,10,21,6
2011-10-08 22:00:00,4,0,0,1,20.5,24.24,77,0.0,45,104,149,11100810.,10PM00.,10,22,6
2011-10-08 23:00:00,4,0,0,1,19.68,23.485,88,0.0,52,90,142,11100810.,11PM00.,10,23,6
2011-10-09 00:00:00,4,0,0,1,18.86,22.725,88,6.0032,46,83,129,11100910.,12AM00.,10,00,7
2011-10-09 01:00:00,4,0,0,1,18.86,22.725,88,0.0,15,63,78,11100910.,01AM00.,10,01,7
2011-10-09 02:00:00,4,0,0,1,18.86,22.725,88,0.0,20,35,55,11100910.,02AM00.,10,02,7
2011-10-09 03:00:00,4,0,0,1,18.04,21.97,88,0.0,10,20,30,11100910.,03AM00.,10,03,7
2011-10-09 04:00:00,4,0,0,1,18.04,21.97,88,0.0,7,7,14,11100910.,04AM00.,10,04,7
2011-10-09 05:00:00,4,0,0,1,18.04,21.97,88,0.0,1,14,15,11100910.,05AM00.,10,05,7
2011-10-09 06:00:00,4,0,0,1,18.04,21.97,88,0.0,7,14,21,11100910.,06AM00.,10,06,7
2011-10-09 07:00:00,4,0,0,1,18.04,21.97,86,0.0,18,26,44,11100910.,07AM00.,10,07,7
2011-10-09 08:00:00,4,0,0,1,18.86,22.725,88,0.0,25,82,107,11100910.,08AM00.,10,08,7
2011-10-09 09:00:00,4,0,0,1,20.5,24.24,77,0.0,66,119,185,11100910.,09AM00.,10,09,7
2011-10-09 10:00:00,4,0,0,1,22.96,26.515,68,6.0032,155,210,365,11100910.,10AM00.,10,10,7
2011-10-09 11:00:00,4,0,0,1,25.42,31.06,53,6.0032,189,234,423,11100910.,11AM00.,10,11,7
2011-10-09 12:00:00,4,0,0,1,26.24,31.06,44,6.0032,212,243,455,11100910.,12PM00.,10,12,7
2011-10-09 13:00:00,4,0,0,1,27.06,31.06,44,6.0032,225,193,418,11100910.,01PM00.,10,13,7
2011-10-09 14:00:00,4,0,0,1,27.88,31.82,47,11.0014,272,228,500,11100910.,02PM00.,10,14,7
2011-10-09 15:00:00,4,0,0,1,27.88,31.82,51,11.0014,198,209,407,11100910.,03PM00.,10,15,7
2011-10-09 16:00:00,4,0,0,1,27.06,31.06,50,8.9981,223,247,470,11100910.,04PM00.,10,16,7
2011-10-09 17:00:00,4,0,0,1,25.42,30.305,61,7.0015,208,230,438,11100910.,05PM00.,10,17,7
2011-10-09 18:00:00,4,0,0,1,26.24,31.06,50,7.0015,186,228,414,11100910.,06PM00.,10,18,7
2011-10-09 19:00:00,4,0,0,1,22.96,26.515,73,6.0032,116,186,302,11100910.,07PM00.,10,19,7
2011-10-09 20:00:00,4,0,0,1,22.96,26.515,73,7.0015,59,134,193,11100910.,08PM00.,10,20,7
2011-10-09 21:00:00,4,0,0,1,22.14,25.76,83,7.0015,53,120,173,11100910.,09PM00.,10,21,7
2011-10-09 22:00:00,4,0,0,2,21.32,25.0,94,0.0,48,104,152,11100910.,10PM00.,10,22,7
2011-10-09 23:00:00,4,0,0,1,20.5,24.24,88,7.0015,38,85,123,11100910.,11PM00.,10,23,7
2011-10-10 00:00:00,4,1,0,1,20.5,24.24,94,0.0,11,42,53,11101010.,12AM00.,10,00,1
2011-10-10 01:00:00,4,1,0,1,19.68,23.485,88,0.0,4,30,34,11101010.,01AM00.,10,01,1
2011-10-10 02:00:00,4,1,0,1,19.68,23.485,88,0.0,4,15,19,11101010.,02AM00.,10,02,1
2011-10-10 03:00:00,4,1,0,1,18.86,22.725,88,0.0,2,9,11,11101010.,03AM00.,10,03,1
2011-10-10 04:00:00,4,1,0,1,18.86,22.725,94,0.0,2,4,6,11101010.,04AM00.,10,04,1
2011-10-10 05:00:00,4,1,0,1,18.86,22.725,94,0.0,2,19,21,11101010.,05AM00.,10,05,1
2011-10-10 06:00:00,4,1,0,1,18.04,21.97,94,0.0,5,39,44,11101010.,06AM00.,10,06,1
2011-10-10 07:00:00,4,1,0,1,18.86,22.725,88,0.0,12,102,114,11101010.,07AM00.,10,07,1
2011-10-10 08:00:00,4,1,0,1,21.32,25.0,83,0.0,27,227,254,11101010.,08AM00.,10,08,1
2011-10-10 09:00:00,4,1,0,1,22.14,25.76,77,0.0,58,161,219,11101010.,09AM00.,10,09,1
2011-10-10 10:00:00,4,1,0,1,22.96,26.515,73,11.0014,107,158,265,11101010.,10AM00.,10,10,1
2011-10-10 11:00:00,4,1,0,1,25.42,30.305,69,6.0032,139,183,322,11101010.,11AM00.,10,11,1
2011-10-10 12:00:00,4,1,0,2,28.7,32.575,48,6.0032,164,201,365,11101010.,12PM00.,10,12,1
2011-10-10 13:00:00,4,1,0,1,29.52,32.575,37,0.0,146,219,365,11101010.,01PM00.,10,13,1
2011-10-10 14:00:00,4,1,0,1,30.34,32.575,37,0.0,147,223,370,11101010.,02PM00.,10,14,1
2011-10-10 15:00:00,4,1,0,2,29.52,32.575,42,7.0015,130,254,384,11101010.,03PM00.,10,15,1
2011-10-10 16:00:00,4,1,0,2,28.7,31.82,45,6.0032,154,248,402,11101010.,04PM00.,10,16,1
2011-10-10 17:00:00,4,1,0,2,27.06,31.06,54,7.0015,125,334,459,11101010.,05PM00.,10,17,1
2011-10-10 18:00:00,4,1,0,2,26.24,31.06,53,0.0,108,365,473,11101010.,06PM00.,10,18,1
2011-10-10 19:00:00,4,1,0,2,23.78,27.275,78,6.0032,69,267,336,11101010.,07PM00.,10,19,1
2011-10-10 20:00:00,4,1,0,1,24.6,29.545,73,0.0,37,188,225,11101010.,08PM00.,10,20,1
2011-10-10 21:00:00,4,1,0,1,22.96,26.515,88,6.0032,27,148,175,11101010.,09PM00.,10,21,1
2011-10-10 22:00:00,4,1,0,1,22.96,26.515,88,6.0032,22,104,126,11101010.,10PM00.,10,22,1
2011-10-10 23:00:00,4,1,0,2,22.14,25.76,88,7.0015,12,63,75,11101010.,11PM00.,10,23,1
2011-10-11 00:00:00,4,0,1,2,22.14,25.76,88,0.0,14,16,30,11101110.,12AM00.,10,00,2
2011-10-11 01:00:00,4,0,1,2,21.32,25.0,94,6.0032,2,9,11,11101110.,01AM00.,10,01,2
2011-10-11 02:00:00,4,0,1,2,21.32,25.0,94,8.9981,1,4,5,11101110.,02AM00.,10,02,2
2011-10-11 03:00:00,4,0,1,2,21.32,25.0,88,7.0015,2,1,3,11101110.,03AM00.,10,03,2
2011-10-11 04:00:00,4,0,1,2,21.32,25.0,88,8.9981,0,5,5,11101110.,04AM00.,10,04,2
2011-10-11 05:00:00,4,0,1,2,21.32,25.0,88,0.0,0,20,20,11101110.,05AM00.,10,05,2
2011-10-11 06:00:00,4,0,1,1,21.32,25.0,83,6.0032,9,114,123,11101110.,06AM00.,10,06,2
2011-10-11 07:00:00,4,0,1,2,21.32,25.0,88,6.0032,19,333,352,11101110.,07AM00.,10,07,2
2011-10-11 08:00:00,4,0,1,2,22.96,26.515,83,7.0015,31,375,406,11101110.,08AM00.,10,08,2
2011-10-11 09:00:00,4,0,1,2,24.6,29.545,69,0.0,40,195,235,11101110.,09AM00.,10,09,2
2011-10-11 10:00:00,4,0,1,2,24.6,29.545,69,8.9981,38,111,149,11101110.,10AM00.,10,10,2
2011-10-11 11:00:00,4,0,1,2,24.6,29.545,73,11.0014,31,92,123,11101110.,11AM00.,10,11,2
2011-10-11 12:00:00,4,0,1,2,24.6,29.545,73,11.0014,51,130,181,11101110.,12PM00.,10,12,2
2011-10-11 13:00:00,4,0,1,2,24.6,29.545,73,12.998,42,138,180,11101110.,01PM00.,10,13,2
2011-10-11 14:00:00,4,0,1,3,24.6,29.545,73,7.0015,54,117,171,11101110.,02PM00.,10,14,2
2011-10-11 15:00:00,4,0,1,2,24.6,28.79,78,11.0014,36,139,175,11101110.,03PM00.,10,15,2
2011-10-11 16:00:00,4,0,1,2,24.6,29.545,73,11.0014,63,257,320,11101110.,04PM00.,10,16,2
2011-10-11 17:00:00,4,0,1,2,24.6,28.79,78,16.9979,70,534,604,11101110.,05PM00.,10,17,2
2011-10-11 18:00:00,4,0,1,2,24.6,28.79,78,15.0013,46,493,539,11101110.,06PM00.,10,18,2
2011-10-11 19:00:00,4,0,1,2,23.78,27.275,83,15.0013,33,285,318,11101110.,07PM00.,10,19,2
2011-10-11 20:00:00,4,0,1,2,23.78,27.275,83,15.0013,31,203,234,11101110.,08PM00.,10,20,2
2011-10-11 21:00:00,4,0,1,2,23.78,27.275,78,12.998,17,158,175,11101110.,09PM00.,10,21,2
2011-10-11 22:00:00,4,0,1,2,22.96,26.515,83,12.998,27,120,147,11101110.,10PM00.,10,22,2
2011-10-11 23:00:00,4,0,1,2,22.96,26.515,83,19.0012,10,47,57,11101110.,11PM00.,10,23,2
2011-10-12 00:00:00,4,0,1,2,22.96,26.515,83,8.9981,2,23,25,11101210.,12AM00.,10,00,3
2011-10-12 01:00:00,4,0,1,3,22.96,26.515,83,8.9981,2,8,10,11101210.,01AM00.,10,01,3
2011-10-12 02:00:00,4,0,1,2,22.96,26.515,83,19.0012,0,2,2,11101210.,02AM00.,10,02,3
2011-10-12 03:00:00,4,0,1,3,22.14,25.76,94,19.9995,0,2,2,11101210.,03AM00.,10,03,3
2011-10-12 04:00:00,4,0,1,3,22.14,25.76,94,26.0027,1,6,7,11101210.,04AM00.,10,04,3
2011-10-12 05:00:00,4,0,1,2,22.14,25.76,88,22.0028,0,22,22,11101210.,05AM00.,10,05,3
2011-10-12 06:00:00,4,0,1,2,22.14,25.76,88,16.9979,5,107,112,11101210.,06AM00.,10,06,3
2011-10-12 07:00:00,4,0,1,2,22.14,25.76,88,26.0027,15,244,259,11101210.,07AM00.,10,07,3
2011-10-12 08:00:00,4,0,1,2,22.14,25.76,88,26.0027,27,377,404,11101210.,08AM00.,10,08,3
2011-10-12 09:00:00,4,0,1,2,22.14,25.76,88,30.0026,14,183,197,11101210.,09AM00.,10,09,3
2011-10-12 10:00:00,4,0,1,2,22.14,25.76,88,26.0027,15,98,113,11101210.,10AM00.,10,10,3
2011-10-12 11:00:00,4,0,1,3,22.14,25.76,94,22.0028,18,102,120,11101210.,11AM00.,10,11,3
2011-10-12 12:00:00,4,0,1,3,22.14,25.76,88,22.0028,9,53,62,11101210.,12PM00.,10,12,3
2011-10-12 13:00:00,4,0,1,3,22.14,25.76,88,15.0013,25,76,101,11101210.,01PM00.,10,13,3
2011-10-12 14:00:00,4,0,1,3,22.14,25.76,94,19.0012,8,70,78,11101210.,02PM00.,10,14,3
2011-10-12 15:00:00,4,0,1,3,22.14,25.76,94,16.9979,3,42,45,11101210.,03PM00.,10,15,3
2011-10-12 16:00:00,4,0,1,2,22.96,26.515,88,15.0013,5,50,55,11101210.,04PM00.,10,16,3
2011-10-12 17:00:00,4,0,1,3,22.14,25.76,94,15.0013,16,235,251,11101210.,05PM00.,10,17,3
2011-10-12 18:00:00,4,0,1,3,22.14,25.76,94,8.9981,11,161,172,11101210.,06PM00.,10,18,3
2011-10-12 19:00:00,4,0,1,3,22.14,25.76,94,8.9981,7,102,109,11101210.,07PM00.,10,19,3
2011-10-12 20:00:00,4,0,1,3,22.14,25.76,94,7.0015,9,81,90,11101210.,08PM00.,10,20,3
2011-10-12 21:00:00,4,0,1,3,22.14,25.76,100,7.0015,9,74,83,11101210.,09PM00.,10,21,3
2011-10-12 22:00:00,4,0,1,3,22.14,25.76,94,6.0032,3,40,43,11101210.,10PM00.,10,22,3
2011-10-12 23:00:00,4,0,1,3,22.14,25.76,94,6.0032,13,41,54,11101210.,11PM00.,10,23,3
2011-10-13 00:00:00,4,0,1,2,22.14,25.76,94,8.9981,1,14,15,11101310.,12AM00.,10,00,4
2011-10-13 01:00:00,4,0,1,2,22.14,25.76,94,0.0,3,9,12,11101310.,01AM00.,10,01,4
2011-10-13 02:00:00,4,0,1,2,22.14,25.76,94,0.0,0,4,4,11101310.,02AM00.,10,02,4
2011-10-13 03:00:00,4,0,1,2,22.14,25.76,100,12.998,2,4,6,11101310.,03AM00.,10,03,4
2011-10-13 04:00:00,4,0,1,2,22.14,25.76,100,7.0015,2,5,7,11101310.,04AM00.,10,04,4
2011-10-13 05:00:00,4,0,1,2,22.14,25.76,100,7.0015,1,16,17,11101310.,05AM00.,10,05,4
2011-10-13 06:00:00,4,0,1,3,22.14,25.76,100,6.0032,1,51,52,11101310.,06AM00.,10,06,4
2011-10-13 07:00:00,4,0,1,3,22.14,25.76,100,8.9981,5,76,81,11101310.,07AM00.,10,07,4
2011-10-13 08:00:00,4,0,1,3,22.14,25.76,100,6.0032,10,199,209,11101310.,08AM00.,10,08,4
2011-10-13 09:00:00,4,0,1,3,22.96,26.515,100,7.0015,3,106,109,11101310.,09AM00.,10,09,4
2011-10-13 10:00:00,4,0,1,3,22.96,26.515,100,8.9981,16,53,69,11101310.,10AM00.,10,10,4
2011-10-13 11:00:00,4,0,1,2,25.42,28.79,83,0.0,8,76,84,11101310.,11AM00.,10,11,4
2011-10-13 12:00:00,4,0,1,2,25.42,28.03,88,0.0,10,95,105,11101310.,12PM00.,10,12,4
2011-10-13 13:00:00,4,0,1,2,26.24,28.79,83,11.0014,20,142,162,11101310.,01PM00.,10,13,4
2011-10-13 14:00:00,4,0,1,1,27.06,30.305,78,12.998,22,111,133,11101310.,02PM00.,10,14,4
2011-10-13 15:00:00,4,0,1,1,27.06,30.305,78,12.998,27,128,155,11101310.,03PM00.,10,15,4
2011-10-13 16:00:00,4,0,1,1,27.06,31.06,74,15.0013,36,240,276,11101310.,04PM00.,10,16,4
2011-10-13 17:00:00,4,0,1,3,25.42,28.79,83,16.9979,47,432,479,11101310.,05PM00.,10,17,4
2011-10-13 18:00:00,4,0,1,3,25.42,28.79,83,16.9979,20,248,268,11101310.,06PM00.,10,18,4
2011-10-13 19:00:00,4,0,1,2,25.42,28.79,83,11.0014,18,187,205,11101310.,07PM00.,10,19,4
2011-10-13 20:00:00,4,0,1,1,25.42,28.79,83,19.0012,15,166,181,11101310.,08PM00.,10,20,4
2011-10-13 21:00:00,4,0,1,1,25.42,28.79,83,12.998,8,115,123,11101310.,09PM00.,10,21,4
2011-10-13 22:00:00,4,0,1,1,25.42,28.79,83,12.998,13,101,114,11101310.,10PM00.,10,22,4
2011-10-13 23:00:00,4,0,1,2,23.78,27.275,88,12.998,2,45,47,11101310.,11PM00.,10,23,4
2011-10-14 00:00:00,4,0,1,1,23.78,27.275,94,6.0032,10,29,39,11101410.,12AM00.,10,00,5
2011-10-14 01:00:00,4,0,1,1,23.78,27.275,94,8.9981,8,16,24,11101410.,01AM00.,10,01,5
2011-10-14 02:00:00,4,0,1,1,22.96,26.515,94,11.0014,0,6,6,11101410.,02AM00.,10,02,5
2011-10-14 03:00:00,4,0,1,1,22.96,26.515,94,8.9981,1,6,7,11101410.,03AM00.,10,03,5
2011-10-14 04:00:00,4,0,1,1,22.96,26.515,94,12.998,0,8,8,11101410.,04AM00.,10,04,5
2011-10-14 05:00:00,4,0,1,2,22.96,26.515,94,11.0014,0,17,17,11101410.,05AM00.,10,05,5
2011-10-14 06:00:00,4,0,1,3,22.96,26.515,88,12.998,4,90,94,11101410.,06AM00.,10,06,5
2011-10-14 07:00:00,4,0,1,3,22.96,26.515,88,12.998,10,137,147,11101410.,07AM00.,10,07,5
2011-10-14 08:00:00,4,0,1,2,22.96,26.515,90,11.0014,23,186,209,11101410.,08AM00.,10,08,5
2011-10-14 09:00:00,4,0,1,2,22.96,26.515,94,15.0013,16,164,180,11101410.,09AM00.,10,09,5
2011-10-14 10:00:00,4,0,1,3,22.14,25.76,88,23.9994,17,108,125,11101410.,10AM00.,10,10,5
2011-10-14 11:00:00,4,0,1,3,21.32,25.0,88,11.0014,11,76,87,11101410.,11AM00.,10,11,5
2011-10-14 12:00:00,4,0,1,3,21.32,25.0,88,11.0014,13,62,75,11101410.,12PM00.,10,12,5
2011-10-14 13:00:00,4,0,1,1,22.96,26.515,73,23.9994,18,114,132,11101410.,01PM00.,10,13,5
2011-10-14 14:00:00,4,0,1,1,25.42,31.06,43,23.9994,37,119,156,11101410.,02PM00.,10,14,5
2011-10-14 15:00:00,4,0,1,1,25.42,31.06,43,19.0012,61,169,230,11101410.,03PM00.,10,15,5
2011-10-14 16:00:00,4,0,1,1,24.6,31.06,43,15.0013,80,264,344,11101410.,04PM00.,10,16,5
2011-10-14 17:00:00,4,0,1,1,23.78,27.275,46,27.9993,55,426,481,11101410.,05PM00.,10,17,5
2011-10-14 18:00:00,4,0,1,1,22.14,25.76,39,19.0012,62,361,423,11101410.,06PM00.,10,18,5
2011-10-14 19:00:00,4,0,1,1,22.14,25.76,39,22.0028,27,221,248,11101410.,07PM00.,10,19,5
2011-10-14 20:00:00,4,0,1,1,21.32,25.0,42,12.998,19,177,196,11101410.,08PM00.,10,20,5
2011-10-14 21:00:00,4,0,1,1,20.5,24.24,45,12.998,22,156,178,11101410.,09PM00.,10,21,5
2011-10-14 22:00:00,4,0,1,1,18.86,22.725,59,15.0013,20,123,143,11101410.,10PM00.,10,22,5
2011-10-14 23:00:00,4,0,1,1,18.86,22.725,59,11.0014,15,80,95,11101410.,11PM00.,10,23,5
2011-10-15 00:00:00,4,0,0,1,18.86,22.725,55,7.0015,18,88,106,11101510.,12AM00.,10,00,6
2011-10-15 01:00:00,4,0,0,1,18.86,22.725,55,16.9979,9,64,73,11101510.,01AM00.,10,01,6
2011-10-15 02:00:00,4,0,0,1,18.86,22.725,59,12.998,17,39,56,11101510.,02AM00.,10,02,6
2011-10-15 03:00:00,4,0,0,1,18.04,21.97,62,12.998,5,18,23,11101510.,03AM00.,10,03,6
2011-10-15 04:00:00,4,0,0,1,17.22,21.21,67,8.9981,0,6,6,11101510.,04AM00.,10,04,6
2011-10-15 05:00:00,4,0,0,1,17.22,21.21,71,11.0014,1,6,7,11101510.,05AM00.,10,05,6
2011-10-15 06:00:00,4,0,0,1,16.4,20.455,71,0.0,5,15,20,11101510.,06AM00.,10,06,6
2011-10-15 07:00:00,4,0,0,1,16.4,20.455,76,7.0015,17,40,57,11101510.,07AM00.,10,07,6
2011-10-15 08:00:00,4,0,0,1,18.86,22.725,59,19.0012,24,101,125,11101510.,08AM00.,10,08,6
2011-10-15 09:00:00,4,0,0,1,21.32,25.0,48,19.9995,50,157,207,11101510.,09AM00.,10,09,6
2011-10-15 10:00:00,4,0,0,1,22.14,25.76,45,30.0026,115,207,322,11101510.,10AM00.,10,10,6
2011-10-15 11:00:00,4,0,0,1,22.96,26.515,40,26.0027,153,221,374,11101510.,11AM00.,10,11,6
2011-10-15 12:00:00,4,0,0,1,23.78,27.275,35,36.9974,195,261,456,11101510.,12PM00.,10,12,6
2011-10-15 13:00:00,4,0,0,1,24.6,31.06,35,31.0009,171,223,394,11101510.,01PM00.,10,13,6
2011-10-15 14:00:00,4,0,0,1,24.6,31.06,33,31.0009,242,230,472,11101510.,02PM00.,10,14,6
2011-10-15 15:00:00,4,0,0,1,25.42,31.06,31,32.9975,166,211,377,11101510.,03PM00.,10,15,6
2011-10-15 16:00:00,4,0,0,1,25.42,31.06,29,26.0027,179,264,443,11101510.,04PM00.,10,16,6
2011-10-15 17:00:00,4,0,0,1,23.78,27.275,32,19.0012,177,264,441,11101510.,05PM00.,10,17,6
2011-10-15 18:00:00,4,0,0,1,22.14,25.76,39,12.998,121,251,372,11101510.,06PM00.,10,18,6
2011-10-15 19:00:00,4,0,0,1,20.5,24.24,51,8.9981,61,177,238,11101510.,07PM00.,10,19,6
2011-10-15 20:00:00,4,0,0,1,20.5,24.24,48,8.9981,42,137,179,11101510.,08PM00.,10,20,6
2011-10-15 21:00:00,4,0,0,1,20.5,24.24,42,15.0013,53,115,168,11101510.,09PM00.,10,21,6
2011-10-15 22:00:00,4,0,0,1,20.5,24.24,36,8.9981,45,121,166,11101510.,10PM00.,10,22,6
2011-10-15 23:00:00,4,0,0,1,19.68,23.485,41,11.0014,33,102,135,11101510.,11PM00.,10,23,6
2011-10-16 00:00:00,4,0,0,1,18.86,22.725,44,8.9981,22,85,107,11101610.,12AM00.,10,00,7
2011-10-16 01:00:00,4,0,0,1,18.04,21.97,47,8.9981,13,64,77,11101610.,01AM00.,10,01,7
2011-10-16 02:00:00,4,0,0,1,17.22,21.21,54,8.9981,13,52,65,11101610.,02AM00.,10,02,7
2011-10-16 03:00:00,4,0,0,1,17.22,21.21,54,8.9981,11,31,42,11101610.,03AM00.,10,03,7
2011-10-16 04:00:00,4,0,0,1,17.22,21.21,54,12.998,5,7,12,11101610.,04AM00.,10,04,7
2011-10-16 05:00:00,4,0,0,1,17.22,21.21,54,11.0014,1,6,7,11101610.,05AM00.,10,05,7
2011-10-16 06:00:00,4,0,0,1,15.58,19.695,66,11.0014,3,7,10,11101610.,06AM00.,10,06,7
2011-10-16 07:00:00,4,0,0,1,16.4,20.455,62,8.9981,9,39,48,11101610.,07AM00.,10,07,7
2011-10-16 08:00:00,4,0,0,1,18.04,21.97,62,12.998,28,71,99,11101610.,08AM00.,10,08,7
2011-10-16 09:00:00,4,0,0,1,20.5,24.24,45,15.0013,39,151,190,11101610.,09AM00.,10,09,7
2011-10-16 10:00:00,4,0,0,1,22.14,25.76,45,16.9979,121,226,347,11101610.,10AM00.,10,10,7
2011-10-16 11:00:00,4,0,0,1,22.96,26.515,35,19.0012,159,218,377,11101610.,11AM00.,10,11,7
2011-10-16 12:00:00,4,0,0,1,23.78,27.275,35,16.9979,167,277,444,11101610.,12PM00.,10,12,7
2011-10-16 13:00:00,4,0,0,1,24.6,31.06,35,19.9995,169,269,438,11101610.,01PM00.,10,13,7
2011-10-16 14:00:00,4,0,0,1,24.6,31.06,40,19.9995,204,258,462,11101610.,02PM00.,10,14,7
2011-10-16 15:00:00,4,0,0,1,25.42,31.06,35,26.0027,182,230,412,11101610.,03PM00.,10,15,7
2011-10-16 16:00:00,4,0,0,1,24.6,31.06,46,26.0027,177,289,466,11101610.,04PM00.,10,16,7
2011-10-16 17:00:00,4,0,0,1,23.78,27.275,49,31.0009,152,253,405,11101610.,05PM00.,10,17,7
2011-10-16 18:00:00,4,0,0,1,22.96,26.515,49,30.0026,102,226,328,11101610.,06PM00.,10,18,7
2011-10-16 19:00:00,4,0,0,1,22.14,25.76,52,26.0027,52,181,233,11101610.,07PM00.,10,19,7
2011-10-16 20:00:00,4,0,0,1,22.14,25.76,52,31.0009,49,129,178,11101610.,08PM00.,10,20,7
2011-10-16 21:00:00,4,0,0,1,22.14,25.76,52,26.0027,14,88,102,11101610.,09PM00.,10,21,7
2011-10-16 22:00:00,4,0,0,1,22.96,26.515,49,27.9993,42,88,130,11101610.,10PM00.,10,22,7
2011-10-16 23:00:00,4,0,0,1,22.96,26.515,52,27.9993,14,48,62,11101610.,11PM00.,10,23,7
2011-10-17 00:00:00,4,0,1,1,22.14,25.76,56,22.0028,12,25,37,11101710.,12AM00.,10,00,1
2011-10-17 01:00:00,4,0,1,1,22.96,26.515,54,26.0027,2,15,17,11101710.,01AM00.,10,01,1
2011-10-17 02:00:00,4,0,1,1,22.96,26.515,54,26.0027,4,3,7,11101710.,02AM00.,10,02,1
2011-10-17 03:00:00,4,0,1,1,22.96,26.515,49,12.998,0,2,2,11101710.,03AM00.,10,03,1
2011-10-17 04:00:00,4,0,1,1,21.32,25.0,59,11.0014,2,3,5,11101710.,04AM00.,10,04,1
2011-10-17 05:00:00,4,0,1,1,20.5,24.24,63,19.9995,1,28,29,11101710.,05AM00.,10,05,1
2011-10-17 06:00:00,4,0,1,1,20.5,24.24,55,16.9979,7,107,114,11101710.,06AM00.,10,06,1
2011-10-17 07:00:00,4,0,1,2,20.5,24.24,55,11.0014,10,299,309,11101710.,07AM00.,10,07,1
2011-10-17 08:00:00,4,0,1,2,20.5,24.24,51,16.9979,33,381,414,11101710.,08AM00.,10,08,1
2011-10-17 09:00:00,4,0,1,2,20.5,24.24,45,19.0012,26,180,206,11101710.,09AM00.,10,09,1
2011-10-17 10:00:00,4,0,1,1,21.32,25.0,45,11.0014,43,92,135,11101710.,10AM00.,10,10,1
2011-10-17 11:00:00,4,0,1,1,22.96,26.515,43,0.0,35,131,166,11101710.,11AM00.,10,11,1
2011-10-17 12:00:00,4,0,1,1,22.96,26.515,40,6.0032,39,166,205,11101710.,12PM00.,10,12,1
2011-10-17 13:00:00,4,0,1,1,22.96,26.515,46,6.0032,49,156,205,11101710.,01PM00.,10,13,1
2011-10-17 14:00:00,4,0,1,1,23.78,27.275,49,12.998,44,122,166,11101710.,02PM00.,10,14,1
2011-10-17 15:00:00,4,0,1,1,22.96,26.515,60,16.9979,66,142,208,11101710.,03PM00.,10,15,1
2011-10-17 16:00:00,4,0,1,1,23.78,27.275,56,16.9979,64,238,302,11101710.,04PM00.,10,16,1
2011-10-17 17:00:00,4,0,1,1,22.96,26.515,64,8.9981,80,540,620,11101710.,05PM00.,10,17,1
2011-10-17 18:00:00,4,0,1,1,22.96,26.515,60,0.0,49,469,518,11101710.,06PM00.,10,18,1
2011-10-17 19:00:00,4,0,1,1,22.14,25.76,68,7.0015,45,288,333,11101710.,07PM00.,10,19,1
2011-10-17 20:00:00,4,0,1,1,21.32,25.0,77,7.0015,40,189,229,11101710.,08PM00.,10,20,1
2011-10-17 21:00:00,4,0,1,1,20.5,24.24,77,7.0015,36,141,177,11101710.,09PM00.,10,21,1
2011-10-17 22:00:00,4,0,1,1,20.5,24.24,77,0.0,16,88,104,11101710.,10PM00.,10,22,1
2011-10-17 23:00:00,4,0,1,2,19.68,23.485,88,0.0,10,52,62,11101710.,11PM00.,10,23,1
2011-10-18 00:00:00,4,0,1,1,19.68,23.485,82,0.0,8,23,31,11101810.,12AM00.,10,00,2
2011-10-18 01:00:00,4,0,1,2,18.86,22.725,88,0.0,4,7,11,11101810.,01AM00.,10,01,2
2011-10-18 02:00:00,4,0,1,1,18.04,21.97,94,6.0032,1,4,5,11101810.,02AM00.,10,02,2
2011-10-18 03:00:00,4,0,1,1,18.04,21.97,94,6.0032,0,1,1,11101810.,03AM00.,10,03,2
2011-10-18 04:00:00,4,0,1,2,18.04,21.97,94,7.0015,0,4,4,11101810.,04AM00.,10,04,2
2011-10-18 05:00:00,4,0,1,2,18.86,22.725,88,0.0,2,19,21,11101810.,05AM00.,10,05,2
2011-10-18 06:00:00,4,0,1,1,18.86,22.725,82,6.0032,4,105,109,11101810.,06AM00.,10,06,2
2011-10-18 07:00:00,4,0,1,1,18.86,22.725,88,6.0032,15,326,341,11101810.,07AM00.,10,07,2
2011-10-18 08:00:00,4,0,1,1,20.5,24.24,77,6.0032,25,474,499,11101810.,08AM00.,10,08,2
2011-10-18 09:00:00,4,0,1,2,21.32,25.0,77,6.0032,29,198,227,11101810.,09AM00.,10,09,2
2011-10-18 10:00:00,4,0,1,2,22.96,26.515,68,0.0,27,75,102,11101810.,10AM00.,10,10,2
2011-10-18 11:00:00,4,0,1,2,24.6,31.06,49,7.0015,35,112,147,11101810.,11AM00.,10,11,2
2011-10-18 12:00:00,4,0,1,2,25.42,31.06,43,6.0032,42,159,201,11101810.,12PM00.,10,12,2
2011-10-18 13:00:00,4,0,1,2,26.24,31.06,38,12.998,48,171,219,11101810.,01PM00.,10,13,2
2011-10-18 14:00:00,4,0,1,2,25.42,31.06,41,11.0014,32,137,169,11101810.,02PM00.,10,14,2
2011-10-18 15:00:00,4,0,1,1,25.42,31.06,50,12.998,66,139,205,11101810.,03PM00.,10,15,2
2011-10-18 16:00:00,4,0,1,1,25.42,31.06,57,16.9979,58,246,304,11101810.,04PM00.,10,16,2
2011-10-18 17:00:00,4,0,1,1,24.6,30.305,60,8.9981,72,553,625,11101810.,05PM00.,10,17,2
2011-10-18 18:00:00,4,0,1,1,22.96,26.515,68,7.0015,58,512,570,11101810.,06PM00.,10,18,2
2011-10-18 19:00:00,4,0,1,1,22.96,26.515,60,7.0015,31,286,317,11101810.,07PM00.,10,19,2
2011-10-18 20:00:00,4,0,1,1,22.14,25.76,64,11.0014,23,204,227,11101810.,08PM00.,10,20,2
2011-10-18 21:00:00,4,0,1,2,22.14,25.76,68,8.9981,28,178,206,11101810.,09PM00.,10,21,2
2011-10-18 22:00:00,4,0,1,2,21.32,25.0,77,11.0014,22,115,137,11101810.,10PM00.,10,22,2
2011-10-18 23:00:00,4,0,1,2,21.32,25.0,77,12.998,7,63,70,11101810.,11PM00.,10,23,2
2011-10-19 00:00:00,4,0,1,2,21.32,25.0,77,12.998,11,23,34,11101910.,12AM00.,10,00,3
2011-10-19 01:00:00,4,0,1,2,21.32,25.0,77,12.998,7,9,16,11101910.,01AM00.,10,01,3
2011-10-19 02:00:00,4,0,1,2,21.32,25.0,77,12.998,1,6,7,11101910.,02AM00.,10,02,3
2011-10-19 04:00:00,4,0,1,3,20.5,24.24,94,12.998,0,3,3,11101910.,04AM00.,10,04,3
2011-10-19 05:00:00,4,0,1,3,20.5,24.24,100,7.0015,0,3,3,11101910.,05AM00.,10,05,3
2011-10-19 06:00:00,4,0,1,3,21.32,25.0,83,16.9979,3,28,31,11101910.,06AM00.,10,06,3
2011-10-19 07:00:00,4,0,1,3,21.32,25.0,77,16.9979,1,67,68,11101910.,07AM00.,10,07,3
2011-10-19 08:00:00,4,0,1,3,22.14,25.76,70,32.9975,10,200,210,11101910.,08AM00.,10,08,3
2011-10-19 09:00:00,4,0,1,3,21.32,25.0,88,32.9975,17,185,202,11101910.,09AM00.,10,09,3
2011-10-19 10:00:00,4,0,1,3,21.32,25.0,88,32.9975,14,109,123,11101910.,10AM00.,10,10,3
2011-10-19 11:00:00,4,0,1,3,21.32,25.0,94,16.9979,33,116,149,11101910.,11AM00.,10,11,3
2011-10-19 12:00:00,4,0,1,3,21.32,25.0,94,22.0028,13,117,130,11101910.,12PM00.,10,12,3
2011-10-19 13:00:00,4,0,1,2,22.14,25.76,94,19.0012,20,86,106,11101910.,01PM00.,10,13,3
2011-10-19 14:00:00,4,0,1,3,22.14,25.76,94,11.0014,17,80,97,11101910.,02PM00.,10,14,3
2011-10-19 15:00:00,4,0,1,3,22.14,25.76,100,8.9981,21,99,120,11101910.,03PM00.,10,15,3
2011-10-19 16:00:00,4,0,1,3,22.96,26.515,94,11.0014,21,180,201,11101910.,04PM00.,10,16,3
2011-10-19 17:00:00,4,0,1,3,22.96,26.515,94,11.0014,11,170,181,11101910.,05PM00.,10,17,3
2011-10-19 18:00:00,4,0,1,3,22.96,26.515,100,11.0014,8,132,140,11101910.,06PM00.,10,18,3
2011-10-19 19:00:00,4,0,1,2,24.6,27.275,88,8.9981,8,189,197,11101910.,07PM00.,10,19,3
2011-10-19 20:00:00,4,0,1,3,24.6,25.76,94,6.0032,5,140,145,11101910.,08PM00.,10,20,3
2011-10-19 21:00:00,4,0,1,2,23.78,27.275,94,8.9981,6,79,85,11101910.,09PM00.,10,21,3
2011-10-19 22:00:00,4,0,1,2,23.78,27.275,94,23.9994,13,94,107,11101910.,10PM00.,10,22,3
2011-10-19 23:00:00,4,0,1,2,23.78,27.275,94,23.9994,14,55,69,11101910.,11PM00.,10,23,3
2011-11-01 00:00:00,4,0,1,2,14.76,17.425,87,11.0014,3,18,21,11110110.,12AM00.,11,00,2
2011-11-01 01:00:00,4,0,1,1,14.76,17.425,81,8.9981,3,8,11,11110110.,01AM00.,11,01,2
2011-11-01 02:00:00,4,0,1,2,14.76,17.425,81,11.0014,1,3,4,11110110.,02AM00.,11,02,2
2011-11-01 03:00:00,4,0,1,2,14.76,17.425,81,8.9981,1,5,6,11110110.,03AM00.,11,03,2
2011-11-01 04:00:00,4,0,1,1,13.94,15.91,81,15.0013,1,7,8,11110110.,04AM00.,11,04,2
2011-11-01 05:00:00,4,0,1,1,13.12,15.91,81,12.998,0,18,18,11110110.,05AM00.,11,05,2
2011-11-01 06:00:00,4,0,1,1,13.12,15.91,81,12.998,3,90,93,11110110.,06AM00.,11,06,2
2011-11-01 07:00:00,4,0,1,1,13.94,16.665,76,12.998,8,246,254,11110110.,07AM00.,11,07,2
2011-11-01 08:00:00,4,0,1,1,14.76,16.665,71,16.9979,17,402,419,11110110.,08AM00.,11,08,2
2011-11-01 09:00:00,4,0,1,1,16.4,20.455,66,11.0014,16,206,222,11110110.,09AM00.,11,09,2
2011-11-01 10:00:00,4,0,1,1,18.04,21.97,62,8.9981,21,114,135,11110110.,10AM00.,11,10,2
2011-11-01 11:00:00,4,0,1,1,18.86,22.725,63,7.0015,16,101,117,11110110.,11AM00.,11,11,2
2011-11-01 12:00:00,4,0,1,1,20.5,24.24,48,6.0032,23,153,176,11110110.,12PM00.,11,12,2
2011-11-01 13:00:00,4,0,1,1,19.68,23.485,55,12.998,20,147,167,11110110.,01PM00.,11,13,2
2011-11-01 14:00:00,4,0,1,1,20.5,24.24,48,16.9979,32,118,150,11110110.,02PM00.,11,14,2
2011-11-01 15:00:00,4,0,1,1,20.5,24.24,45,8.9981,38,148,186,11110110.,03PM00.,11,15,2
2011-11-01 16:00:00,4,0,1,1,19.68,23.485,44,11.0014,46,252,298,11110110.,04PM00.,11,16,2
2011-11-01 17:00:00,4,0,1,1,18.04,21.97,54,11.0014,36,470,506,11110110.,05PM00.,11,17,2
2011-11-01 18:00:00,4,0,1,1,17.22,21.21,58,7.0015,39,421,460,11110110.,06PM00.,11,18,2
2011-11-01 19:00:00,4,0,1,1,17.22,21.21,58,6.0032,39,274,313,11110110.,07PM00.,11,19,2
2011-11-01 20:00:00,4,0,1,1,16.4,20.455,71,0.0,18,191,209,11110110.,08PM00.,11,20,2
2011-11-01 21:00:00,4,0,1,1,14.76,18.94,81,0.0,13,114,127,11110110.,09PM00.,11,21,2
2011-11-01 22:00:00,4,0,1,1,14.76,18.94,81,0.0,5,91,96,11110110.,10PM00.,11,22,2
2011-11-01 23:00:00,4,0,1,1,13.94,18.18,87,0.0,11,61,72,11110110.,11PM00.,11,23,2
2011-11-02 00:00:00,4,0,1,1,13.12,17.425,87,0.0,0,19,19,11110210.,12AM00.,11,00,3
2011-11-02 01:00:00,4,0,1,1,12.3,16.665,87,0.0,2,8,10,11110210.,01AM00.,11,01,3
2011-11-02 02:00:00,4,0,1,1,12.3,16.665,87,0.0,0,2,2,11110210.,02AM00.,11,02,3
2011-11-02 03:00:00,4,0,1,1,12.3,16.665,75,0.0,0,2,2,11110210.,03AM00.,11,03,3
2011-11-02 04:00:00,4,0,1,1,12.3,16.665,87,0.0,0,4,4,11110210.,04AM00.,11,04,3
2011-11-02 05:00:00,4,0,1,1,12.3,16.665,81,0.0,0,27,27,11110210.,05AM00.,11,05,3
2011-11-02 06:00:00,4,0,1,1,12.3,16.665,81,0.0,1,91,92,11110210.,06AM00.,11,06,3
2011-11-02 07:00:00,4,0,1,1,12.3,16.665,81,0.0,11,240,251,11110210.,07AM00.,11,07,3
2011-11-02 08:00:00,4,0,1,1,13.12,17.425,87,0.0,20,452,472,11110210.,08AM00.,11,08,3
2011-11-02 09:00:00,4,0,1,1,13.94,18.18,87,0.0,15,213,228,11110210.,09AM00.,11,09,3
2011-11-02 10:00:00,4,0,1,1,16.4,20.455,71,6.0032,25,108,133,11110210.,10AM00.,11,10,3
2011-11-02 11:00:00,4,0,1,1,17.22,21.21,71,8.9981,27,117,144,11110210.,11AM00.,11,11,3
2011-11-02 12:00:00,4,0,1,1,18.86,22.725,55,11.0014,32,157,189,11110210.,12PM00.,11,12,3
2011-11-02 13:00:00,4,0,1,1,19.68,23.485,48,11.0014,22,139,161,11110210.,01PM00.,11,13,3
2011-11-02 14:00:00,4,0,1,1,20.5,24.24,45,11.0014,40,132,172,11110210.,02PM00.,11,14,3
2011-11-02 15:00:00,4,0,1,1,19.68,23.485,51,11.0014,26,161,187,11110210.,03PM00.,11,15,3
2011-11-02 16:00:00,4,0,1,1,19.68,23.485,51,7.0015,35,231,266,11110210.,04PM00.,11,16,3
2011-11-02 17:00:00,4,0,1,1,18.04,21.97,62,12.998,30,523,553,11110210.,05PM00.,11,17,3
2011-11-02 18:00:00,4,0,1,1,17.22,21.21,71,11.0014,31,448,479,11110210.,06PM00.,11,18,3
2011-11-02 19:00:00,4,0,1,1,16.4,20.455,76,8.9981,25,257,282,11110210.,07PM00.,11,19,3
2011-11-02 20:00:00,4,0,1,1,16.4,20.455,66,8.9981,5,177,182,11110210.,08PM00.,11,20,3
2011-11-02 21:00:00,4,0,1,1,15.58,19.695,71,8.9981,13,155,168,11110210.,09PM00.,11,21,3
2011-11-02 22:00:00,4,0,1,1,14.76,17.425,71,8.9981,7,99,106,11110210.,10PM00.,11,22,3
2011-11-02 23:00:00,4,0,1,1,14.76,18.18,76,6.0032,3,54,57,11110210.,11PM00.,11,23,3
2011-11-03 00:00:00,4,0,1,1,14.76,18.18,76,6.0032,3,28,31,11110310.,12AM00.,11,00,4
2011-11-03 01:00:00,4,0,1,1,13.94,16.665,81,8.9981,3,12,15,11110310.,01AM00.,11,01,4
2011-11-03 02:00:00,4,0,1,1,13.94,16.665,76,8.9981,2,5,7,11110310.,02AM00.,11,02,4
2011-11-03 03:00:00,4,0,1,1,13.94,16.665,81,8.9981,1,4,5,11110310.,03AM00.,11,03,4
2011-11-03 04:00:00,4,0,1,1,13.12,16.665,81,6.0032,1,3,4,11110310.,04AM00.,11,04,4
2011-11-03 05:00:00,4,0,1,1,13.12,16.665,81,8.9981,1,27,28,11110310.,05AM00.,11,05,4
2011-11-03 06:00:00,4,0,1,1,13.94,16.665,76,12.998,3,96,99,11110310.,06AM00.,11,06,4
2011-11-03 07:00:00,4,0,1,2,13.12,16.665,81,6.0032,12,280,292,11110310.,07AM00.,11,07,4
2011-11-03 08:00:00,4,0,1,2,13.94,17.425,81,6.0032,8,394,402,11110310.,08AM00.,11,08,4
2011-11-03 09:00:00,4,0,1,2,14.76,17.425,81,12.998,9,155,164,11110310.,09AM00.,11,09,4
2011-11-03 10:00:00,4,0,1,2,16.4,20.455,76,12.998,12,98,110,11110310.,10AM00.,11,10,4
2011-11-03 11:00:00,4,0,1,1,18.04,21.97,67,12.998,12,108,120,11110310.,11AM00.,11,11,4
2011-11-03 12:00:00,4,0,1,1,20.5,24.24,51,12.998,17,162,179,11110310.,12PM00.,11,12,4
2011-11-03 13:00:00,4,0,1,2,21.32,25.0,48,16.9979,19,150,169,11110310.,01PM00.,11,13,4
2011-11-03 14:00:00,4,0,1,1,21.32,25.0,52,11.0014,32,120,152,11110310.,02PM00.,11,14,4
2011-11-03 15:00:00,4,0,1,1,21.32,25.0,52,11.0014,24,138,162,11110310.,03PM00.,11,15,4
2011-11-03 16:00:00,4,0,1,1,21.32,25.0,48,12.998,33,234,267,11110310.,04PM00.,11,16,4
2011-11-03 17:00:00,4,0,1,1,19.68,23.485,55,6.0032,33,465,498,11110310.,05PM00.,11,17,4
2011-11-03 18:00:00,4,0,1,1,18.86,22.725,63,8.9981,24,409,433,11110310.,06PM00.,11,18,4
2011-11-03 19:00:00,4,0,1,1,18.04,21.97,67,6.0032,18,234,252,11110310.,07PM00.,11,19,4
2011-11-03 20:00:00,4,0,1,1,17.22,21.21,71,7.0015,11,198,209,11110310.,08PM00.,11,20,4
2011-11-03 21:00:00,4,0,1,1,16.4,20.455,76,8.9981,4,140,144,11110310.,09PM00.,11,21,4
2011-11-03 22:00:00,4,0,1,1,16.4,20.455,82,0.0,21,116,137,11110310.,10PM00.,11,22,4
2011-11-03 23:00:00,4,0,1,1,16.4,20.455,82,6.0032,15,80,95,11110310.,11PM00.,11,23,4
2011-11-04 00:00:00,4,0,1,2,16.4,20.455,82,0.0,11,32,43,11110410.,12AM00.,11,00,5
2011-11-04 01:00:00,4,0,1,2,16.4,20.455,82,0.0,1,16,17,11110410.,01AM00.,11,01,5
2011-11-04 02:00:00,4,0,1,2,16.4,20.455,76,0.0,2,8,10,11110410.,02AM00.,11,02,5
2011-11-04 03:00:00,4,0,1,2,15.58,19.695,87,11.0014,1,7,8,11110410.,03AM00.,11,03,5
2011-11-04 04:00:00,4,0,1,2,15.58,19.695,87,6.0032,1,6,7,11110410.,04AM00.,11,04,5
2011-11-04 05:00:00,4,0,1,2,15.58,19.695,87,0.0,0,23,23,11110410.,05AM00.,11,05,5
2011-11-04 06:00:00,4,0,1,2,15.58,19.695,87,6.0032,2,64,66,11110410.,06AM00.,11,06,5
2011-11-04 07:00:00,4,0,1,2,16.4,20.455,86,15.0013,10,235,245,11110410.,07AM00.,11,07,5
2011-11-04 08:00:00,4,0,1,2,16.4,20.455,87,23.9994,8,387,395,11110410.,08AM00.,11,08,5
2011-11-04 09:00:00,4,0,1,2,17.22,21.21,71,31.0009,15,239,254,11110410.,09AM00.,11,09,5
2011-11-04 10:00:00,4,0,1,2,17.22,21.21,71,22.0028,19,115,134,11110410.,10AM00.,11,10,5
2011-11-04 11:00:00,4,0,1,2,18.04,21.97,67,30.0026,34,128,162,11110410.,11AM00.,11,11,5
2011-11-04 12:00:00,4,0,1,2,19.68,23.485,55,32.9975,44,153,197,11110410.,12PM00.,11,12,5
2011-11-04 13:00:00,4,0,1,1,18.04,21.97,51,27.9993,33,161,194,11110410.,01PM00.,11,13,5
2011-11-04 14:00:00,4,0,1,1,18.04,21.97,47,19.9995,54,147,201,11110410.,02PM00.,11,14,5
2011-11-04 15:00:00,4,0,1,1,18.86,22.725,44,26.0027,45,192,237,11110410.,03PM00.,11,15,5
2011-11-04 16:00:00,4,0,1,1,18.86,22.725,36,26.0027,53,237,290,11110410.,04PM00.,11,16,5
2011-11-04 17:00:00,4,0,1,1,17.22,21.21,38,23.9994,42,438,480,11110410.,05PM00.,11,17,5
2011-11-04 18:00:00,4,0,1,1,17.22,21.21,32,31.0009,35,339,374,11110410.,06PM00.,11,18,5
2011-11-04 19:00:00,4,0,1,1,16.4,20.455,37,23.9994,14,182,196,11110410.,07PM00.,11,19,5
2011-11-04 20:00:00,4,0,1,1,14.76,16.665,43,19.0012,15,171,186,11110410.,08PM00.,11,20,5
2011-11-04 21:00:00,4,0,1,1,13.94,15.91,46,16.9979,8,115,123,11110410.,09PM00.,11,21,5
2011-11-04 22:00:00,4,0,1,1,13.94,15.15,46,22.0028,6,109,115,11110410.,10PM00.,11,22,5
2011-11-04 23:00:00,4,0,1,1,13.12,15.15,49,22.0028,17,72,89,11110410.,11PM00.,11,23,5
2011-11-05 00:00:00,4,0,0,1,13.12,14.395,45,23.9994,4,48,52,11110510.,12AM00.,11,00,6
2011-11-05 01:00:00,4,0,0,1,13.12,15.15,45,19.9995,5,57,62,11110510.,01AM00.,11,01,6
2011-11-05 02:00:00,4,0,0,1,12.3,13.635,52,22.0028,7,24,31,11110510.,02AM00.,11,02,6
2011-11-05 03:00:00,4,0,0,1,12.3,13.635,52,19.9995,0,8,8,11110510.,03AM00.,11,03,6
2011-11-05 04:00:00,4,0,0,1,11.48,12.88,56,22.0028,3,5,8,11110510.,04AM00.,11,04,6
2011-11-05 05:00:00,4,0,0,1,10.66,11.365,60,22.0028,0,2,2,11110510.,05AM00.,11,05,6
2011-11-05 06:00:00,4,0,0,1,10.66,12.12,60,16.9979,3,20,23,11110510.,06AM00.,11,06,6
2011-11-05 07:00:00,4,0,0,1,10.66,12.12,60,19.0012,3,31,34,11110510.,07AM00.,11,07,6
2011-11-05 08:00:00,4,0,0,1,11.48,12.88,56,22.0028,4,80,84,11110510.,08AM00.,11,08,6
2011-11-05 09:00:00,4,0,0,1,12.3,13.635,56,19.9995,30,111,141,11110510.,09AM00.,11,09,6
2011-11-05 10:00:00,4,0,0,1,13.12,15.15,53,16.9979,56,171,227,11110510.,10AM00.,11,10,6
2011-11-05 11:00:00,4,0,0,1,14.76,18.18,46,7.0015,69,169,238,11110510.,11AM00.,11,11,6
2011-11-05 12:00:00,4,0,0,1,14.76,17.425,46,11.0014,137,235,372,11110510.,12PM00.,11,12,6
2011-11-05 13:00:00,4,0,0,1,16.4,20.455,37,7.0015,148,207,355,11110510.,01PM00.,11,13,6
2011-11-05 14:00:00,4,0,0,1,17.22,21.21,35,8.9981,159,227,386,11110510.,02PM00.,11,14,6
2011-11-05 15:00:00,4,0,0,1,16.4,20.455,37,12.998,141,202,343,11110510.,03PM00.,11,15,6
2011-11-05 16:00:00,4,0,0,1,16.4,20.455,40,15.0013,128,207,335,11110510.,04PM00.,11,16,6
2011-11-05 17:00:00,4,0,0,1,15.58,19.695,40,11.0014,100,234,334,11110510.,05PM00.,11,17,6
2011-11-05 18:00:00,4,0,0,1,14.76,18.18,50,6.0032,52,185,237,11110510.,06PM00.,11,18,6
2011-11-05 19:00:00,4,0,0,1,13.94,18.18,53,0.0,45,159,204,11110510.,07PM00.,11,19,6
2011-11-05 20:00:00,4,0,0,1,13.12,17.425,66,0.0,29,136,165,11110510.,08PM00.,11,20,6
2011-11-05 21:00:00,4,0,0,1,13.12,17.425,66,0.0,19,99,118,11110510.,09PM00.,11,21,6
2011-11-05 22:00:00,4,0,0,1,12.3,16.665,65,0.0,10,72,82,11110510.,10PM00.,11,22,6
2011-11-05 23:00:00,4,0,0,1,11.48,15.91,70,0.0,4,81,85,11110510.,11PM00.,11,23,6
2011-11-06 00:00:00,4,0,0,1,11.48,15.91,75,0.0,10,65,75,11110610.,12AM00.,11,00,7
2011-11-06 01:00:00,4,0,0,1,10.66,15.15,81,0.0,11,104,115,11110610.,01AM00.,11,01,7
2011-11-06 02:00:00,4,0,0,1,10.66,15.15,81,0.0,6,23,29,11110610.,02AM00.,11,02,7
2011-11-06 03:00:00,4,0,0,1,9.84,14.395,87,0.0,5,4,9,11110610.,03AM00.,11,03,7
2011-11-06 04:00:00,4,0,0,1,9.84,14.395,87,0.0,0,6,6,11110610.,04AM00.,11,04,7
2011-11-06 05:00:00,4,0,0,1,9.84,12.12,87,8.9981,0,5,5,11110610.,05AM00.,11,05,7
2011-11-06 06:00:00,4,0,0,1,10.66,14.395,81,6.0032,5,11,16,11110610.,06AM00.,11,06,7
2011-11-06 07:00:00,4,0,0,1,10.66,13.635,87,7.0015,4,24,28,11110610.,07AM00.,11,07,7
2011-11-06 08:00:00,4,0,0,2,11.48,15.15,87,6.0032,19,71,90,11110610.,08AM00.,11,08,7
2011-11-06 09:00:00,4,0,0,2,12.3,15.91,75,6.0032,36,134,170,11110610.,09AM00.,11,09,7
2011-11-06 10:00:00,4,0,0,1,14.76,18.18,66,6.0032,76,186,262,11110610.,10AM00.,11,10,7
2011-11-06 11:00:00,4,0,0,1,17.22,21.21,58,6.0032,104,216,320,11110610.,11AM00.,11,11,7
2011-11-06 12:00:00,4,0,0,1,18.04,21.97,54,0.0,120,226,346,11110610.,12PM00.,11,12,7
2011-11-06 13:00:00,4,0,0,1,18.86,22.725,51,11.0014,105,209,314,11110610.,01PM00.,11,13,7
2011-11-06 14:00:00,4,0,0,1,18.86,22.725,55,12.998,101,219,320,11110610.,02PM00.,11,14,7
2011-11-06 15:00:00,4,0,0,1,19.68,23.485,51,12.998,96,210,306,11110610.,03PM00.,11,15,7
2011-11-06 16:00:00,4,0,0,1,18.86,22.725,55,15.0013,84,263,347,11110610.,04PM00.,11,16,7
2011-11-06 17:00:00,4,0,0,1,18.04,21.97,62,11.0014,71,185,256,11110610.,05PM00.,11,17,7
2011-11-06 18:00:00,4,0,0,1,17.22,21.21,71,7.0015,39,146,185,11110610.,06PM00.,11,18,7
2011-11-06 19:00:00,4,0,0,1,15.58,19.695,76,12.998,21,130,151,11110610.,07PM00.,11,19,7
2011-11-06 20:00:00,4,0,0,1,14.76,18.18,81,7.0015,16,100,116,11110610.,08PM00.,11,20,7
2011-11-06 21:00:00,4,0,0,1,14.76,18.18,81,6.0032,11,77,88,11110610.,09PM00.,11,21,7
2011-11-06 22:00:00,4,0,0,1,14.76,18.94,87,0.0,5,40,45,11110610.,10PM00.,11,22,7
2011-11-06 23:00:00,4,0,0,1,13.94,17.425,87,6.0032,7,43,50,11110610.,11PM00.,11,23,7
2011-11-07 00:00:00,4,0,1,1,13.94,18.18,87,0.0,1,14,15,11110710.,12AM00.,11,00,1
2011-11-07 01:00:00,4,0,1,1,13.94,18.18,87,0.0,2,6,8,11110710.,01AM00.,11,01,1
2011-11-07 02:00:00,4,0,1,1,13.12,17.425,93,0.0,0,2,2,11110710.,02AM00.,11,02,1
2011-11-07 03:00:00,4,0,1,1,13.12,17.425,93,0.0,0,3,3,11110710.,03AM00.,11,03,1
2011-11-07 04:00:00,4,0,1,1,13.12,17.425,93,0.0,2,4,6,11110710.,04AM00.,11,04,1
2011-11-07 05:00:00,4,0,1,1,12.3,16.665,93,0.0,1,25,26,11110710.,05AM00.,11,05,1
2011-11-07 06:00:00,4,0,1,2,11.48,15.91,93,0.0,2,97,99,11110710.,06AM00.,11,06,1
2011-11-07 07:00:00,4,0,1,2,11.48,15.91,93,0.0,6,305,311,11110710.,07AM00.,11,07,1
2011-11-07 08:00:00,4,0,1,2,12.3,15.91,100,6.0032,13,397,410,11110710.,08AM00.,11,08,1
2011-11-07 09:00:00,4,0,1,2,13.94,16.665,100,8.9981,18,156,174,11110710.,09AM00.,11,09,1
2011-11-07 10:00:00,4,0,1,1,14.76,17.425,93,8.9981,28,95,123,11110710.,10AM00.,11,10,1
2011-11-07 11:00:00,4,0,1,1,17.22,21.21,77,7.0015,28,100,128,11110710.,11AM00.,11,11,1
2011-11-07 12:00:00,4,0,1,1,18.86,22.725,67,0.0,21,158,179,11110710.,12PM00.,11,12,1
2011-11-07 13:00:00,4,0,1,1,22.14,25.76,49,6.0032,32,157,189,11110710.,01PM00.,11,13,1
2011-11-07 14:00:00,4,0,1,1,22.96,26.515,37,11.0014,30,115,145,11110710.,02PM00.,11,14,1
2011-11-07 15:00:00,4,0,1,1,22.96,26.515,37,7.0015,38,132,170,11110710.,03PM00.,11,15,1
2011-11-07 16:00:00,4,0,1,1,21.32,25.0,45,0.0,40,255,295,11110710.,04PM00.,11,16,1
2011-11-07 17:00:00,4,0,1,1,20.5,24.24,45,11.0014,39,489,528,11110710.,05PM00.,11,17,1
2011-11-07 18:00:00,4,0,1,1,18.86,22.725,59,7.0015,18,407,425,11110710.,06PM00.,11,18,1
2011-11-07 19:00:00,4,0,1,1,18.86,22.725,59,0.0,20,280,300,11110710.,07PM00.,11,19,1
2011-11-07 20:00:00,4,0,1,1,16.4,20.455,71,0.0,17,187,204,11110710.,08PM00.,11,20,1
2011-11-07 21:00:00,4,0,1,1,15.58,19.695,82,7.0015,10,129,139,11110710.,09PM00.,11,21,1
2011-11-07 22:00:00,4,0,1,1,14.76,18.18,81,6.0032,6,102,108,11110710.,10PM00.,11,22,1
2011-11-07 23:00:00,4,0,1,1,14.76,18.18,87,6.0032,1,47,48,11110710.,11PM00.,11,23,1
2011-11-08 00:00:00,4,0,1,1,13.94,17.425,87,6.0032,0,18,18,11110810.,12AM00.,11,00,2
2011-11-08 01:00:00,4,0,1,1,13.12,16.665,93,7.0015,3,8,11,11110810.,01AM00.,11,01,2
2011-11-08 02:00:00,4,0,1,1,13.12,17.425,87,0.0,0,1,1,11110810.,02AM00.,11,02,2
2011-11-08 03:00:00,4,0,1,1,13.12,17.425,87,0.0,0,3,3,11110810.,03AM00.,11,03,2
2011-11-08 04:00:00,4,0,1,1,12.3,16.665,87,0.0,0,4,4,11110810.,04AM00.,11,04,2
2011-11-08 05:00:00,4,0,1,1,12.3,15.91,87,6.0032,1,17,18,11110810.,05AM00.,11,05,2
2011-11-08 06:00:00,4,0,1,1,12.3,16.665,87,0.0,3,96,99,11110810.,06AM00.,11,06,2
2011-11-08 07:00:00,4,0,1,1,12.3,15.91,87,7.0015,7,316,323,11110810.,07AM00.,11,07,2
2011-11-08 08:00:00,4,0,1,1,13.12,16.665,93,7.0015,11,455,466,11110810.,08AM00.,11,08,2
2011-11-08 09:00:00,4,0,1,1,14.76,18.94,87,0.0,14,177,191,11110810.,09AM00.,11,09,2
2011-11-08 10:00:00,4,0,1,1,17.22,21.21,71,6.0032,25,104,129,11110810.,10AM00.,11,10,2
2011-11-08 11:00:00,4,0,1,1,18.86,22.725,63,8.9981,21,126,147,11110810.,11AM00.,11,11,2
2011-11-08 12:00:00,4,0,1,1,21.32,25.0,52,8.9981,28,175,203,11110810.,12PM00.,11,12,2
2011-11-08 13:00:00,4,0,1,1,22.14,25.76,49,11.0014,31,165,196,11110810.,01PM00.,11,13,2
2011-11-08 14:00:00,4,0,1,1,22.96,26.515,46,7.0015,32,129,161,11110810.,02PM00.,11,14,2
2011-11-08 15:00:00,4,0,1,1,23.78,27.275,46,7.0015,33,155,188,11110810.,03PM00.,11,15,2
2011-11-08 16:00:00,4,0,1,1,22.96,26.515,46,8.9981,39,250,289,11110810.,04PM00.,11,16,2
2011-11-08 17:00:00,4,0,1,1,21.32,25.0,43,11.0014,40,459,499,11110810.,05PM00.,11,17,2
2011-11-08 18:00:00,4,0,1,1,19.68,23.485,55,8.9981,30,432,462,11110810.,06PM00.,11,18,2
2011-11-08 19:00:00,4,0,1,1,18.86,22.725,59,0.0,14,264,278,11110810.,07PM00.,11,19,2
2011-11-08 20:00:00,4,0,1,1,16.4,20.455,76,0.0,12,169,181,11110810.,08PM00.,11,20,2
2011-11-08 21:00:00,4,0,1,1,16.4,20.455,76,0.0,16,166,182,11110810.,09PM00.,11,21,2
2011-11-08 22:00:00,4,0,1,1,14.76,18.94,87,0.0,13,95,108,11110810.,10PM00.,11,22,2
2011-11-08 23:00:00,4,0,1,1,14.76,18.94,81,0.0,3,45,48,11110810.,11PM00.,11,23,2
2011-11-09 00:00:00,4,0,1,1,14.76,18.94,87,0.0,0,13,13,11110910.,12AM00.,11,00,3
2011-11-09 01:00:00,4,0,1,1,13.94,18.18,87,0.0,0,10,10,11110910.,01AM00.,11,01,3
2011-11-09 02:00:00,4,0,1,1,13.12,17.425,93,0.0,0,5,5,11110910.,02AM00.,11,02,3
2011-11-09 03:00:00,4,0,1,1,13.12,17.425,93,0.0,0,4,4,11110910.,03AM00.,11,03,3
2011-11-09 04:00:00,4,0,1,1,13.12,17.425,87,0.0,0,4,4,11110910.,04AM00.,11,04,3
2011-11-09 05:00:00,4,0,1,1,12.3,16.665,87,0.0,0,28,28,11110910.,05AM00.,11,05,3
2011-11-09 06:00:00,4,0,1,1,12.3,16.665,87,0.0,0,98,98,11110910.,06AM00.,11,06,3
2011-11-09 07:00:00,4,0,1,1,12.3,16.665,87,0.0,0,300,300,11110910.,07AM00.,11,07,3
2011-11-09 08:00:00,4,0,1,1,13.12,17.425,93,0.0,19,437,456,11110910.,08AM00.,11,08,3
2011-11-09 09:00:00,4,0,1,1,13.94,18.18,93,0.0,22,197,219,11110910.,09AM00.,11,09,3
2011-11-09 10:00:00,4,0,1,1,16.4,20.455,76,7.0015,16,89,105,11110910.,10AM00.,11,10,3
2011-11-09 11:00:00,4,0,1,1,18.86,22.725,67,11.0014,21,131,152,11110910.,11AM00.,11,11,3
2011-11-09 12:00:00,4,0,1,1,20.5,24.24,51,11.0014,24,156,180,11110910.,12PM00.,11,12,3
2011-11-09 13:00:00,4,0,1,1,20.5,24.24,51,11.0014,31,136,167,11110910.,01PM00.,11,13,3
2011-11-09 14:00:00,4,0,1,1,21.32,25.0,48,11.0014,26,153,179,11110910.,02PM00.,11,14,3
2011-11-09 15:00:00,4,0,1,1,21.32,25.0,45,15.0013,21,130,151,11110910.,03PM00.,11,15,3
2011-11-09 16:00:00,4,0,1,1,21.32,25.0,48,12.998,24,257,281,11110910.,04PM00.,11,16,3
2011-11-09 17:00:00,4,0,1,1,18.86,22.725,63,7.0015,27,458,485,11110910.,05PM00.,11,17,3
2011-11-09 18:00:00,4,0,1,1,18.04,21.97,67,7.0015,21,387,408,11110910.,06PM00.,11,18,3
2011-11-09 19:00:00,4,0,1,1,18.04,21.97,72,7.0015,12,292,304,11110910.,07PM00.,11,19,3
2011-11-09 20:00:00,4,0,1,1,18.04,21.97,77,0.0,18,201,219,11110910.,08PM00.,11,20,3
2011-11-09 21:00:00,4,0,1,1,16.4,20.455,87,0.0,9,152,161,11110910.,09PM00.,11,21,3
2011-11-09 22:00:00,4,0,1,1,16.4,20.455,87,0.0,9,105,114,11110910.,10PM00.,11,22,3
2011-11-09 23:00:00,4,0,1,1,15.58,19.695,87,0.0,5,61,66,11110910.,11PM00.,11,23,3
2011-11-10 00:00:00,4,0,1,1,16.4,20.455,87,0.0,0,24,24,11111010.,12AM00.,11,00,4
2011-11-10 01:00:00,4,0,1,2,16.4,20.455,87,0.0,1,10,11,11111010.,01AM00.,11,01,4
2011-11-10 02:00:00,4,0,1,2,15.58,19.695,94,0.0,0,5,5,11111010.,02AM00.,11,02,4
2011-11-10 03:00:00,4,0,1,1,15.58,19.695,94,6.0032,0,11,11,11111010.,03AM00.,11,03,4
2011-11-10 04:00:00,4,0,1,1,15.58,19.695,94,6.0032,1,2,3,11111010.,04AM00.,11,04,4
2011-11-10 05:00:00,4,0,1,2,14.76,17.425,100,8.9981,1,22,23,11111010.,05AM00.,11,05,4
2011-11-10 06:00:00,4,0,1,2,14.76,17.425,100,8.9981,4,110,114,11111010.,06AM00.,11,06,4
2011-11-10 07:00:00,4,0,1,2,15.58,19.695,94,11.0014,6,266,272,11111010.,07AM00.,11,07,4
2011-11-10 08:00:00,4,0,1,2,16.4,20.455,94,6.0032,18,418,436,11111010.,08AM00.,11,08,4
2011-11-10 09:00:00,4,0,1,2,17.22,21.21,94,7.0015,23,188,211,11111010.,09AM00.,11,09,4
2011-11-10 10:00:00,4,0,1,2,18.04,21.97,88,15.0013,17,100,117,11111010.,10AM00.,11,10,4
2011-11-10 11:00:00,4,0,1,2,18.86,22.725,67,26.0027,9,99,108,11111010.,11AM00.,11,11,4
2011-11-10 12:00:00,4,0,1,2,17.22,21.21,67,23.9994,18,149,167,11111010.,12PM00.,11,12,4
2011-11-10 13:00:00,4,0,1,3,14.76,16.665,81,23.9994,9,87,96,11111010.,01PM00.,11,13,4
2011-11-10 14:00:00,4,0,1,3,14.76,16.665,87,19.0012,6,58,64,11111010.,02PM00.,11,14,4
2011-11-10 15:00:00,4,0,1,3,14.76,16.665,81,19.9995,5,57,62,11111010.,03PM00.,11,15,4
2011-11-10 16:00:00,4,0,1,3,14.76,17.425,81,15.0013,6,67,73,11111010.,04PM00.,11,16,4
2011-11-10 17:00:00,4,0,1,3,14.76,17.425,81,15.0013,9,168,177,11111010.,05PM00.,11,17,4
2011-11-10 18:00:00,4,0,1,2,14.76,17.425,81,11.0014,10,263,273,11111010.,06PM00.,11,18,4
2011-11-10 19:00:00,4,0,1,2,14.76,17.425,71,15.0013,19,192,211,11111010.,07PM00.,11,19,4
2011-11-10 20:00:00,4,0,1,2,14.76,16.665,62,19.0012,8,160,168,11111010.,08PM00.,11,20,4
2011-11-10 21:00:00,4,0,1,1,14.76,16.665,57,16.9979,6,130,136,11111010.,09PM00.,11,21,4
2011-11-10 22:00:00,4,0,1,1,14.76,16.665,53,19.0012,5,84,89,11111010.,10PM00.,11,22,4
2011-11-10 23:00:00,4,0,1,2,13.94,16.665,57,11.0014,9,73,82,11111010.,11PM00.,11,23,4
2011-11-11 00:00:00,4,1,0,1,13.94,15.91,53,16.9979,10,56,66,11111110.,12AM00.,11,00,5
2011-11-11 01:00:00,4,1,0,1,13.12,15.15,57,22.0028,3,16,19,11111110.,01AM00.,11,01,5
2011-11-11 02:00:00,4,1,0,1,13.12,14.395,57,19.0012,1,10,11,11111110.,02AM00.,11,02,5
2011-11-11 03:00:00,4,1,0,1,12.3,14.395,61,12.998,0,6,6,11111110.,03AM00.,11,03,5
2011-11-11 04:00:00,4,1,0,1,12.3,14.395,61,12.998,0,8,8,11111110.,04AM00.,11,04,5
2011-11-11 05:00:00,4,1,0,1,12.3,14.395,49,16.9979,0,13,13,11111110.,05AM00.,11,05,5
2011-11-11 06:00:00,4,1,0,1,11.48,12.88,45,22.0028,0,46,46,11111110.,06AM00.,11,06,5
2011-11-11 07:00:00,4,1,0,1,11.48,13.635,45,16.9979,5,116,121,11111110.,07AM00.,11,07,5
2011-11-11 08:00:00,4,1,0,1,12.3,13.635,42,23.9994,9,249,258,11111110.,08AM00.,11,08,5
2011-11-11 09:00:00,4,1,0,1,13.12,14.395,45,30.0026,15,186,201,11111110.,09AM00.,11,09,5
2011-11-11 10:00:00,4,1,0,1,13.12,13.635,42,36.9974,38,162,200,11111110.,10AM00.,11,10,5
2011-11-11 11:00:00,4,1,0,1,13.94,14.395,42,32.9975,20,150,170,11111110.,11AM00.,11,11,5
2011-11-11 12:00:00,4,1,0,1,13.94,14.395,42,31.0009,41,198,239,11111110.,12PM00.,11,12,5
2011-11-11 13:00:00,4,1,0,1,15.58,19.695,37,36.9974,57,179,236,11111110.,01PM00.,11,13,5
2011-11-11 14:00:00,4,1,0,1,15.58,19.695,37,31.0009,64,183,247,11111110.,02PM00.,11,14,5
2011-11-11 15:00:00,4,1,0,1,14.76,16.665,37,27.9993,29,187,216,11111110.,03PM00.,11,15,5
2011-11-11 16:00:00,4,1,0,1,14.76,16.665,34,22.0028,49,189,238,11111110.,04PM00.,11,16,5
2011-11-11 17:00:00,4,1,0,1,13.94,15.15,39,22.0028,24,286,310,11111110.,05PM00.,11,17,5
2011-11-11 18:00:00,4,1,0,1,13.94,15.91,39,16.9979,23,185,208,11111110.,06PM00.,11,18,5
2011-11-11 19:00:00,4,1,0,1,13.12,15.91,39,11.0014,17,182,199,11111110.,07PM00.,11,19,5
2011-11-11 20:00:00,4,1,0,1,13.12,15.91,39,12.998,12,97,109,11111110.,08PM00.,11,20,5
2011-11-11 21:00:00,4,1,0,1,12.3,15.15,45,11.0014,4,79,83,11111110.,09PM00.,11,21,5
2011-11-11 22:00:00,4,1,0,1,13.12,15.91,39,12.998,13,78,91,11111110.,10PM00.,11,22,5
2011-11-11 23:00:00,4,1,0,1,12.3,15.91,45,6.0032,6,67,73,11111110.,11PM00.,11,23,5
2011-11-12 00:00:00,4,0,0,1,9.84,12.12,60,8.9981,12,52,64,11111210.,12AM00.,11,00,6
2011-11-12 01:00:00,4,0,0,1,9.84,12.12,60,8.9981,9,45,54,11111210.,01AM00.,11,01,6
2011-11-12 02:00:00,4,0,0,1,9.84,12.88,65,6.0032,7,39,46,11111210.,02AM00.,11,02,6
2011-11-12 03:00:00,4,0,0,1,9.84,12.12,70,8.9981,4,13,17,11111210.,03AM00.,11,03,6
2011-11-12 04:00:00,4,0,0,1,8.2,10.605,80,8.9981,0,7,7,11111210.,04AM00.,11,04,6
2011-11-12 05:00:00,4,0,0,1,9.02,12.88,75,6.0032,1,3,4,11111210.,05AM00.,11,05,6
2011-11-12 06:00:00,4,0,0,1,9.02,11.365,75,11.0014,0,7,7,11111210.,06AM00.,11,06,6
2011-11-12 07:00:00,4,0,0,1,9.02,11.365,75,12.998,3,24,27,11111210.,07AM00.,11,07,6
2011-11-12 08:00:00,4,0,0,1,10.66,12.88,70,12.998,14,87,101,11111210.,08AM00.,11,08,6
2011-11-12 09:00:00,4,0,0,1,12.3,15.15,61,11.0014,18,142,160,11111210.,09AM00.,11,09,6
2011-11-12 10:00:00,4,0,0,1,13.94,15.91,61,19.0012,62,170,232,11111210.,10AM00.,11,10,6
2011-11-12 11:00:00,4,0,0,1,15.58,19.695,54,19.0012,102,213,315,11111210.,11AM00.,11,11,6
2011-11-12 12:00:00,4,0,0,1,18.04,21.97,44,19.0012,142,224,366,11111210.,12PM00.,11,12,6
2011-11-12 13:00:00,4,0,0,1,19.68,23.485,36,19.0012,128,225,353,11111210.,01PM00.,11,13,6
2011-11-12 14:00:00,4,0,0,1,20.5,24.24,36,19.9995,191,244,435,11111210.,02PM00.,11,14,6
2011-11-12 15:00:00,4,0,0,1,21.32,25.0,29,19.0012,165,221,386,11111210.,03PM00.,11,15,6
2011-11-12 16:00:00,4,0,0,1,21.32,25.0,32,16.9979,137,224,361,11111210.,04PM00.,11,16,6
2011-11-12 17:00:00,4,0,0,1,20.5,24.24,34,16.9979,92,193,285,11111210.,05PM00.,11,17,6
2011-11-12 18:00:00,4,0,0,1,17.22,21.21,58,12.998,53,150,203,11111210.,06PM00.,11,18,6
2011-11-12 19:00:00,4,0,0,1,17.22,21.21,50,16.9979,32,139,171,11111210.,07PM00.,11,19,6
2011-11-12 20:00:00,4,0,0,1,17.22,21.21,50,19.0012,31,101,132,11111210.,08PM00.,11,20,6
2011-11-12 21:00:00,4,0,0,1,17.22,21.21,47,19.0012,19,103,122,11111210.,09PM00.,11,21,6
2011-11-12 22:00:00,4,0,0,1,17.22,21.21,47,16.9979,30,88,118,11111210.,10PM00.,11,22,6
2011-11-12 23:00:00,4,0,0,1,16.4,20.455,58,11.0014,23,78,101,11111210.,11PM00.,11,23,6
2011-11-13 00:00:00,4,0,0,2,16.4,20.455,58,12.998,12,61,73,11111310.,12AM00.,11,00,7
2011-11-13 01:00:00,4,0,0,2,14.76,17.425,66,12.998,13,58,71,11111310.,01AM00.,11,01,7
2011-11-13 02:00:00,4,0,0,1,14.76,18.18,57,7.0015,9,48,57,11111310.,02AM00.,11,02,7
2011-11-13 03:00:00,4,0,0,2,14.76,17.425,62,8.9981,8,20,28,11111310.,03AM00.,11,03,7
2011-11-13 04:00:00,4,0,0,2,14.76,17.425,62,8.9981,1,5,6,11111310.,04AM00.,11,04,7
2011-11-13 05:00:00,4,0,0,1,13.94,16.665,61,11.0014,2,3,5,11111310.,05AM00.,11,05,7
2011-11-13 06:00:00,4,0,0,1,13.94,16.665,66,8.9981,5,18,23,11111310.,06AM00.,11,06,7
2011-11-13 07:00:00,4,0,0,1,13.94,15.91,66,15.0013,13,30,43,11111310.,07AM00.,11,07,7
2011-11-13 08:00:00,4,0,0,1,13.94,17.425,66,6.0032,24,55,79,11111310.,08AM00.,11,08,7
2011-11-13 09:00:00,4,0,0,1,16.4,20.455,54,19.0012,38,97,135,11111310.,09AM00.,11,09,7
2011-11-13 10:00:00,4,0,0,1,18.04,21.97,44,22.0028,63,178,241,11111310.,10AM00.,11,10,7
2011-11-13 11:00:00,4,0,0,1,18.86,22.725,40,27.9993,108,187,295,11111310.,11AM00.,11,11,7
2011-11-13 12:00:00,4,0,0,2,21.32,25.0,29,27.9993,112,242,354,11111310.,12PM00.,11,12,7
2011-11-13 13:00:00,4,0,0,2,21.32,25.0,29,27.9993,105,234,339,11111310.,01PM00.,11,13,7
2011-11-13 14:00:00,4,0,0,2,22.14,25.76,28,32.9975,108,263,371,11111310.,02PM00.,11,14,7
2011-11-13 15:00:00,4,0,0,2,20.5,24.24,42,22.0028,89,221,310,11111310.,03PM00.,11,15,7
2011-11-13 16:00:00,4,0,0,2,22.14,25.76,28,26.0027,93,226,319,11111310.,04PM00.,11,16,7
2011-11-13 17:00:00,4,0,0,1,21.32,25.0,27,22.0028,44,187,231,11111310.,05PM00.,11,17,7
2011-11-13 18:00:00,4,0,0,1,21.32,25.0,27,22.0028,35,155,190,11111310.,06PM00.,11,18,7
2011-11-13 19:00:00,4,0,0,1,20.5,24.24,29,23.9994,36,121,157,11111310.,07PM00.,11,19,7
2011-11-13 20:00:00,4,0,0,1,20.5,24.24,31,23.9994,24,115,139,11111310.,08PM00.,11,20,7
2011-11-13 21:00:00,4,0,0,1,19.68,23.485,36,16.9979,19,76,95,11111310.,09PM00.,11,21,7
2011-11-13 22:00:00,4,0,0,1,19.68,23.485,41,26.0027,25,64,89,11111310.,10PM00.,11,22,7
2011-11-13 23:00:00,4,0,0,1,18.86,22.725,51,19.9995,18,49,67,11111310.,11PM00.,11,23,7
2011-11-14 00:00:00,4,0,1,1,18.86,22.725,59,19.0012,8,22,30,11111410.,12AM00.,11,00,1
2011-11-14 01:00:00,4,0,1,1,18.86,22.725,63,19.9995,5,6,11,11111410.,01AM00.,11,01,1
2011-11-14 02:00:00,4,0,1,1,18.86,22.725,63,23.9994,7,10,17,11111410.,02AM00.,11,02,1
2011-11-14 03:00:00,4,0,1,1,18.04,21.97,67,19.0012,4,3,7,11111410.,03AM00.,11,03,1
2011-11-14 04:00:00,4,0,1,1,18.04,21.97,67,15.0013,0,5,5,11111410.,04AM00.,11,04,1
2011-11-14 05:00:00,4,0,1,2,18.04,21.97,67,16.9979,0,19,19,11111410.,05AM00.,11,05,1
2011-11-14 06:00:00,4,0,1,2,18.04,21.97,72,15.0013,10,104,114,11111410.,06AM00.,11,06,1
2011-11-14 07:00:00,4,0,1,1,18.04,21.97,72,16.9979,11,311,322,11111410.,07AM00.,11,07,1
2011-11-14 08:00:00,4,0,1,2,18.86,22.725,67,12.998,27,425,452,11111410.,08AM00.,11,08,1
2011-11-14 09:00:00,4,0,1,2,19.68,23.485,67,22.0028,29,204,233,11111410.,09AM00.,11,09,1
2011-11-14 10:00:00,4,0,1,2,20.5,24.24,63,19.0012,26,85,111,11111410.,10AM00.,11,10,1
2011-11-14 11:00:00,4,0,1,2,22.14,25.76,60,19.0012,22,106,128,11111410.,11AM00.,11,11,1
2011-11-14 12:00:00,4,0,1,1,22.96,26.515,56,19.9995,36,166,202,11111410.,12PM00.,11,12,1
2011-11-14 13:00:00,4,0,1,1,24.6,31.06,49,26.0027,50,153,203,11111410.,01PM00.,11,13,1
2011-11-14 14:00:00,4,0,1,1,25.42,31.06,46,30.0026,47,138,185,11111410.,02PM00.,11,14,1
2011-11-14 15:00:00,4,0,1,1,26.24,31.06,44,22.0028,53,142,195,11111410.,03PM00.,11,15,1
2011-11-14 16:00:00,4,0,1,1,25.42,31.06,46,27.9993,51,264,315,11111410.,04PM00.,11,16,1
2011-11-14 17:00:00,4,0,1,1,25.42,31.06,46,16.9979,55,464,519,11111410.,05PM00.,11,17,1
2011-11-14 18:00:00,4,0,1,1,22.96,26.515,56,19.0012,29,460,489,11111410.,06PM00.,11,18,1
2011-11-14 19:00:00,4,0,1,1,24.6,31.06,53,19.9995,28,274,302,11111410.,07PM00.,11,19,1
2011-11-14 20:00:00,4,0,1,1,24.6,31.06,53,23.9994,30,210,240,11111410.,08PM00.,11,20,1
2011-11-14 21:00:00,4,0,1,1,24.6,31.06,53,23.9994,37,176,213,11111410.,09PM00.,11,21,1
2011-11-14 22:00:00,4,0,1,1,23.78,27.275,56,23.9994,17,96,113,11111410.,10PM00.,11,22,1
2011-11-14 23:00:00,4,0,1,1,22.96,26.515,64,19.9995,13,48,61,11111410.,11PM00.,11,23,1
2011-11-15 00:00:00,4,0,1,1,22.96,26.515,64,23.9994,7,15,22,11111510.,12AM00.,11,00,2
2011-11-15 01:00:00,4,0,1,1,22.96,26.515,60,19.9995,5,5,10,11111510.,01AM00.,11,01,2
2011-11-15 02:00:00,4,0,1,1,22.96,26.515,64,16.9979,7,8,15,11111510.,02AM00.,11,02,2
2011-11-15 03:00:00,4,0,1,2,22.14,25.76,68,22.0028,0,4,4,11111510.,03AM00.,11,03,2
2011-11-15 04:00:00,4,0,1,1,22.96,26.515,64,19.9995,1,6,7,11111510.,04AM00.,11,04,2
2011-11-15 05:00:00,4,0,1,1,22.14,25.76,68,19.0012,2,26,28,11111510.,05AM00.,11,05,2
2011-11-15 06:00:00,4,0,1,2,22.96,26.515,64,6.0032,4,104,108,11111510.,06AM00.,11,06,2
2011-11-15 07:00:00,4,0,1,2,22.14,25.76,68,11.0014,21,298,319,11111510.,07AM00.,11,07,2
2011-11-15 08:00:00,4,0,1,2,22.14,25.76,68,7.0015,27,453,480,11111510.,08AM00.,11,08,2
2011-11-15 09:00:00,4,0,1,2,22.96,26.515,64,6.0032,26,174,200,11111510.,09AM00.,11,09,2
2011-11-15 10:00:00,4,0,1,2,22.96,26.515,64,19.0012,23,115,138,11111510.,10AM00.,11,10,2
2011-11-15 11:00:00,4,0,1,2,22.96,26.515,64,12.998,18,116,134,11111510.,11AM00.,11,11,2
2011-11-15 12:00:00,4,0,1,2,22.14,25.76,68,0.0,28,148,176,11111510.,12PM00.,11,12,2
2011-11-15 13:00:00,4,0,1,3,22.14,25.76,60,15.0013,21,132,153,11111510.,01PM00.,11,13,2
2011-11-15 14:00:00,4,0,1,2,22.14,25.76,60,19.0012,27,120,147,11111510.,02PM00.,11,14,2
2011-11-15 15:00:00,4,0,1,2,22.14,25.76,60,8.9981,36,155,191,11111510.,03PM00.,11,15,2
2011-11-15 16:00:00,4,0,1,2,21.32,25.0,68,8.9981,31,240,271,11111510.,04PM00.,11,16,2
2011-11-15 17:00:00,4,0,1,2,20.5,24.24,72,12.998,29,422,451,11111510.,05PM00.,11,17,2
2011-11-15 18:00:00,4,0,1,2,20.5,24.24,72,19.0012,27,414,441,11111510.,06PM00.,11,18,2
2011-11-15 19:00:00,4,0,1,2,20.5,24.24,72,23.9994,27,259,286,11111510.,07PM00.,11,19,2
2011-11-15 20:00:00,4,0,1,2,19.68,23.485,82,8.9981,26,212,238,11111510.,08PM00.,11,20,2
2011-11-15 21:00:00,4,0,1,2,20.5,24.24,77,6.0032,23,145,168,11111510.,09PM00.,11,21,2
2011-11-15 22:00:00,4,0,1,2,18.86,22.725,88,7.0015,19,109,128,11111510.,10PM00.,11,22,2
2011-11-15 23:00:00,4,0,1,2,18.86,22.725,94,7.0015,14,66,80,11111510.,11PM00.,11,23,2
2011-11-16 00:00:00,4,0,1,2,18.86,22.725,94,0.0,5,26,31,11111610.,12AM00.,11,00,3
2011-11-16 01:00:00,4,0,1,3,18.86,22.725,94,6.0032,0,5,5,11111610.,01AM00.,11,01,3
2011-11-16 02:00:00,4,0,1,2,18.86,22.725,94,7.0015,4,6,10,11111610.,02AM00.,11,02,3
2011-11-16 03:00:00,4,0,1,2,18.86,22.725,94,7.0015,2,3,5,11111610.,03AM00.,11,03,3
2011-11-16 04:00:00,4,0,1,2,18.04,21.97,100,15.0013,1,3,4,11111610.,04AM00.,11,04,3
2011-11-16 05:00:00,4,0,1,3,18.86,22.725,94,7.0015,0,13,13,11111610.,05AM00.,11,05,3
2011-11-16 06:00:00,4,0,1,2,18.86,22.725,94,6.0032,4,52,56,11111610.,06AM00.,11,06,3
2011-11-16 07:00:00,4,0,1,3,18.86,22.725,94,0.0,7,130,137,11111610.,07AM00.,11,07,3
2011-11-16 08:00:00,4,0,1,3,18.86,22.725,94,0.0,9,223,232,11111610.,08AM00.,11,08,3
2011-11-16 09:00:00,4,0,1,3,18.86,22.725,94,0.0,5,77,82,11111610.,09AM00.,11,09,3
2011-11-16 10:00:00,4,0,1,3,18.86,22.725,94,0.0,4,32,36,11111610.,10AM00.,11,10,3
2011-11-16 11:00:00,4,0,1,3,18.86,22.725,94,6.0032,7,53,60,11111610.,11AM00.,11,11,3
2011-11-16 12:00:00,4,0,1,3,18.86,22.725,100,0.0,5,49,54,11111610.,12PM00.,11,12,3
2011-11-16 13:00:00,4,0,1,3,18.86,22.725,94,8.9981,6,52,58,11111610.,01PM00.,11,13,3
2011-11-16 14:00:00,4,0,1,2,18.86,22.725,100,8.9981,12,49,61,11111610.,02PM00.,11,14,3
2011-11-16 15:00:00,4,0,1,3,19.68,23.485,94,7.0015,16,50,66,11111610.,03PM00.,11,15,3
2011-11-16 16:00:00,4,0,1,3,19.68,23.485,94,7.0015,13,110,123,11111610.,04PM00.,11,16,3
2011-11-16 17:00:00,4,0,1,2,19.68,23.485,88,12.998,17,216,233,11111610.,05PM00.,11,17,3
2011-11-16 18:00:00,4,0,1,3,18.86,22.725,88,26.0027,13,176,189,11111610.,06PM00.,11,18,3
2011-11-16 19:00:00,4,0,1,3,18.86,22.725,88,26.0027,3,108,111,11111610.,07PM00.,11,19,3
2011-11-16 20:00:00,4,0,1,3,18.04,21.97,88,26.0027,5,94,99,11111610.,08PM00.,11,20,3
2011-11-16 21:00:00,4,0,1,3,18.04,21.97,88,19.0012,3,72,75,11111610.,09PM00.,11,21,3
2011-11-16 22:00:00,4,0,1,3,17.22,21.21,88,15.0013,1,45,46,11111610.,10PM00.,11,22,3
2011-11-16 23:00:00,4,0,1,3,17.22,21.21,88,8.9981,3,28,31,11111610.,11PM00.,11,23,3
2011-11-17 00:00:00,4,0,1,2,17.22,21.21,88,16.9979,2,22,24,11111710.,12AM00.,11,00,4
2011-11-17 01:00:00,4,0,1,2,17.22,21.21,82,11.0014,0,5,5,11111710.,01AM00.,11,01,4
2011-11-17 02:00:00,4,0,1,2,17.22,21.21,82,15.0013,0,5,5,11111710.,02AM00.,11,02,4
2011-11-17 03:00:00,4,0,1,2,17.22,21.21,77,22.0028,0,3,3,11111710.,03AM00.,11,03,4
2011-11-17 04:00:00,4,0,1,2,16.4,20.455,62,27.9993,1,3,4,11111710.,04AM00.,11,04,4
2011-11-17 05:00:00,4,0,1,3,13.94,15.15,71,22.0028,1,21,22,11111710.,05AM00.,11,05,4
2011-11-17 06:00:00,4,0,1,3,14.76,17.425,57,15.0013,3,72,75,11111710.,06AM00.,11,06,4
2011-11-17 07:00:00,4,0,1,3,13.94,15.91,61,19.0012,4,164,168,11111710.,07AM00.,11,07,4
2011-11-17 08:00:00,4,0,1,3,13.94,15.15,61,19.9995,12,343,355,11111710.,08AM00.,11,08,4
2011-11-17 09:00:00,4,0,1,2,13.94,15.15,61,22.0028,14,184,198,11111710.,09AM00.,11,09,4
2011-11-17 10:00:00,4,0,1,2,13.94,15.15,61,22.0028,7,74,81,11111710.,10AM00.,11,10,4
2011-11-17 11:00:00,4,0,1,3,13.12,15.15,66,22.0028,4,93,97,11111710.,11AM00.,11,11,4
2011-11-17 12:00:00,4,0,1,2,13.94,15.15,53,19.9995,6,115,121,11111710.,12PM00.,11,12,4
2011-11-17 13:00:00,4,0,1,2,13.94,15.15,49,30.0026,15,109,124,11111710.,01PM00.,11,13,4
2011-11-17 14:00:00,4,0,1,2,13.94,15.15,49,26.0027,5,105,110,11111710.,02PM00.,11,14,4
2011-11-17 15:00:00,4,0,1,2,13.94,15.15,49,30.0026,10,106,116,11111710.,03PM00.,11,15,4
2011-11-17 16:00:00,4,0,1,1,13.12,14.395,39,27.9993,8,187,195,11111710.,04PM00.,11,16,4
2011-11-17 17:00:00,4,0,1,1,13.12,14.395,42,26.0027,20,379,399,11111710.,05PM00.,11,17,4
2011-11-17 18:00:00,4,0,1,1,13.12,15.91,39,12.998,9,298,307,11111710.,06PM00.,11,18,4
2011-11-17 19:00:00,4,0,1,1,12.3,14.395,45,15.0013,7,210,217,11111710.,07PM00.,11,19,4
2011-11-17 20:00:00,4,0,1,1,12.3,14.395,42,19.0012,7,162,169,11111710.,08PM00.,11,20,4
2011-11-17 21:00:00,4,0,1,1,12.3,14.395,42,16.9979,3,113,116,11111710.,09PM00.,11,21,4
2011-11-17 22:00:00,4,0,1,1,10.66,12.12,52,16.9979,1,83,84,11111710.,10PM00.,11,22,4
2011-11-17 23:00:00,4,0,1,1,10.66,12.88,52,15.0013,0,58,58,11111710.,11PM00.,11,23,4
2011-11-18 00:00:00,4,0,1,1,10.66,12.88,48,11.0014,2,28,30,11111810.,12AM00.,11,00,5
2011-11-18 01:00:00,4,0,1,1,10.66,11.365,44,22.0028,0,10,10,11111810.,01AM00.,11,01,5
2011-11-18 02:00:00,4,0,1,1,9.84,11.365,44,15.0013,2,8,10,11111810.,02AM00.,11,02,5
2011-11-18 03:00:00,4,0,1,1,9.84,10.605,41,19.0012,0,2,2,11111810.,03AM00.,11,03,5
2011-11-18 04:00:00,4,0,1,1,9.02,11.365,44,11.0014,0,5,5,11111810.,04AM00.,11,04,5
2011-11-18 05:00:00,4,0,1,1,9.02,11.365,44,8.9981,0,22,22,11111810.,05AM00.,11,05,5
2011-11-18 06:00:00,4,0,1,1,9.02,12.88,44,6.0032,1,70,71,11111810.,06AM00.,11,06,5
2011-11-18 07:00:00,4,0,1,1,9.02,11.365,44,11.0014,5,211,216,11111810.,07AM00.,11,07,5
2011-11-18 08:00:00,4,0,1,1,9.02,11.365,44,12.998,6,369,375,11111810.,08AM00.,11,08,5
2011-11-18 09:00:00,4,0,1,1,10.66,12.88,41,12.998,6,207,213,11111810.,09AM00.,11,09,5
2011-11-18 10:00:00,4,0,1,1,10.66,12.12,41,19.0012,10,105,115,11111810.,10AM00.,11,10,5
2011-11-18 11:00:00,4,0,1,1,12.3,15.15,36,8.9981,18,122,140,11111810.,11AM00.,11,11,5
2011-11-18 12:00:00,4,0,1,1,13.12,16.665,33,0.0,22,143,165,11111810.,12PM00.,11,12,5
2011-11-18 13:00:00,4,0,1,1,13.94,15.91,31,15.0013,31,146,177,11111810.,01PM00.,11,13,5
2011-11-18 14:00:00,4,0,1,1,13.94,16.665,31,8.9981,31,123,154,11111810.,02PM00.,11,14,5
2011-11-18 15:00:00,4,0,1,1,13.94,16.665,29,8.9981,27,151,178,11111810.,03PM00.,11,15,5
2011-11-18 16:00:00,4,0,1,1,13.94,16.665,29,8.9981,19,190,209,11111810.,04PM00.,11,16,5
2011-11-18 17:00:00,4,0,1,1,13.12,16.665,31,8.9981,17,361,378,11111810.,05PM00.,11,17,5
2011-11-18 18:00:00,4,0,1,1,12.3,15.15,36,11.0014,16,312,328,11111810.,06PM00.,11,18,5
2011-11-18 19:00:00,4,0,1,1,11.48,13.635,41,11.0014,7,183,190,11111810.,07PM00.,11,19,5
2011-11-18 20:00:00,4,0,1,1,11.48,13.635,48,12.998,8,129,137,11111810.,08PM00.,11,20,5
2011-11-18 21:00:00,4,0,1,1,11.48,13.635,48,11.0014,3,108,111,11111810.,09PM00.,11,21,5
2011-11-18 22:00:00,4,0,1,1,10.66,13.635,52,7.0015,9,88,97,11111810.,10PM00.,11,22,5
2011-11-18 23:00:00,4,0,1,1,10.66,13.635,60,8.9981,5,54,59,11111810.,11PM00.,11,23,5
2011-11-19 00:00:00,4,0,0,1,10.66,12.88,56,12.998,4,49,53,11111910.,12AM00.,11,00,6
2011-11-19 01:00:00,4,0,0,1,10.66,11.365,52,19.9995,1,34,35,11111910.,01AM00.,11,01,6
2011-11-19 02:00:00,4,0,0,1,9.84,12.12,56,11.0014,12,34,46,11111910.,02AM00.,11,02,6
2011-11-19 03:00:00,4,0,0,1,10.66,12.12,48,16.9979,4,11,15,11111910.,03AM00.,11,03,6
2011-11-19 04:00:00,4,0,0,1,10.66,11.365,48,22.0028,4,4,8,11111910.,04AM00.,11,04,6
2011-11-19 05:00:00,4,0,0,1,9.84,11.365,56,16.9979,0,2,2,11111910.,05AM00.,11,05,6
2011-11-19 06:00:00,4,0,0,1,9.84,10.605,60,22.0028,2,10,12,11111910.,06AM00.,11,06,6
2011-11-19 07:00:00,4,0,0,1,9.84,11.365,60,16.9979,3,38,41,11111910.,07AM00.,11,07,6
2011-11-19 08:00:00,4,0,0,1,10.66,12.12,56,16.9979,12,80,92,11111910.,08AM00.,11,08,6
2011-11-19 09:00:00,4,0,0,1,11.48,12.88,52,19.9995,12,130,142,11111910.,09AM00.,11,09,6
2011-11-19 10:00:00,4,0,0,1,13.12,15.15,45,16.9979,35,165,200,11111910.,10AM00.,11,10,6
2011-11-19 11:00:00,4,0,0,1,14.76,18.94,40,0.0,50,183,233,11111910.,11AM00.,11,11,6
2011-11-19 12:00:00,4,0,0,1,16.4,20.455,35,19.0012,93,218,311,11111910.,12PM00.,11,12,6
2011-11-19 13:00:00,4,0,0,1,17.22,21.21,30,19.0012,118,245,363,11111910.,01PM00.,11,13,6
2011-11-19 14:00:00,4,0,0,1,17.22,21.21,32,19.9995,121,228,349,11111910.,02PM00.,11,14,6
2011-11-19 15:00:00,4,0,0,1,17.22,21.21,41,12.998,120,262,382,11111910.,03PM00.,11,15,6
2011-11-19 16:00:00,4,0,0,1,17.22,21.21,38,19.9995,99,188,287,11111910.,04PM00.,11,16,6
2011-11-19 17:00:00,4,0,0,1,16.4,20.455,40,12.998,61,171,232,11111910.,05PM00.,11,17,6
2011-11-19 18:00:00,4,0,0,1,15.58,19.695,46,8.9981,36,172,208,11111910.,06PM00.,11,18,6
2011-11-19 19:00:00,4,0,0,2,13.94,16.665,71,8.9981,33,149,182,11111910.,07PM00.,11,19,6
2011-11-19 20:00:00,4,0,0,2,14.76,18.18,57,7.0015,48,115,163,11111910.,08PM00.,11,20,6
2011-11-19 21:00:00,4,0,0,2,14.76,17.425,62,12.998,29,79,108,11111910.,09PM00.,11,21,6
2011-11-19 22:00:00,4,0,0,2,15.58,19.695,62,11.0014,26,80,106,11111910.,10PM00.,11,22,6
2011-11-19 23:00:00,4,0,0,1,15.58,19.695,62,15.0013,20,73,93,11111910.,11PM00.,11,23,6
2011-12-01 00:00:00,4,0,1,1,11.48,12.88,52,22.0028,1,19,20,11120110.,12AM00.,12,00,4
2011-12-01 01:00:00,4,0,1,1,10.66,12.12,60,19.0012,1,9,10,11120110.,01AM00.,12,01,4
2011-12-01 02:00:00,4,0,1,1,10.66,11.365,56,19.9995,1,8,9,11120110.,02AM00.,12,02,4
2011-12-01 03:00:00,4,0,1,1,10.66,12.12,56,16.9979,1,6,7,11120110.,03AM00.,12,03,4
2011-12-01 04:00:00,4,0,1,1,10.66,12.12,56,19.0012,0,1,1,11120110.,04AM00.,12,04,4
2011-12-01 05:00:00,4,0,1,1,10.66,12.12,56,16.9979,1,23,24,11120110.,05AM00.,12,05,4
2011-12-01 06:00:00,4,0,1,1,9.84,10.605,65,19.0012,5,92,97,11120110.,06AM00.,12,06,4
2011-12-01 07:00:00,4,0,1,1,9.84,10.605,65,23.9994,11,265,276,11120110.,07AM00.,12,07,4
2011-12-01 08:00:00,4,0,1,1,10.66,11.365,60,22.0028,15,462,477,11120110.,08AM00.,12,08,4
2011-12-01 09:00:00,4,0,1,1,12.3,13.635,52,22.0028,9,215,224,11120110.,09AM00.,12,09,4
2011-12-01 10:00:00,4,0,1,1,13.12,15.15,53,19.9995,7,86,93,11120110.,10AM00.,12,10,4
2011-12-01 11:00:00,4,0,1,1,13.94,15.91,49,16.9979,7,95,102,11120110.,11AM00.,12,11,4
2011-12-01 12:00:00,4,0,1,1,14.76,17.425,46,15.0013,9,139,148,11120110.,12PM00.,12,12,4
2011-12-01 13:00:00,4,0,1,1,16.4,20.455,40,15.0013,17,137,154,11120110.,01PM00.,12,13,4
2011-12-01 14:00:00,4,0,1,1,16.4,20.455,40,15.0013,20,130,150,11120110.,02PM00.,12,14,4
2011-12-01 15:00:00,4,0,1,1,16.4,20.455,40,15.0013,10,144,154,11120110.,03PM00.,12,15,4
2011-12-01 16:00:00,4,0,1,1,16.4,20.455,40,12.998,9,192,201,11120110.,04PM00.,12,16,4
2011-12-01 17:00:00,4,0,1,1,14.76,17.425,46,8.9981,9,409,418,11120110.,05PM00.,12,17,4
2011-12-01 18:00:00,4,0,1,1,14.76,18.18,43,7.0015,12,393,405,11120110.,06PM00.,12,18,4
2011-12-01 19:00:00,4,0,1,1,13.94,17.425,46,7.0015,9,219,228,11120110.,07PM00.,12,19,4
2011-12-01 20:00:00,4,0,1,1,13.94,17.425,46,7.0015,12,178,190,11120110.,08PM00.,12,20,4
2011-12-01 21:00:00,4,0,1,1,12.3,15.91,61,7.0015,8,154,162,11120110.,09PM00.,12,21,4
2011-12-01 22:00:00,4,0,1,1,12.3,16.665,61,0.0,5,99,104,11120110.,10PM00.,12,22,4
2011-12-01 23:00:00,4,0,1,1,10.66,14.395,70,6.0032,3,70,73,11120110.,11PM00.,12,23,4
2011-12-02 00:00:00,4,0,1,1,10.66,14.395,70,6.0032,6,32,38,11120210.,12AM00.,12,00,5
2011-12-02 01:00:00,4,0,1,1,9.84,14.395,75,0.0,1,14,15,11120210.,01AM00.,12,01,5
2011-12-02 02:00:00,4,0,1,1,9.84,14.395,75,0.0,0,10,10,11120210.,02AM00.,12,02,5
2011-12-02 03:00:00,4,0,1,1,9.02,13.635,80,0.0,0,1,1,11120210.,03AM00.,12,03,5
2011-12-02 04:00:00,4,0,1,1,9.02,13.635,80,0.0,0,3,3,11120210.,04AM00.,12,04,5
2011-12-02 05:00:00,4,0,1,1,9.02,12.88,80,6.0032,0,23,23,11120210.,05AM00.,12,05,5
2011-12-02 06:00:00,4,0,1,1,9.02,13.635,80,0.0,3,84,87,11120210.,06AM00.,12,06,5
2011-12-02 07:00:00,4,0,1,1,9.02,12.88,87,6.0032,6,199,205,11120210.,07AM00.,12,07,5
2011-12-02 08:00:00,4,0,1,1,9.84,14.395,87,0.0,13,432,445,11120210.,08AM00.,12,08,5
2011-12-02 09:00:00,4,0,1,1,11.48,15.91,81,0.0,12,234,246,11120210.,09AM00.,12,09,5
2011-12-02 10:00:00,4,0,1,1,12.3,14.395,75,15.0013,16,89,105,11120210.,10AM00.,12,10,5
2011-12-02 11:00:00,4,0,1,1,13.94,16.665,66,11.0014,18,142,160,11120210.,11AM00.,12,11,5
2011-12-02 12:00:00,4,0,1,1,14.76,17.425,57,8.9981,18,186,204,11120210.,12PM00.,12,12,5
2011-12-02 13:00:00,4,0,1,1,16.4,20.455,47,8.9981,19,188,207,11120210.,01PM00.,12,13,5
2011-12-02 14:00:00,4,0,1,1,17.22,21.21,44,7.0015,25,145,170,11120210.,02PM00.,12,14,5
2011-12-02 15:00:00,4,0,1,1,17.22,21.21,41,6.0032,24,175,199,11120210.,03PM00.,12,15,5
2011-12-02 16:00:00,4,0,1,1,17.22,21.21,41,6.0032,22,254,276,11120210.,04PM00.,12,16,5
2011-12-02 17:00:00,4,0,1,1,17.22,21.21,38,0.0,20,391,411,11120210.,05PM00.,12,17,5
2011-12-02 18:00:00,4,0,1,1,16.4,20.455,50,0.0,10,362,372,11120210.,06PM00.,12,18,5
2011-12-02 19:00:00,4,0,1,1,13.94,15.91,53,16.9979,13,252,265,11120210.,07PM00.,12,19,5
2011-12-02 20:00:00,4,0,1,1,15.58,19.695,40,19.0012,12,178,190,11120210.,08PM00.,12,20,5
2011-12-02 21:00:00,4,0,1,1,13.94,16.665,49,12.998,9,102,111,11120210.,09PM00.,12,21,5
2011-12-02 22:00:00,4,0,1,1,13.12,15.91,53,12.998,7,95,102,11120210.,10PM00.,12,22,5
2011-12-02 23:00:00,4,0,1,1,13.12,15.15,53,19.0012,14,81,95,11120210.,11PM00.,12,23,5
2011-12-03 00:00:00,4,0,0,1,12.3,14.395,56,16.9979,10,65,75,11120310.,12AM00.,12,00,6
2011-12-03 01:00:00,4,0,0,1,10.66,12.88,65,12.998,9,62,71,11120310.,01AM00.,12,01,6
2011-12-03 02:00:00,4,0,0,1,10.66,12.88,65,11.0014,9,41,50,11120310.,02AM00.,12,02,6
2011-12-03 03:00:00,4,0,0,1,9.84,12.12,70,8.9981,4,5,9,11120310.,03AM00.,12,03,6
2011-12-03 04:00:00,4,0,0,1,9.02,11.365,75,8.9981,1,7,8,11120310.,04AM00.,12,04,6
2011-12-03 05:00:00,4,0,0,1,9.84,12.88,70,6.0032,0,6,6,11120310.,05AM00.,12,05,6
2011-12-03 06:00:00,4,0,0,1,9.84,12.88,65,7.0015,1,10,11,11120310.,06AM00.,12,06,6
2011-12-03 07:00:00,4,0,0,1,9.02,12.88,75,6.0032,2,24,26,11120310.,07AM00.,12,07,6
2011-12-03 08:00:00,4,0,0,1,9.84,12.88,75,6.0032,1,62,63,11120310.,08AM00.,12,08,6
2011-12-03 09:00:00,4,0,0,1,10.66,13.635,70,7.0015,25,99,124,11120310.,09AM00.,12,09,6
2011-12-03 10:00:00,4,0,0,1,13.12,16.665,61,8.9981,22,173,195,11120310.,10AM00.,12,10,6
2011-12-03 11:00:00,4,0,0,1,13.12,16.665,57,6.0032,48,227,275,11120310.,11AM00.,12,11,6
2011-12-03 12:00:00,4,0,0,1,14.76,18.94,50,0.0,78,280,358,11120310.,12PM00.,12,12,6
2011-12-03 13:00:00,4,0,0,1,14.76,18.18,50,6.0032,70,222,292,11120310.,01PM00.,12,13,6
2011-12-03 14:00:00,4,0,0,1,14.76,18.94,46,0.0,92,251,343,11120310.,02PM00.,12,14,6
2011-12-03 15:00:00,4,0,0,1,15.58,19.695,46,0.0,100,237,337,11120310.,03PM00.,12,15,6
2011-12-03 16:00:00,4,0,0,1,15.58,19.695,46,0.0,75,230,305,11120310.,04PM00.,12,16,6
2011-12-03 17:00:00,4,0,0,1,14.76,18.94,62,0.0,46,186,232,11120310.,05PM00.,12,17,6
2011-12-03 18:00:00,4,0,0,1,13.94,16.665,53,8.9981,31,193,224,11120310.,06PM00.,12,18,6
2011-12-03 19:00:00,4,0,0,1,12.3,15.91,61,6.0032,31,144,175,11120310.,07PM00.,12,19,6
2011-12-03 20:00:00,4,0,0,1,12.3,15.91,61,6.0032,17,110,127,11120310.,08PM00.,12,20,6
2011-12-03 21:00:00,4,0,0,2,12.3,15.91,61,6.0032,5,104,109,11120310.,09PM00.,12,21,6
2011-12-03 22:00:00,4,0,0,2,13.12,16.665,61,6.0032,17,97,114,11120310.,10PM00.,12,22,6
2011-12-03 23:00:00,4,0,0,1,12.3,15.15,70,8.9981,12,73,85,11120310.,11PM00.,12,23,6
2011-12-04 00:00:00,4,0,0,1,12.3,15.91,70,7.0015,19,64,83,11120410.,12AM00.,12,00,7
2011-12-04 01:00:00,4,0,0,1,12.3,15.91,75,6.0032,20,54,74,11120410.,01AM00.,12,01,7
2011-12-04 02:00:00,4,0,0,1,10.66,15.15,81,0.0,11,51,62,11120410.,02AM00.,12,02,7
2011-12-04 03:00:00,4,0,0,1,11.48,15.91,75,0.0,7,34,41,11120410.,03AM00.,12,03,7
2011-12-04 04:00:00,4,0,0,1,10.66,15.15,87,0.0,2,9,11,11120410.,04AM00.,12,04,7
2011-12-04 05:00:00,4,0,0,1,10.66,15.15,81,0.0,2,2,4,11120410.,05AM00.,12,05,7
2011-12-04 06:00:00,4,0,0,1,9.84,14.395,93,0.0,1,3,4,11120410.,06AM00.,12,06,7
2011-12-04 07:00:00,4,0,0,1,10.66,15.15,87,0.0,3,23,26,11120410.,07AM00.,12,07,7
2011-12-04 08:00:00,4,0,0,1,10.66,15.15,87,0.0,7,48,55,11120410.,08AM00.,12,08,7
2011-12-04 09:00:00,4,0,0,1,12.3,16.665,81,0.0,12,114,126,11120410.,09AM00.,12,09,7
2011-12-04 10:00:00,4,0,0,1,13.12,16.665,81,8.9981,36,180,216,11120410.,10AM00.,12,10,7
2011-12-04 11:00:00,4,0,0,1,13.94,16.665,81,11.0014,48,206,254,11120410.,11AM00.,12,11,7
2011-12-04 12:00:00,4,0,0,1,14.76,17.425,81,11.0014,82,247,329,11120410.,12PM00.,12,12,7
2011-12-04 13:00:00,4,0,0,1,16.4,20.455,66,15.0013,88,269,357,11120410.,01PM00.,12,13,7
2011-12-04 14:00:00,4,0,0,1,17.22,21.21,62,8.9981,77,246,323,11120410.,02PM00.,12,14,7
2011-12-04 15:00:00,4,0,0,1,17.22,21.21,62,12.998,69,227,296,11120410.,03PM00.,12,15,7
2011-12-04 16:00:00,4,0,0,1,17.22,21.21,58,15.0013,64,266,330,11120410.,04PM00.,12,16,7
2011-12-04 17:00:00,4,0,0,1,15.58,19.695,76,8.9981,38,207,245,11120410.,05PM00.,12,17,7
2011-12-04 18:00:00,4,0,0,1,15.58,19.695,71,0.0,10,161,171,11120410.,06PM00.,12,18,7
2011-12-04 19:00:00,4,0,0,1,15.58,19.695,76,0.0,15,158,173,11120410.,07PM00.,12,19,7
2011-12-04 20:00:00,4,0,0,1,14.76,17.425,76,8.9981,8,116,124,11120410.,08PM00.,12,20,7
2011-12-04 21:00:00,4,0,0,1,14.76,18.18,81,7.0015,7,65,72,11120410.,09PM00.,12,21,7
2011-12-04 22:00:00,4,0,0,1,13.94,17.425,87,7.0015,5,59,64,11120410.,10PM00.,12,22,7
2011-12-04 23:00:00,4,0,0,1,13.94,17.425,87,7.0015,3,42,45,11120410.,11PM00.,12,23,7
2011-12-05 00:00:00,4,0,1,1,13.12,16.665,87,6.0032,3,21,24,11120510.,12AM00.,12,00,1
2011-12-05 01:00:00,4,0,1,1,13.12,17.425,87,0.0,2,10,12,11120510.,01AM00.,12,01,1
2011-12-05 02:00:00,4,0,1,1,13.12,17.425,87,0.0,0,8,8,11120510.,02AM00.,12,02,1
2011-12-05 03:00:00,4,0,1,1,13.12,17.425,87,0.0,0,2,2,11120510.,03AM00.,12,03,1
2011-12-05 04:00:00,4,0,1,1,12.3,15.91,87,7.0015,0,7,7,11120510.,04AM00.,12,04,1
2011-12-05 05:00:00,4,0,1,1,12.3,15.91,87,7.0015,1,24,25,11120510.,05AM00.,12,05,1
2011-12-05 06:00:00,4,0,1,1,12.3,15.91,93,6.0032,1,89,90,11120510.,06AM00.,12,06,1
2011-12-05 07:00:00,4,0,1,1,13.12,17.425,90,0.0,9,274,283,11120510.,07AM00.,12,07,1
2011-12-05 08:00:00,4,0,1,1,13.12,17.425,93,0.0,12,392,404,11120510.,08AM00.,12,08,1
2011-12-05 09:00:00,4,0,1,2,14.76,18.18,87,6.0032,12,178,190,11120510.,09AM00.,12,09,1
2011-12-05 10:00:00,4,0,1,2,14.76,18.18,87,6.0032,9,78,87,11120510.,10AM00.,12,10,1
2011-12-05 11:00:00,4,0,1,2,14.76,18.18,87,6.0032,17,106,123,11120510.,11AM00.,12,11,1
2011-12-05 12:00:00,4,0,1,2,16.4,20.455,76,7.0015,29,125,154,11120510.,12PM00.,12,12,1
2011-12-05 13:00:00,4,0,1,2,17.22,21.21,71,6.0032,18,153,171,11120510.,01PM00.,12,13,1
2011-12-05 14:00:00,4,0,1,2,18.86,22.725,67,0.0,7,126,133,11120510.,02PM00.,12,14,1
2011-12-05 15:00:00,4,0,1,2,18.86,22.725,72,6.0032,16,132,148,11120510.,03PM00.,12,15,1
2011-12-05 16:00:00,4,0,1,1,20.5,24.24,63,6.0032,10,238,248,11120510.,04PM00.,12,16,1
2011-12-05 17:00:00,4,0,1,1,17.22,21.21,77,0.0,16,430,446,11120510.,05PM00.,12,17,1
2011-12-05 18:00:00,4,0,1,1,18.04,21.97,77,0.0,13,386,399,11120510.,06PM00.,12,18,1
2011-12-05 19:00:00,4,0,1,2,18.86,22.725,77,0.0,13,295,308,11120510.,07PM00.,12,19,1
2011-12-05 20:00:00,4,0,1,2,18.86,22.725,82,7.0015,15,190,205,11120510.,08PM00.,12,20,1
2011-12-05 21:00:00,4,0,1,2,18.04,21.97,88,6.0032,10,166,176,11120510.,09PM00.,12,21,1
2011-12-05 22:00:00,4,0,1,2,18.04,21.97,88,8.9981,12,94,106,11120510.,10PM00.,12,22,1
2011-12-05 23:00:00,4,0,1,2,18.86,22.725,88,8.9981,8,54,62,11120510.,11PM00.,12,23,1
2011-12-06 00:00:00,4,0,1,2,20.5,24.24,77,19.9995,3,25,28,11120610.,12AM00.,12,00,2
2011-12-06 01:00:00,4,0,1,2,18.86,22.725,88,19.9995,2,14,16,11120610.,01AM00.,12,01,2
2011-12-06 02:00:00,4,0,1,2,18.86,22.725,87,12.998,0,3,3,11120610.,02AM00.,12,02,2
2011-12-06 03:00:00,4,0,1,2,18.86,22.725,87,12.998,0,3,3,11120610.,03AM00.,12,03,2
2011-12-06 04:00:00,4,0,1,3,18.86,22.725,88,15.0013,0,7,7,11120610.,04AM00.,12,04,2
2011-12-06 05:00:00,4,0,1,3,18.86,22.725,88,15.0013,0,20,20,11120610.,05AM00.,12,05,2
2011-12-06 06:00:00,4,0,1,2,18.04,21.97,94,19.0012,5,81,86,11120610.,06AM00.,12,06,2
2011-12-06 07:00:00,4,0,1,2,18.86,22.725,94,12.998,7,227,234,11120610.,07AM00.,12,07,2
2011-12-06 08:00:00,4,0,1,2,18.86,22.725,94,12.998,13,401,414,11120610.,08AM00.,12,08,2
2011-12-06 09:00:00,4,0,1,2,18.86,22.725,94,15.0013,4,200,204,11120610.,09AM00.,12,09,2
2011-12-06 10:00:00,4,0,1,3,18.86,22.725,94,19.0012,6,44,50,11120610.,10AM00.,12,10,2
2011-12-06 11:00:00,4,0,1,3,18.86,22.725,94,16.9979,4,28,32,11120610.,11AM00.,12,11,2
2011-12-06 12:00:00,4,0,1,3,18.86,22.725,100,15.0013,5,50,55,11120610.,12PM00.,12,12,2
2011-12-06 13:00:00,4,0,1,3,18.86,22.725,100,12.998,6,65,71,11120610.,01PM00.,12,13,2
2011-12-06 14:00:00,4,0,1,3,19.68,23.485,100,15.0013,6,69,75,11120610.,02PM00.,12,14,2
2011-12-06 15:00:00,4,0,1,3,20.5,24.24,100,12.998,2,43,45,11120610.,03PM00.,12,15,2
2011-12-06 16:00:00,4,0,1,3,18.86,22.725,100,16.9979,4,84,88,11120610.,04PM00.,12,16,2
2011-12-06 17:00:00,4,0,1,2,18.86,22.725,100,15.0013,13,249,262,11120610.,05PM00.,12,17,2
2011-12-06 18:00:00,4,0,1,2,18.86,22.725,100,19.0012,17,287,304,11120610.,06PM00.,12,18,2
2011-12-06 19:00:00,4,0,1,3,18.86,22.725,100,19.9995,10,223,233,11120610.,07PM00.,12,19,2
2011-12-06 20:00:00,4,0,1,3,18.86,22.725,100,19.9995,3,107,110,11120610.,08PM00.,12,20,2
2011-12-06 21:00:00,4,0,1,2,18.04,21.97,100,12.998,6,108,114,11120610.,09PM00.,12,21,2
2011-12-06 22:00:00,4,0,1,3,18.86,22.725,100,11.0014,5,82,87,11120610.,10PM00.,12,22,2
2011-12-06 23:00:00,4,0,1,3,18.86,22.725,100,11.0014,5,48,53,11120610.,11PM00.,12,23,2
2011-12-07 00:00:00,4,0,1,1,18.04,21.97,100,12.998,3,30,33,11120710.,12AM00.,12,00,3
2011-12-07 01:00:00,4,0,1,2,18.86,22.725,100,16.9979,4,9,13,11120710.,01AM00.,12,01,3
2011-12-07 02:00:00,4,0,1,3,18.86,22.725,100,15.0013,2,4,6,11120710.,02AM00.,12,02,3
2011-12-07 03:00:00,4,0,1,3,18.86,22.725,100,15.0013,0,3,3,11120710.,03AM00.,12,03,3
2011-12-07 04:00:00,4,0,1,3,18.86,22.725,100,11.0014,0,1,1,11120710.,04AM00.,12,04,3
2011-12-07 05:00:00,4,0,1,3,18.86,22.725,100,11.0014,0,3,3,11120710.,05AM00.,12,05,3
2011-12-07 06:00:00,4,0,1,3,19.68,23.485,100,27.9993,0,18,18,11120710.,06AM00.,12,06,3
2011-12-07 07:00:00,4,0,1,3,18.04,21.97,100,7.0015,3,43,46,11120710.,07AM00.,12,07,3
2011-12-07 08:00:00,4,0,1,3,18.04,21.97,100,0.0,6,80,86,11120710.,08AM00.,12,08,3
2011-12-07 09:00:00,4,0,1,3,18.04,21.97,100,16.9979,0,64,64,11120710.,09AM00.,12,09,3
2011-12-07 10:00:00,4,0,1,3,18.04,21.97,100,6.0032,1,32,33,11120710.,10AM00.,12,10,3
2011-12-07 11:00:00,4,0,1,3,18.04,21.97,100,6.0032,3,47,50,11120710.,11AM00.,12,11,3
2011-12-07 12:00:00,4,0,1,3,18.04,21.97,100,8.9981,4,29,33,11120710.,12PM00.,12,12,3
2011-12-07 13:00:00,4,0,1,3,18.04,21.97,100,12.998,5,28,33,11120710.,01PM00.,12,13,3
2011-12-07 14:00:00,4,0,1,3,18.04,21.97,100,12.998,1,24,25,11120710.,02PM00.,12,14,3
2011-12-07 15:00:00,4,0,1,3,17.22,21.21,94,15.0013,5,25,30,11120710.,03PM00.,12,15,3
2011-12-07 16:00:00,4,0,1,3,17.22,21.21,94,12.998,3,28,31,11120710.,04PM00.,12,16,3
2011-12-07 17:00:00,4,0,1,3,16.4,20.455,100,22.0028,4,48,52,11120710.,05PM00.,12,17,3
2011-12-07 18:00:00,4,0,1,3,16.4,20.455,94,19.9995,3,48,51,11120710.,06PM00.,12,18,3
2011-12-07 19:00:00,4,0,1,3,13.94,14.395,87,43.0006,2,31,33,11120710.,07PM00.,12,19,3
2011-12-07 20:00:00,4,0,1,3,13.94,14.395,87,43.0006,1,25,26,11120710.,08PM00.,12,20,3
2011-12-07 21:00:00,4,0,1,3,12.3,12.88,87,35.0008,0,6,6,11120710.,09PM00.,12,21,3
2011-12-07 22:00:00,4,0,1,3,9.84,9.85,93,30.0026,0,13,13,11120710.,10PM00.,12,22,3
2011-12-07 23:00:00,4,0,1,1,9.84,10.605,93,26.0027,0,16,16,11120710.,11PM00.,12,23,3
2011-12-08 00:00:00,4,0,1,2,10.66,11.365,87,19.9995,0,21,21,11120810.,12AM00.,12,00,4
2011-12-08 01:00:00,4,0,1,1,10.66,11.365,81,23.9994,1,6,7,11120810.,01AM00.,12,01,4
2011-12-08 02:00:00,4,0,1,1,11.48,13.635,65,15.0013,0,4,4,11120810.,02AM00.,12,02,4
2011-12-08 03:00:00,4,0,1,1,10.66,11.365,60,19.9995,0,1,1,11120810.,03AM00.,12,03,4
2011-12-08 04:00:00,4,0,1,2,9.84,9.85,60,31.0009,0,2,2,11120810.,04AM00.,12,04,4
2011-12-08 05:00:00,4,0,1,1,9.02,10.605,64,15.0013,0,12,12,11120810.,05AM00.,12,05,4
2011-12-08 06:00:00,4,0,1,1,9.02,10.605,55,19.0012,0,71,71,11120810.,06AM00.,12,06,4
2011-12-08 07:00:00,4,0,1,1,9.02,10.605,60,15.0013,11,233,244,11120810.,07AM00.,12,07,4
2011-12-08 08:00:00,4,0,1,1,9.02,10.605,55,19.0012,11,418,429,11120810.,08AM00.,12,08,4
2011-12-08 09:00:00,4,0,1,1,9.84,10.605,52,26.0027,7,218,225,11120810.,09AM00.,12,09,4
2011-12-08 10:00:00,4,0,1,1,10.66,11.365,52,22.0028,1,109,110,11120810.,10AM00.,12,10,4
2011-12-08 11:00:00,4,0,1,1,11.48,13.635,52,16.9979,6,100,106,11120810.,11AM00.,12,11,4
2011-12-08 12:00:00,4,0,1,1,11.48,12.88,52,22.0028,8,148,156,11120810.,12PM00.,12,12,4
2011-12-08 13:00:00,4,0,1,1,12.3,13.635,49,23.9994,9,115,124,11120810.,01PM00.,12,13,4
2011-12-08 14:00:00,4,0,1,1,13.12,15.15,45,16.9979,16,121,137,11120810.,02PM00.,12,14,4
2011-12-08 15:00:00,4,0,1,1,13.12,16.665,45,8.9981,19,98,117,11120810.,03PM00.,12,15,4
2011-12-08 16:00:00,4,0,1,1,13.12,15.91,45,12.998,7,201,208,11120810.,04PM00.,12,16,4
2011-12-08 17:00:00,4,0,1,1,12.3,15.91,49,7.0015,10,321,331,11120810.,05PM00.,12,17,4
2011-12-08 18:00:00,4,0,1,1,11.48,13.635,52,15.0013,12,306,318,11120810.,06PM00.,12,18,4
2011-12-08 19:00:00,4,0,1,1,10.66,13.635,56,7.0015,12,220,232,11120810.,07PM00.,12,19,4
2011-12-08 20:00:00,4,0,1,1,10.66,13.635,60,7.0015,5,170,175,11120810.,08PM00.,12,20,4
2011-12-08 21:00:00,4,0,1,1,11.48,15.15,61,6.0032,4,135,139,11120810.,09PM00.,12,21,4
2011-12-08 22:00:00,4,0,1,1,10.66,13.635,65,8.9981,8,84,92,11120810.,10PM00.,12,22,4
2011-12-08 23:00:00,4,0,1,1,9.84,12.88,70,7.0015,3,58,61,11120810.,11PM00.,12,23,4
2011-12-09 00:00:00,4,0,1,1,9.84,14.395,65,0.0,8,26,34,11120910.,12AM00.,12,00,5
2011-12-09 01:00:00,4,0,1,1,9.84,14.395,65,0.0,2,12,14,11120910.,01AM00.,12,01,5
2011-12-09 02:00:00,4,0,1,1,9.84,14.395,70,0.0,2,10,12,11120910.,02AM00.,12,02,5
2011-12-09 03:00:00,4,0,1,1,9.02,13.635,80,0.0,1,5,6,11120910.,03AM00.,12,03,5
2011-12-09 04:00:00,4,0,1,1,9.02,13.635,80,0.0,1,1,2,11120910.,04AM00.,12,04,5
2011-12-09 05:00:00,4,0,1,1,9.02,13.635,80,0.0,0,20,20,11120910.,05AM00.,12,05,5
2011-12-09 06:00:00,4,0,1,1,9.02,12.88,80,6.0032,1,62,63,11120910.,06AM00.,12,06,5
2011-12-09 07:00:00,4,0,1,1,9.02,12.88,75,6.0032,4,195,199,11120910.,07AM00.,12,07,5
2011-12-09 08:00:00,4,0,1,1,9.84,14.395,81,0.0,7,378,385,11120910.,08AM00.,12,08,5
2011-12-09 09:00:00,4,0,1,1,10.66,14.395,81,6.0032,8,256,264,11120910.,09AM00.,12,09,5
2011-12-09 10:00:00,4,0,1,2,12.3,15.15,70,11.0014,11,115,126,11120910.,10AM00.,12,10,5
2011-12-09 11:00:00,4,0,1,1,13.12,15.15,70,16.9979,15,121,136,11120910.,11AM00.,12,11,5
2011-12-09 12:00:00,4,0,1,1,14.76,16.665,57,19.9995,27,146,173,11120910.,12PM00.,12,12,5
2011-12-09 13:00:00,4,0,1,1,15.58,19.695,50,12.998,27,141,168,11120910.,01PM00.,12,13,5
2011-12-09 14:00:00,4,0,1,1,15.58,19.695,46,19.0012,24,163,187,11120910.,02PM00.,12,14,5
2011-12-09 15:00:00,4,0,1,1,15.58,19.695,46,19.0012,29,160,189,11120910.,03PM00.,12,15,5
2011-12-09 16:00:00,4,0,1,1,14.76,17.425,62,8.9981,24,226,250,11120910.,04PM00.,12,16,5
2011-12-09 17:00:00,4,0,1,1,13.94,17.425,66,7.0015,10,352,362,11120910.,05PM00.,12,17,5
2011-12-09 18:00:00,4,0,1,1,13.94,18.18,61,0.0,10,308,318,11120910.,06PM00.,12,18,5
2011-12-09 19:00:00,4,0,1,1,13.94,18.18,61,0.0,10,189,199,11120910.,07PM00.,12,19,5
2011-12-09 20:00:00,4,0,1,1,12.3,16.665,81,0.0,10,140,150,11120910.,08PM00.,12,20,5
2011-12-09 21:00:00,4,0,1,1,12.3,16.665,75,0.0,9,131,140,11120910.,09PM00.,12,21,5
2011-12-09 22:00:00,4,0,1,1,11.48,15.91,87,0.0,15,114,129,11120910.,10PM00.,12,22,5
2011-12-09 23:00:00,4,0,1,1,11.48,15.91,81,0.0,6,88,94,11120910.,11PM00.,12,23,5
2011-12-10 00:00:00,4,0,0,2,10.66,13.635,81,7.0015,11,66,77,11121010.,12AM00.,12,00,6
2011-12-10 01:00:00,4,0,0,2,10.66,12.88,70,11.0014,11,55,66,11121010.,01AM00.,12,01,6
2011-12-10 02:00:00,4,0,0,2,11.48,15.15,61,6.0032,12,48,60,11121010.,02AM00.,12,02,6
2011-12-10 03:00:00,4,0,0,2,11.48,15.15,61,6.0032,5,20,25,11121010.,03AM00.,12,03,6
2011-12-10 04:00:00,4,0,0,2,10.66,13.635,65,7.0015,0,3,3,11121010.,04AM00.,12,04,6
2011-12-10 05:00:00,4,0,0,1,10.66,12.88,60,11.0014,0,6,6,11121010.,05AM00.,12,05,6
2011-12-10 06:00:00,4,0,0,1,9.84,12.88,65,7.0015,1,10,11,11121010.,06AM00.,12,06,6
2011-12-10 07:00:00,4,0,0,1,9.84,11.365,65,12.998,0,11,11,11121010.,07AM00.,12,07,6
2011-12-10 08:00:00,4,0,0,1,10.66,13.635,65,8.9981,5,68,73,11121010.,08AM00.,12,08,6
2011-12-10 09:00:00,4,0,0,1,11.48,12.88,61,19.0012,15,134,149,11121010.,09AM00.,12,09,6
2011-12-10 10:00:00,4,0,0,1,13.12,15.15,57,16.9979,31,161,192,11121010.,10AM00.,12,10,6
2011-12-10 11:00:00,4,0,0,1,13.12,14.395,53,27.9993,44,192,236,11121010.,11AM00.,12,11,6
2011-12-10 12:00:00,4,0,0,1,13.12,14.395,45,27.9993,48,235,283,11121010.,12PM00.,12,12,6
2011-12-10 13:00:00,4,0,0,1,13.94,15.15,34,27.9993,47,239,286,11121010.,01PM00.,12,13,6
2011-12-10 14:00:00,4,0,0,1,13.94,15.15,31,22.0028,51,242,293,11121010.,02PM00.,12,14,6
2011-12-10 15:00:00,4,0,0,1,13.94,15.15,34,23.9994,60,239,299,11121010.,03PM00.,12,15,6
2011-12-10 16:00:00,4,0,0,1,13.12,14.395,31,26.0027,58,183,241,11121010.,04PM00.,12,16,6
2011-12-10 17:00:00,4,0,0,1,11.48,12.88,36,22.0028,34,151,185,11121010.,05PM00.,12,17,6
2011-12-10 18:00:00,4,0,0,1,10.66,12.88,38,15.0013,28,144,172,11121010.,06PM00.,12,18,6
2011-12-10 19:00:00,4,0,0,1,10.66,12.12,38,19.0012,15,139,154,11121010.,07PM00.,12,19,6
2011-12-10 20:00:00,4,0,0,1,9.84,11.365,35,15.0013,10,114,124,11121010.,08PM00.,12,20,6
2011-12-10 21:00:00,4,0,0,1,9.02,10.605,44,15.0013,4,79,83,11121010.,09PM00.,12,21,6
2011-12-10 22:00:00,4,0,0,1,9.02,11.365,41,8.9981,7,88,95,11121010.,10PM00.,12,22,6
2011-12-10 23:00:00,4,0,0,1,8.2,10.605,47,11.0014,5,61,66,11121010.,11PM00.,12,23,6
2011-12-11 00:00:00,4,0,0,1,8.2,9.85,51,15.0013,5,69,74,11121110.,12AM00.,12,00,7
2011-12-11 01:00:00,4,0,0,1,6.56,7.575,59,15.0013,8,54,62,11121110.,01AM00.,12,01,7
2011-12-11 02:00:00,4,0,0,1,7.38,8.335,55,16.9979,5,47,52,11121110.,02AM00.,12,02,7
2011-12-11 03:00:00,4,0,0,1,6.56,9.09,59,8.9981,2,17,19,11121110.,03AM00.,12,03,7
2011-12-11 04:00:00,4,0,0,1,6.56,8.335,59,11.0014,0,5,5,11121110.,04AM00.,12,04,7
2011-12-11 05:00:00,4,0,0,1,7.38,10.605,59,7.0015,0,6,6,11121110.,05AM00.,12,05,7
2011-12-11 06:00:00,4,0,0,1,6.56,11.365,59,0.0,0,10,10,11121110.,06AM00.,12,06,7
2011-12-11 07:00:00,4,0,0,1,7.38,12.12,55,0.0,1,30,31,11121110.,07AM00.,12,07,7
2011-12-11 08:00:00,4,0,0,1,6.56,11.365,69,0.0,4,68,72,11121110.,08AM00.,12,08,7
2011-12-11 09:00:00,4,0,0,1,8.2,12.88,59,0.0,19,88,107,11121110.,09AM00.,12,09,7
2011-12-11 10:00:00,4,0,0,1,9.84,14.395,44,0.0,30,164,194,11121110.,10AM00.,12,10,7
2011-12-11 11:00:00,4,0,0,1,10.66,15.15,35,0.0,31,166,197,11121110.,11AM00.,12,11,7
2011-12-11 12:00:00,4,0,0,1,10.66,15.15,35,0.0,42,246,288,11121110.,12PM00.,12,12,7
2011-12-11 13:00:00,4,0,0,1,12.3,16.665,31,0.0,44,224,268,11121110.,01PM00.,12,13,7
2011-12-11 14:00:00,4,0,0,1,12.3,16.665,28,0.0,44,198,242,11121110.,02PM00.,12,14,7
2011-12-11 15:00:00,4,0,0,1,12.3,16.665,26,0.0,47,219,266,11121110.,03PM00.,12,15,7
2011-12-11 16:00:00,4,0,0,1,12.3,16.665,26,0.0,32,174,206,11121110.,04PM00.,12,16,7
2011-12-11 17:00:00,4,0,0,1,11.48,15.91,30,0.0,13,150,163,11121110.,05PM00.,12,17,7
2011-12-11 18:00:00,4,0,0,1,9.84,11.365,48,12.998,12,151,163,11121110.,06PM00.,12,18,7
2011-12-11 19:00:00,4,0,0,1,9.02,11.365,55,12.998,7,98,105,11121110.,07PM00.,12,19,7
2011-12-11 20:00:00,4,0,0,1,9.02,12.12,55,7.0015,10,62,72,11121110.,08PM00.,12,20,7
2011-12-11 21:00:00,4,0,0,1,9.02,13.635,55,0.0,10,53,63,11121110.,09PM00.,12,21,7
2011-12-11 22:00:00,4,0,0,1,9.02,13.635,55,0.0,7,36,43,11121110.,10PM00.,12,22,7
2011-12-11 23:00:00,4,0,0,1,8.2,12.88,69,0.0,4,31,35,11121110.,11PM00.,12,23,7
2011-12-12 00:00:00,4,0,1,1,8.2,11.365,69,6.0032,4,16,20,11121210.,12AM00.,12,00,1
2011-12-12 01:00:00,4,0,1,1,8.2,12.88,69,0.0,0,9,9,11121210.,01AM00.,12,01,1
2011-12-12 02:00:00,4,0,1,1,8.2,12.88,69,0.0,0,4,4,11121210.,02AM00.,12,02,1
2011-12-12 03:00:00,4,0,1,1,7.38,12.12,74,0.0,0,2,2,11121210.,03AM00.,12,03,1
2011-12-12 04:00:00,4,0,1,1,7.38,12.12,74,0.0,0,3,3,11121210.,04AM00.,12,04,1
2011-12-12 05:00:00,4,0,1,1,6.56,11.365,80,0.0,0,21,21,11121210.,05AM00.,12,05,1
2011-12-12 06:00:00,4,0,1,1,6.56,9.09,80,7.0015,1,63,64,11121210.,06AM00.,12,06,1
2011-12-12 07:00:00,4,0,1,1,5.74,7.575,86,8.9981,4,231,235,11121210.,07AM00.,12,07,1
2011-12-12 08:00:00,4,0,1,2,6.56,9.09,80,7.0015,7,378,385,11121210.,08AM00.,12,08,1
2011-12-12 09:00:00,4,0,1,2,7.38,10.605,74,6.0032,12,208,220,11121210.,09AM00.,12,09,1
2011-12-12 10:00:00,4,0,1,2,9.02,12.12,69,7.0015,14,91,105,11121210.,10AM00.,12,10,1
2011-12-12 11:00:00,4,0,1,2,10.66,14.395,60,6.0032,15,100,115,11121210.,11AM00.,12,11,1
2011-12-12 12:00:00,4,0,1,1,11.48,14.395,52,7.0015,7,138,145,11121210.,12PM00.,12,12,1
2011-12-12 13:00:00,4,0,1,2,12.3,15.91,52,7.0015,13,153,166,11121210.,01PM00.,12,13,1
2011-12-12 14:00:00,4,0,1,2,13.12,16.665,53,8.9981,16,95,111,11121210.,02PM00.,12,14,1
2011-12-12 15:00:00,4,0,1,2,13.12,16.665,57,7.0015,8,124,132,11121210.,03PM00.,12,15,1
2011-12-12 16:00:00,4,0,1,2,13.12,16.665,57,6.0032,5,209,214,11121210.,04PM00.,12,16,1
2011-12-12 17:00:00,4,0,1,2,12.3,16.665,56,0.0,7,352,359,11121210.,05PM00.,12,17,1
2011-12-12 18:00:00,4,0,1,1,12.3,15.91,56,6.0032,8,349,357,11121210.,06PM00.,12,18,1
2011-12-12 19:00:00,4,0,1,1,11.48,15.15,61,6.0032,9,232,241,11121210.,07PM00.,12,19,1
2011-12-12 20:00:00,4,0,1,1,12.3,15.91,56,6.0032,8,157,165,11121210.,08PM00.,12,20,1
2011-12-12 21:00:00,4,0,1,1,10.66,15.15,81,0.0,2,119,121,11121210.,09PM00.,12,21,1
2011-12-12 22:00:00,4,0,1,1,10.66,15.15,70,0.0,0,71,71,11121210.,10PM00.,12,22,1
2011-12-12 23:00:00,4,0,1,1,9.84,14.395,75,0.0,3,42,45,11121210.,11PM00.,12,23,1
2011-12-13 00:00:00,4,0,1,1,9.02,13.635,80,0.0,1,16,17,11121310.,12AM00.,12,00,2
2011-12-13 01:00:00,4,0,1,1,8.2,12.88,80,0.0,0,4,4,11121310.,01AM00.,12,01,2
2011-12-13 02:00:00,4,0,1,1,8.2,12.88,80,0.0,1,1,2,11121310.,02AM00.,12,02,2
2011-12-13 03:00:00,4,0,1,1,7.38,12.12,80,0.0,0,3,3,11121310.,03AM00.,12,03,2
2011-12-13 04:00:00,4,0,1,1,8.2,12.88,80,0.0,0,4,4,11121310.,04AM00.,12,04,2
2011-12-13 05:00:00,4,0,1,1,7.38,12.12,86,0.0,0,20,20,11121310.,05AM00.,12,05,2
2011-12-13 06:00:00,4,0,1,1,8.2,12.88,80,0.0,0,92,92,11121310.,06AM00.,12,06,2
2011-12-13 07:00:00,4,0,1,1,6.56,8.335,80,11.0014,2,221,223,11121310.,07AM00.,12,07,2
2011-12-13 08:00:00,4,0,1,1,8.2,11.365,69,7.0015,9,391,400,11121310.,08AM00.,12,08,2
2011-12-13 09:00:00,4,0,1,1,10.66,12.88,60,11.0014,10,223,233,11121310.,09AM00.,12,09,2
2011-12-13 10:00:00,4,0,1,1,12.3,15.15,52,11.0014,3,99,102,11121310.,10AM00.,12,10,2
2011-12-13 11:00:00,4,0,1,1,13.94,15.91,46,16.9979,9,115,124,11121310.,11AM00.,12,11,2
2011-12-13 12:00:00,4,0,1,1,14.76,16.665,43,23.9994,20,147,167,11121310.,12PM00.,12,12,2
2011-12-13 13:00:00,4,0,1,1,16.4,20.455,37,22.0028,7,120,127,11121310.,01PM00.,12,13,2
2011-12-13 14:00:00,4,0,1,1,16.4,20.455,37,16.9979,18,116,134,11121310.,02PM00.,12,14,2
2011-12-13 15:00:00,4,0,1,1,16.4,20.455,35,16.9979,7,144,151,11121310.,03PM00.,12,15,2
2011-12-13 16:00:00,4,0,1,1,15.58,19.695,37,16.9979,13,194,207,11121310.,04PM00.,12,16,2
2011-12-13 17:00:00,4,0,1,1,14.76,17.425,40,12.998,17,381,398,11121310.,05PM00.,12,17,2
2011-12-13 18:00:00,4,0,1,1,13.94,15.91,42,15.0013,12,370,382,11121310.,06PM00.,12,18,2
2011-12-13 19:00:00,4,0,1,1,13.12,15.91,49,11.0014,5,262,267,11121310.,07PM00.,12,19,2
2011-12-13 20:00:00,4,0,1,1,13.12,15.91,49,11.0014,7,154,161,11121310.,08PM00.,12,20,2
2011-12-13 21:00:00,4,0,1,1,12.3,15.15,52,11.0014,5,134,139,11121310.,09PM00.,12,21,2
2011-12-13 22:00:00,4,0,1,1,12.3,15.15,52,11.0014,5,102,107,11121310.,10PM00.,12,22,2
2011-12-13 23:00:00,4,0,1,1,10.66,15.15,70,0.0,4,55,59,11121310.,11PM00.,12,23,2
2011-12-14 00:00:00,4,0,1,1,10.66,15.15,75,0.0,0,22,22,11121410.,12AM00.,12,00,3
2011-12-14 01:00:00,4,0,1,1,10.66,15.15,75,0.0,0,8,8,11121410.,01AM00.,12,01,3
2011-12-14 02:00:00,4,0,1,1,10.66,15.15,75,0.0,0,2,2,11121410.,02AM00.,12,02,3
2011-12-14 03:00:00,4,0,1,1,11.48,15.91,65,0.0,0,3,3,11121410.,03AM00.,12,03,3
2011-12-14 04:00:00,4,0,1,1,10.66,15.15,75,0.0,0,4,4,11121410.,04AM00.,12,04,3
2011-12-14 05:00:00,4,0,1,2,10.66,15.15,81,0.0,0,26,26,11121410.,05AM00.,12,05,3
2011-12-14 06:00:00,4,0,1,2,10.66,15.15,87,0.0,0,87,87,11121410.,06AM00.,12,06,3
2011-12-14 07:00:00,4,0,1,1,11.48,15.91,75,0.0,4,243,247,11121410.,07AM00.,12,07,3
2011-12-14 08:00:00,4,0,1,2,10.66,15.15,87,0.0,9,458,467,11121410.,08AM00.,12,08,3
2011-12-14 09:00:00,4,0,1,2,12.3,16.665,61,0.0,9,230,239,11121410.,09AM00.,12,09,3
2011-12-14 10:00:00,4,0,1,2,13.12,17.425,57,0.0,9,133,142,11121410.,10AM00.,12,10,3
2011-12-14 11:00:00,4,0,1,2,13.94,18.18,55,0.0,12,103,115,11121410.,11AM00.,12,11,3
2011-12-14 12:00:00,4,0,1,2,14.76,18.18,57,6.0032,6,138,144,11121410.,12PM00.,12,12,3
2011-12-14 13:00:00,4,0,1,2,14.76,18.18,57,7.0015,14,119,133,11121410.,01PM00.,12,13,3
2011-12-14 14:00:00,4,0,1,2,15.58,19.695,54,6.0032,17,134,151,11121410.,02PM00.,12,14,3
2011-12-14 15:00:00,4,0,1,2,15.58,19.695,54,7.0015,24,143,167,11121410.,03PM00.,12,15,3
2011-12-14 16:00:00,4,0,1,2,15.58,19.695,54,7.0015,12,233,245,11121410.,04PM00.,12,16,3
2011-12-14 17:00:00,4,0,1,2,14.76,18.18,57,7.0015,19,377,396,11121410.,05PM00.,12,17,3
2011-12-14 18:00:00,4,0,1,2,14.76,17.425,62,11.0014,11,379,390,11121410.,06PM00.,12,18,3
2011-12-14 19:00:00,4,0,1,2,14.76,18.18,62,7.0015,9,259,268,11121410.,07PM00.,12,19,3
2011-12-14 20:00:00,4,0,1,2,13.94,17.425,66,7.0015,6,169,175,11121410.,08PM00.,12,20,3
2011-12-14 21:00:00,4,0,1,2,13.94,16.665,66,11.0014,9,145,154,11121410.,09PM00.,12,21,3
2011-12-14 22:00:00,4,0,1,1,13.94,16.665,66,11.0014,5,99,104,11121410.,10PM00.,12,22,3
2011-12-14 23:00:00,4,0,1,1,13.12,15.91,70,11.0014,3,48,51,11121410.,11PM00.,12,23,3
2011-12-15 00:00:00,4,0,1,1,13.12,15.91,70,11.0014,5,45,50,11121510.,12AM00.,12,00,4
2011-12-15 01:00:00,4,0,1,2,13.12,15.91,70,11.0014,5,15,20,11121510.,01AM00.,12,01,4
2011-12-15 02:00:00,4,0,1,2,13.12,16.665,70,8.9981,2,5,7,11121510.,02AM00.,12,02,4
2011-12-15 03:00:00,4,0,1,2,13.12,16.665,70,8.9981,1,2,3,11121510.,03AM00.,12,03,4
2011-12-15 04:00:00,4,0,1,2,13.12,15.15,70,15.0013,0,6,6,11121510.,04AM00.,12,04,4
2011-12-15 05:00:00,4,0,1,2,13.12,15.15,70,19.0012,0,24,24,11121510.,05AM00.,12,05,4
2011-12-15 06:00:00,4,0,1,1,13.12,15.91,66,12.998,2,90,92,11121510.,06AM00.,12,06,4
2011-12-15 07:00:00,4,0,1,1,13.12,15.91,70,12.998,6,252,258,11121510.,07AM00.,12,07,4
2011-12-15 08:00:00,4,0,1,2,13.94,15.91,66,15.0013,8,449,457,11121510.,08AM00.,12,08,4
2011-12-15 09:00:00,4,0,1,2,14.76,16.665,62,19.0012,6,274,280,11121510.,09AM00.,12,09,4
2011-12-15 10:00:00,4,0,1,2,16.4,20.455,58,19.9995,4,105,109,11121510.,10AM00.,12,10,4
2011-12-15 11:00:00,4,0,1,2,16.4,20.455,62,27.9993,9,126,135,11121510.,11AM00.,12,11,4
2011-12-15 12:00:00,4,0,1,2,18.86,22.725,59,32.9975,17,140,157,11121510.,12PM00.,12,12,4
2011-12-15 13:00:00,4,0,1,2,20.5,24.24,55,23.9994,14,150,164,11121510.,01PM00.,12,13,4
2011-12-15 14:00:00,4,0,1,2,21.32,25.0,52,22.0028,8,124,132,11121510.,02PM00.,12,14,4
2011-12-15 15:00:00,4,0,1,3,21.32,25.0,55,15.0013,6,76,82,11121510.,03PM00.,12,15,4
2011-12-15 16:00:00,4,0,1,3,18.86,22.725,72,11.0014,7,124,131,11121510.,04PM00.,12,16,4
2011-12-15 17:00:00,4,0,1,2,21.32,25.0,59,19.0012,14,310,324,11121510.,05PM00.,12,17,4
2011-12-15 18:00:00,4,0,1,2,21.32,25.0,59,19.9995,14,363,377,11121510.,06PM00.,12,18,4
2011-12-15 19:00:00,4,0,1,2,21.32,25.0,59,19.0012,13,274,287,11121510.,07PM00.,12,19,4
2011-12-15 20:00:00,4,0,1,1,21.32,25.0,59,22.0028,12,209,221,11121510.,08PM00.,12,20,4
2011-12-15 21:00:00,4,0,1,1,20.5,24.24,63,19.9995,10,145,155,11121510.,09PM00.,12,21,4
2011-12-15 22:00:00,4,0,1,1,21.32,25.0,63,22.0028,8,116,124,11121510.,10PM00.,12,22,4
2011-12-15 23:00:00,4,0,1,1,21.32,25.0,63,22.0028,10,104,114,11121510.,11PM00.,12,23,4
2011-12-16 00:00:00,4,0,1,1,20.5,24.24,72,22.0028,12,60,72,11121610.,12AM00.,12,00,5
2011-12-16 01:00:00,4,0,1,1,20.5,24.24,72,15.0013,3,28,31,11121610.,01AM00.,12,01,5
2011-12-16 02:00:00,4,0,1,1,19.68,23.485,77,7.0015,0,23,23,11121610.,02AM00.,12,02,5
2011-12-16 03:00:00,4,0,1,1,18.86,22.725,82,8.9981,2,3,5,11121610.,03AM00.,12,03,5
2011-12-16 04:00:00,4,0,1,2,20.5,24.24,59,12.998,1,4,5,11121610.,04AM00.,12,04,5
2011-12-16 05:00:00,4,0,1,1,19.68,23.485,44,26.0027,0,26,26,11121610.,05AM00.,12,05,5
2011-12-16 06:00:00,4,0,1,2,18.04,21.97,33,19.9995,2,80,82,11121610.,06AM00.,12,06,5
2011-12-16 07:00:00,4,0,1,2,15.58,19.695,46,19.9995,5,226,231,11121610.,07AM00.,12,07,5
2011-12-16 08:00:00,4,0,1,1,14.76,16.665,46,27.9993,10,449,459,11121610.,08AM00.,12,08,5
2011-12-16 09:00:00,4,0,1,1,14.76,16.665,46,26.0027,8,235,243,11121610.,09AM00.,12,09,5
2011-12-16 10:00:00,4,0,1,1,13.94,15.15,46,19.9995,10,122,132,11121610.,10AM00.,12,10,5
2011-12-16 11:00:00,4,0,1,2,13.94,15.15,42,19.9995,9,135,144,11121610.,11AM00.,12,11,5
2011-12-16 12:00:00,4,0,1,2,13.94,15.15,42,23.9994,10,163,173,11121610.,12PM00.,12,12,5
2011-12-16 13:00:00,4,0,1,2,13.94,15.15,39,23.9994,12,125,137,11121610.,01PM00.,12,13,5
2011-12-16 14:00:00,4,0,1,2,13.94,15.91,42,15.0013,13,115,128,11121610.,02PM00.,12,14,5
2011-12-16 15:00:00,4,0,1,2,13.12,15.15,45,19.9995,12,141,153,11121610.,03PM00.,12,15,5
2011-12-16 16:00:00,4,0,1,2,13.12,15.15,45,15.0013,12,212,224,11121610.,04PM00.,12,16,5
2011-12-16 17:00:00,4,0,1,2,13.12,15.15,45,19.0012,13,352,365,11121610.,05PM00.,12,17,5
2011-12-16 18:00:00,4,0,1,2,13.12,15.15,45,16.9979,10,285,295,11121610.,06PM00.,12,18,5
2011-12-16 19:00:00,4,0,1,2,13.12,15.15,45,15.0013,11,203,214,11121610.,07PM00.,12,19,5
2011-12-16 20:00:00,4,0,1,2,13.12,15.91,45,12.998,6,146,152,11121610.,08PM00.,12,20,5
2011-12-16 21:00:00,4,0,1,2,13.12,15.91,45,11.0014,7,95,102,11121610.,09PM00.,12,21,5
2011-12-16 22:00:00,4,0,1,2,12.3,15.15,49,11.0014,6,100,106,11121610.,10PM00.,12,22,5
2011-12-16 23:00:00,4,0,1,2,12.3,15.15,49,8.9981,4,71,75,11121610.,11PM00.,12,23,5
2011-12-17 00:00:00,4,0,0,1,12.3,14.395,49,19.0012,3,59,62,11121710.,12AM00.,12,00,6
2011-12-17 01:00:00,4,0,0,2,12.3,14.395,52,16.9979,4,39,43,11121710.,01AM00.,12,01,6
2011-12-17 02:00:00,4,0,0,2,11.48,13.635,56,15.0013,11,47,58,11121710.,02AM00.,12,02,6
2011-12-17 03:00:00,4,0,0,1,10.66,12.88,60,12.998,4,22,26,11121710.,03AM00.,12,03,6
2011-12-17 04:00:00,4,0,0,1,9.84,12.12,65,11.0014,0,9,9,11121710.,04AM00.,12,04,6
2011-12-17 05:00:00,4,0,0,2,10.66,12.88,60,12.998,2,7,9,11121710.,05AM00.,12,05,6
2011-12-17 06:00:00,4,0,0,2,10.66,12.12,56,19.0012,0,17,17,11121710.,06AM00.,12,06,6
2011-12-17 07:00:00,4,0,0,2,10.66,12.88,56,15.0013,0,20,20,11121710.,07AM00.,12,07,6
2011-12-17 08:00:00,4,0,0,2,10.66,12.88,56,15.0013,4,55,59,11121710.,08AM00.,12,08,6
2011-12-17 09:00:00,4,0,0,2,10.66,12.12,56,16.9979,5,95,100,11121710.,09AM00.,12,09,6
2011-12-17 10:00:00,4,0,0,2,10.66,12.12,52,19.0012,10,171,181,11121710.,10AM00.,12,10,6
2011-12-17 11:00:00,4,0,0,2,11.48,12.88,45,22.0028,21,188,209,11121710.,11AM00.,12,11,6
2011-12-17 12:00:00,4,0,0,2,11.48,12.88,45,19.0012,28,216,244,11121710.,12PM00.,12,12,6
2011-12-17 13:00:00,4,0,0,2,11.48,13.635,48,16.9979,32,204,236,11121710.,01PM00.,12,13,6
2011-12-17 14:00:00,4,0,0,1,11.48,12.88,45,23.9994,30,207,237,11121710.,02PM00.,12,14,6
2011-12-17 15:00:00,4,0,0,1,11.48,12.88,45,19.0012,33,195,228,11121710.,03PM00.,12,15,6
2011-12-17 16:00:00,4,0,0,1,11.48,13.635,45,15.0013,30,192,222,11121710.,04PM00.,12,16,6
2011-12-17 17:00:00,4,0,0,1,10.66,12.88,48,15.0013,12,153,165,11121710.,05PM00.,12,17,6
2011-12-17 18:00:00,4,0,0,1,10.66,11.365,48,26.0027,7,150,157,11121710.,06PM00.,12,18,6
2011-12-17 19:00:00,4,0,0,3,9.84,10.605,65,22.0028,11,95,106,11121710.,07PM00.,12,19,6
2011-12-17 20:00:00,4,0,0,1,9.02,10.605,69,16.9979,7,99,106,11121710.,08PM00.,12,20,6
2011-12-17 21:00:00,4,0,0,1,8.2,10.605,75,11.0014,8,88,96,11121710.,09PM00.,12,21,6
2011-12-17 22:00:00,4,0,0,1,8.2,10.605,75,11.0014,7,73,80,11121710.,10PM00.,12,22,6
2011-12-17 23:00:00,4,0,0,1,8.2,11.365,75,0.0,6,63,69,11121710.,11PM00.,12,23,6
2011-12-18 00:00:00,4,0,0,1,8.2,10.605,75,8.9981,7,64,71,11121810.,12AM00.,12,00,7
2011-12-18 01:00:00,4,0,0,1,8.2,11.365,69,7.0015,3,43,46,11121810.,01AM00.,12,01,7
2011-12-18 02:00:00,4,0,0,1,9.02,12.12,55,7.0015,2,39,41,11121810.,02AM00.,12,02,7
2011-12-18 03:00:00,4,0,0,1,9.02,10.605,55,15.0013,2,16,18,11121810.,03AM00.,12,03,7
2011-12-18 04:00:00,4,0,0,1,9.02,10.605,55,15.0013,0,1,1,11121810.,04AM00.,12,04,7
2011-12-18 05:00:00,4,0,0,1,8.2,11.365,59,7.0015,1,4,5,11121810.,05AM00.,12,05,7
2011-12-18 06:00:00,4,0,0,1,8.2,10.605,59,8.9981,0,3,3,11121810.,06AM00.,12,06,7
2011-12-18 07:00:00,4,0,0,1,8.2,10.605,59,11.0014,1,11,12,11121810.,07AM00.,12,07,7
2011-12-18 08:00:00,4,0,0,1,8.2,12.88,69,0.0,1,31,32,11121810.,08AM00.,12,08,7
2011-12-18 09:00:00,4,0,0,1,9.02,11.365,64,11.0014,6,75,81,11121810.,09AM00.,12,09,7
2011-12-18 10:00:00,4,0,0,1,9.84,11.365,60,16.9979,7,122,129,11121810.,10AM00.,12,10,7
2011-12-18 11:00:00,4,0,0,2,9.84,11.365,60,15.0013,20,168,188,11121810.,11AM00.,12,11,7
2011-12-18 12:00:00,4,0,0,1,10.66,12.88,60,15.0013,26,202,228,11121810.,12PM00.,12,12,7
2011-12-18 13:00:00,4,0,0,1,12.3,13.635,49,19.9995,18,210,228,11121810.,01PM00.,12,13,7
2011-12-18 14:00:00,4,0,0,1,12.3,14.395,49,19.0012,19,200,219,11121810.,02PM00.,12,14,7
2011-12-18 15:00:00,4,0,0,1,13.12,15.15,45,19.0012,23,184,207,11121810.,03PM00.,12,15,7
2011-12-18 16:00:00,4,0,0,1,11.48,13.635,48,16.9979,27,207,234,11121810.,04PM00.,12,16,7
2011-12-18 17:00:00,4,0,0,1,11.48,13.635,46,11.0014,10,126,136,11121810.,05PM00.,12,17,7
2011-12-18 18:00:00,4,0,0,1,11.48,13.635,45,12.998,15,123,138,11121810.,06PM00.,12,18,7
2011-12-18 19:00:00,4,0,0,1,10.66,13.635,52,8.9981,5,130,135,11121810.,07PM00.,12,19,7
2011-12-18 20:00:00,4,0,0,1,9.84,12.88,60,7.0015,10,94,104,11121810.,08PM00.,12,20,7
2011-12-18 21:00:00,4,0,0,1,9.02,13.635,64,0.0,9,80,89,11121810.,09PM00.,12,21,7
2011-12-18 22:00:00,4,0,0,1,9.02,11.365,75,12.998,2,47,49,11121810.,10PM00.,12,22,7
2011-12-18 23:00:00,4,0,0,1,8.2,11.365,75,7.0015,6,31,37,11121810.,11PM00.,12,23,7
2011-12-19 00:00:00,4,0,1,1,8.2,11.365,75,6.0032,3,14,17,11121910.,12AM00.,12,00,1
2011-12-19 01:00:00,4,0,1,1,7.38,10.605,80,6.0032,3,8,11,11121910.,01AM00.,12,01,1
2011-12-19 02:00:00,4,0,1,1,7.38,10.605,80,6.0032,0,3,3,11121910.,02AM00.,12,02,1
2011-12-19 03:00:00,4,0,1,1,6.56,9.85,86,6.0032,0,3,3,11121910.,03AM00.,12,03,1
2011-12-19 04:00:00,4,0,1,1,6.56,9.09,86,8.9981,0,4,4,11121910.,04AM00.,12,04,1
2011-12-19 05:00:00,4,0,1,1,5.74,8.335,93,7.0015,0,21,21,11121910.,05AM00.,12,05,1
2011-12-19 06:00:00,4,0,1,1,6.56,9.09,86,7.0015,0,68,68,11121910.,06AM00.,12,06,1
2011-12-19 07:00:00,4,0,1,1,7.38,10.605,74,7.0015,4,187,191,11121910.,07AM00.,12,07,1
2011-12-19 08:00:00,4,0,1,1,8.2,9.85,75,12.998,8,389,397,11121910.,08AM00.,12,08,1
2011-12-19 09:00:00,4,0,1,1,9.02,10.605,69,15.0013,17,166,183,11121910.,09AM00.,12,09,1
2011-12-19 10:00:00,4,0,1,1,9.84,11.365,67,12.998,12,96,108,11121910.,10AM00.,12,10,1
2011-12-19 11:00:00,4,0,1,1,10.66,12.12,65,16.9979,22,105,127,11121910.,11AM00.,12,11,1
2011-12-19 12:00:00,4,0,1,1,12.3,13.635,61,22.0028,13,128,141,11121910.,12PM00.,12,12,1
2011-12-19 13:00:00,4,0,1,1,13.94,15.15,49,22.0028,15,127,142,11121910.,01PM00.,12,13,1
2011-12-19 14:00:00,4,0,1,1,14.76,17.425,46,15.0013,30,107,137,11121910.,02PM00.,12,14,1
2011-12-19 15:00:00,4,0,1,1,15.58,19.695,46,11.0014,24,135,159,11121910.,03PM00.,12,15,1
2011-12-19 16:00:00,4,0,1,1,16.4,20.455,40,16.9979,19,189,208,11121910.,04PM00.,12,16,1
2011-12-19 17:00:00,4,0,1,1,15.58,19.695,46,12.998,16,362,378,11121910.,05PM00.,12,17,1
2011-12-19 18:00:00,4,0,1,1,14.76,17.425,50,12.998,11,343,354,11121910.,06PM00.,12,18,1
2011-12-19 19:00:00,4,0,1,2,14.76,17.425,53,11.0014,17,234,251,11121910.,07PM00.,12,19,1
2011-12-19 20:00:00,4,0,1,1,16.4,20.455,40,11.0014,9,197,206,11121910.,08PM00.,12,20,1
2011-12-19 21:00:00,4,0,1,2,14.76,17.425,53,8.9981,15,112,127,11121910.,09PM00.,12,21,1
2011-12-19 22:00:00,4,0,1,2,14.76,17.425,57,11.0014,12,95,107,11121910.,10PM00.,12,22,1
2011-12-19 23:00:00,4,0,1,1,14.76,17.425,53,11.0014,10,50,60,11121910.,11PM00.,12,23,1
2012-01-01 00:00:00,1,0,0,1,14.76,18.94,66,0.0,5,43,48,12010110.,12AM00.,01,00,7
2012-01-01 01:00:00,1,0,0,1,14.76,17.425,66,8.9981,15,78,93,12010110.,01AM00.,01,01,7
2012-01-01 02:00:00,1,0,0,1,13.12,17.425,76,0.0,16,59,75,12010110.,02AM00.,01,02,7
2012-01-01 03:00:00,1,0,0,1,12.3,16.665,81,0.0,11,41,52,12010110.,03AM00.,01,03,7
2012-01-01 04:00:00,1,0,0,1,11.48,15.15,81,6.0032,0,8,8,12010110.,04AM00.,01,04,7
2012-01-01 05:00:00,1,0,0,1,11.48,14.395,81,7.0015,0,5,5,12010110.,05AM00.,01,05,7
2012-01-01 06:00:00,1,0,0,1,10.66,13.635,93,8.9981,1,1,2,12010110.,06AM00.,01,06,7
2012-01-01 07:00:00,1,0,0,1,10.66,12.88,93,11.0014,1,6,7,12010110.,07AM00.,01,07,7
2012-01-01 08:00:00,1,0,0,1,10.66,13.635,87,7.0015,4,10,14,12010110.,08AM00.,01,08,7
2012-01-01 09:00:00,1,0,0,1,10.66,13.635,93,7.0015,13,27,40,12010110.,09AM00.,01,09,7
2012-01-01 10:00:00,1,0,0,1,12.3,15.91,81,7.0015,18,52,70,12010110.,10AM00.,01,10,7
2012-01-01 11:00:00,1,0,0,1,13.94,16.665,76,8.9981,40,98,138,12010110.,11AM00.,01,11,7
2012-01-01 12:00:00,1,0,0,1,16.4,20.455,62,19.0012,58,143,201,12010110.,12PM00.,01,12,7
2012-01-01 13:00:00,1,0,0,1,17.22,21.21,58,19.0012,82,141,223,12010110.,01PM00.,01,13,7
2012-01-01 14:00:00,1,0,0,1,18.04,21.97,54,19.9995,120,147,267,12010110.,02PM00.,01,14,7
2012-01-01 15:00:00,1,0,0,1,18.86,22.725,51,19.9995,101,164,265,12010110.,03PM00.,01,15,7
2012-01-01 16:00:00,1,0,0,2,18.04,21.97,54,19.9995,68,147,215,12010110.,04PM00.,01,16,7
2012-01-01 17:00:00,1,0,0,2,19.68,23.485,48,11.0014,36,75,111,12010110.,05PM00.,01,17,7
2012-01-01 18:00:00,1,0,0,3,18.86,22.725,59,16.9979,25,81,106,12010110.,06PM00.,01,18,7
2012-01-01 19:00:00,1,0,0,3,17.22,21.21,67,26.0027,20,85,105,12010110.,07PM00.,01,19,7
2012-01-01 20:00:00,1,0,0,2,18.04,21.97,62,19.9995,25,58,83,12010110.,08PM00.,01,20,7
2012-01-01 21:00:00,1,0,0,2,18.04,21.97,67,16.9979,10,61,71,12010110.,09PM00.,01,21,7
2012-01-01 22:00:00,1,0,0,1,18.86,22.725,55,27.9993,13,53,66,12010110.,10PM00.,01,22,7
2012-01-01 23:00:00,1,0,0,1,18.04,21.97,51,19.9995,4,25,29,12010110.,11PM00.,01,23,7
2012-01-02 00:00:00,1,1,0,1,16.4,20.455,40,31.0009,8,31,39,12010210.,12AM00.,01,00,1
2012-01-02 01:00:00,1,1,0,1,14.76,16.665,43,27.9993,1,11,12,12010210.,01AM00.,01,01,1
2012-01-02 02:00:00,1,1,0,1,14.76,15.91,34,30.0026,1,6,7,12010210.,02AM00.,01,02,1
2012-01-02 04:00:00,1,1,0,1,11.48,12.88,45,22.0028,0,4,4,12010210.,04AM00.,01,04,1
2012-01-02 05:00:00,1,1,0,1,11.48,12.88,45,22.0028,1,3,4,12010210.,05AM00.,01,05,1
2012-01-02 06:00:00,1,1,0,1,10.66,11.365,41,26.0027,0,14,14,12010210.,06AM00.,01,06,1
2012-01-02 07:00:00,1,1,0,1,9.84,10.605,32,26.0027,0,16,16,12010210.,07AM00.,01,07,1
2012-01-02 08:00:00,1,1,0,1,9.84,11.365,35,16.9979,2,51,53,12010210.,08AM00.,01,08,1
2012-01-02 09:00:00,1,1,0,1,9.84,12.88,35,0.0,15,53,68,12010210.,09AM00.,01,09,1
2012-01-02 10:00:00,1,1,0,1,10.66,12.12,35,19.0012,20,89,109,12010210.,10AM00.,01,10,1
2012-01-02 11:00:00,1,1,0,1,10.66,10.605,35,32.9975,33,142,175,12010210.,11AM00.,01,11,1
2012-01-02 12:00:00,1,1,0,1,11.48,13.635,36,16.9979,41,161,202,12010210.,12PM00.,01,12,1
2012-01-02 13:00:00,1,1,0,1,12.3,13.635,36,19.9995,26,150,176,12010210.,01PM00.,01,13,1
2012-01-02 14:00:00,1,1,0,1,12.3,13.635,36,27.9993,10,141,151,12010210.,02PM00.,01,14,1
2012-01-02 15:00:00,1,1,0,1,11.48,12.12,38,30.0026,29,139,168,12010210.,03PM00.,01,15,1
2012-01-02 16:00:00,1,1,0,1,10.66,11.365,35,27.9993,10,144,154,12010210.,04PM00.,01,16,1
2012-01-02 17:00:00,1,1,0,1,10.66,11.365,35,26.0027,17,136,153,12010210.,05PM00.,01,17,1
2012-01-02 18:00:00,1,1,0,1,10.66,12.12,33,16.9979,13,113,126,12010210.,06PM00.,01,18,1
2012-01-02 19:00:00,1,1,0,1,9.84,11.365,38,15.0013,4,89,93,12010210.,07PM00.,01,19,1
2012-01-02 20:00:00,1,1,0,1,9.84,11.365,41,15.0013,5,83,88,12010210.,08PM00.,01,20,1
2012-01-02 21:00:00,1,1,0,2,9.84,10.605,41,22.0028,3,63,66,12010210.,09PM00.,01,21,1
2012-01-02 22:00:00,1,1,0,2,9.02,10.605,44,19.0012,3,36,39,12010210.,10PM00.,01,22,1
2012-01-02 23:00:00,1,1,0,1,9.02,10.605,44,16.9979,2,32,34,12010210.,11PM00.,01,23,1
2012-01-03 00:00:00,1,0,1,1,8.2,9.85,51,16.9979,0,13,13,12010310.,12AM00.,01,00,2
2012-01-03 01:00:00,1,0,1,1,7.38,9.09,55,15.0013,1,5,6,12010310.,01AM00.,01,01,2
2012-01-03 02:00:00,1,0,1,1,7.38,8.335,51,16.9979,0,3,3,12010310.,02AM00.,01,02,2
2012-01-03 03:00:00,1,0,1,1,6.56,6.82,55,19.0012,0,2,2,12010310.,03AM00.,01,03,2
2012-01-03 04:00:00,1,0,1,1,6.56,7.575,55,16.9979,0,5,5,12010310.,04AM00.,01,04,2
2012-01-03 05:00:00,1,0,1,1,5.74,6.82,54,12.998,0,12,12,12010310.,05AM00.,01,05,2
2012-01-03 06:00:00,1,0,1,1,5.74,6.06,59,19.0012,4,81,85,12010310.,06AM00.,01,06,2
2012-01-03 07:00:00,1,0,1,1,5.74,6.06,59,16.9979,2,168,170,12010310.,07AM00.,01,07,2
2012-01-03 08:00:00,1,0,1,1,6.56,6.82,55,19.0012,5,349,354,12010310.,08AM00.,01,08,2
2012-01-03 09:00:00,1,0,1,1,6.56,6.82,50,19.0012,8,145,153,12010310.,09AM00.,01,09,2
2012-01-03 10:00:00,1,0,1,1,6.56,6.06,47,31.0009,5,55,60,12010310.,10AM00.,01,10,2
2012-01-03 11:00:00,1,0,1,1,7.38,6.82,37,35.0008,12,63,75,12010310.,11AM00.,01,11,2
2012-01-03 12:00:00,1,0,1,1,7.38,6.82,37,35.0008,4,70,74,12010310.,12PM00.,01,12,2
2012-01-03 13:00:00,1,0,1,1,7.38,6.06,34,43.9989,5,68,73,12010310.,01PM00.,01,13,2
2012-01-03 14:00:00,1,0,1,1,6.56,6.06,43,35.0008,7,72,79,12010310.,02PM00.,01,14,2
2012-01-03 15:00:00,1,0,1,1,6.56,6.06,37,27.9993,9,68,77,12010310.,03PM00.,01,15,2
2012-01-03 16:00:00,1,0,1,1,5.74,4.545,39,39.0007,7,129,136,12010310.,04PM00.,01,16,2
2012-01-03 17:00:00,1,0,1,1,5.74,5.305,26,31.0009,4,241,245,12010310.,05PM00.,01,17,2
2012-01-03 18:00:00,1,0,1,1,5.74,4.545,26,35.0008,10,214,224,12010310.,06PM00.,01,18,2
2012-01-03 19:00:00,1,0,1,1,4.92,4.545,28,27.9993,4,152,156,12010310.,07PM00.,01,19,2
2012-01-03 20:00:00,1,0,1,1,4.92,6.06,33,16.9979,0,115,115,12010310.,08PM00.,01,20,2
2012-01-03 21:00:00,1,0,1,1,4.1,5.305,36,15.0013,2,66,68,12010310.,09PM00.,01,21,2
2012-01-03 22:00:00,1,0,1,1,4.1,5.305,46,16.9979,0,33,33,12010310.,10PM00.,01,22,2
2012-01-03 23:00:00,1,0,1,1,4.1,3.79,46,26.0027,0,18,18,12010310.,11PM00.,01,23,2
2012-01-04 00:00:00,1,0,1,1,3.28,3.03,42,22.0028,0,9,9,12010410.,12AM00.,01,00,3
2012-01-04 01:00:00,1,0,1,1,1.64,1.515,38,19.9995,0,3,3,12010410.,01AM00.,01,01,3
2012-01-04 02:00:00,1,0,1,1,0.82,0.76,34,19.0012,0,1,1,12010410.,02AM00.,01,02,3
2012-01-04 03:00:00,1,0,1,1,0.82,0.76,34,19.0012,0,1,1,12010410.,03AM00.,01,03,3
2012-01-04 04:00:00,1,0,1,1,0.82,2.275,41,12.998,0,2,2,12010410.,04AM00.,01,04,3
2012-01-04 05:00:00,1,0,1,1,0.82,2.275,41,12.998,0,14,14,12010410.,05AM00.,01,05,3
2012-01-04 06:00:00,1,0,1,1,0.82,2.275,41,11.0014,0,59,59,12010410.,06AM00.,01,06,3
2012-01-04 07:00:00,1,0,1,1,0.82,2.275,44,12.998,1,151,152,12010410.,07AM00.,01,07,3
2012-01-04 08:00:00,1,0,1,1,0.82,3.03,44,8.9981,5,310,315,12010410.,08AM00.,01,08,3
2012-01-04 09:00:00,1,0,1,1,1.64,3.03,45,8.9981,7,173,180,12010410.,09AM00.,01,09,3
2012-01-04 10:00:00,1,0,1,1,2.46,5.305,45,0.0,7,57,64,12010410.,10AM00.,01,10,3
2012-01-04 11:00:00,1,0,1,2,3.28,6.06,42,6.0032,6,40,46,12010410.,11AM00.,01,11,3
2012-01-04 12:00:00,1,0,1,2,4.1,5.305,46,12.998,9,75,84,12010410.,12PM00.,01,12,3
2012-01-04 13:00:00,1,0,1,2,5.74,6.06,43,16.9979,9,82,91,12010410.,01PM00.,01,13,3
2012-01-04 14:00:00,1,0,1,2,5.74,6.06,46,16.9979,6,69,75,12010410.,02PM00.,01,14,3
2012-01-04 15:00:00,1,0,1,2,7.38,7.575,37,22.0028,9,81,90,12010410.,03PM00.,01,15,3
2012-01-04 16:00:00,1,0,1,2,7.38,8.335,40,19.0012,8,123,131,12010410.,04PM00.,01,16,3
2012-01-04 17:00:00,1,0,1,2,8.2,9.85,40,12.998,9,272,281,12010410.,05PM00.,01,17,3
2012-01-04 18:00:00,1,0,1,2,8.2,10.605,37,8.9981,9,280,289,12010410.,06PM00.,01,18,3
2012-01-04 19:00:00,1,0,1,2,8.2,11.365,40,7.0015,2,182,184,12010410.,07PM00.,01,19,3
2012-01-04 20:00:00,1,0,1,2,8.2,9.85,40,12.998,2,121,123,12010410.,08PM00.,01,20,3
2012-01-04 21:00:00,1,0,1,2,8.2,12.88,44,0.0,2,88,90,12010410.,09PM00.,01,21,3
2012-01-04 22:00:00,1,0,1,2,8.2,11.365,47,6.0032,4,48,52,12010410.,10PM00.,01,22,3
2012-01-04 23:00:00,1,0,1,2,8.2,11.365,44,7.0015,0,32,32,12010410.,11PM00.,01,23,3
2012-01-05 00:00:00,1,0,1,2,9.02,11.365,47,12.998,1,13,14,12010510.,12AM00.,01,00,4
2012-01-05 01:00:00,1,0,1,1,8.2,11.365,51,6.0032,0,5,5,12010510.,01AM00.,01,01,4
2012-01-05 02:00:00,1,0,1,1,8.2,11.365,51,6.0032,0,4,4,12010510.,02AM00.,01,02,4
2012-01-05 03:00:00,1,0,1,1,8.2,12.88,61,0.0,0,4,4,12010510.,03AM00.,01,03,4
2012-01-05 04:00:00,1,0,1,2,8.2,11.365,59,6.0032,0,5,5,12010510.,04AM00.,01,04,4
2012-01-05 05:00:00,1,0,1,2,8.2,11.365,59,6.0032,0,26,26,12010510.,05AM00.,01,05,4
2012-01-05 06:00:00,1,0,1,2,8.2,10.605,75,8.9981,0,78,78,12010510.,06AM00.,01,06,4
2012-01-05 07:00:00,1,0,1,2,8.2,11.365,69,6.0032,3,212,215,12010510.,07AM00.,01,07,4
2012-01-05 08:00:00,1,0,1,2,8.2,12.88,75,0.0,11,377,388,12010510.,08AM00.,01,08,4
2012-01-05 09:00:00,1,0,1,2,9.02,13.635,69,0.0,7,220,227,12010510.,09AM00.,01,09,4
2012-01-05 10:00:00,1,0,1,2,9.84,12.88,52,6.0032,5,81,86,12010510.,10AM00.,01,10,4
2012-01-05 11:00:00,1,0,1,1,12.3,16.665,49,0.0,6,78,84,12010510.,11AM00.,01,11,4
2012-01-05 12:00:00,1,0,1,1,12.3,14.395,49,16.9979,6,114,120,12010510.,12PM00.,01,12,4
2012-01-05 13:00:00,1,0,1,1,13.94,15.15,42,19.9995,6,112,118,12010510.,01PM00.,01,13,4
2012-01-05 14:00:00,1,0,1,1,13.94,15.91,39,19.0012,13,104,117,12010510.,02PM00.,01,14,4
2012-01-05 15:00:00,1,0,1,1,14.76,16.665,34,19.0012,6,113,119,12010510.,03PM00.,01,15,4
2012-01-05 16:00:00,1,0,1,1,14.76,16.665,34,19.0012,19,178,197,12010510.,04PM00.,01,16,4
2012-01-05 17:00:00,1,0,1,2,14.76,17.425,34,12.998,19,393,412,12010510.,05PM00.,01,17,4
2012-01-05 18:00:00,1,0,1,1,13.94,16.665,36,11.0014,9,374,383,12010510.,06PM00.,01,18,4
2012-01-05 19:00:00,1,0,1,1,13.94,17.425,34,6.0032,10,255,265,12010510.,07PM00.,01,19,4
2012-01-05 20:00:00,1,0,1,1,12.3,16.665,49,0.0,5,172,177,12010510.,08PM00.,01,20,4
2012-01-05 21:00:00,1,0,1,1,10.66,13.635,60,8.9981,9,88,97,12010510.,09PM00.,01,21,4
2012-01-05 22:00:00,1,0,1,1,10.66,12.88,60,11.0014,1,70,71,12010510.,10PM00.,01,22,4
2012-01-05 23:00:00,1,0,1,1,9.84,12.88,70,7.0015,4,56,60,12010510.,11PM00.,01,23,4
2012-01-06 00:00:00,1,0,1,1,9.02,12.88,75,6.0032,1,24,25,12010610.,12AM00.,01,00,5
2012-01-06 01:00:00,1,0,1,1,9.02,13.635,75,0.0,2,6,8,12010610.,01AM00.,01,01,5
2012-01-06 02:00:00,1,0,1,1,9.02,11.365,69,11.0014,2,3,5,12010610.,02AM00.,01,02,5
2012-01-06 03:00:00,1,0,1,1,9.02,12.12,69,7.0015,1,3,4,12010610.,03AM00.,01,03,5
2012-01-06 04:00:00,1,0,1,1,9.02,11.365,69,8.9981,0,3,3,12010610.,04AM00.,01,04,5
2012-01-06 05:00:00,1,0,1,2,8.2,10.605,80,8.9981,0,13,13,12010610.,05AM00.,01,05,5
2012-01-06 06:00:00,1,0,1,2,9.02,12.12,73,7.0015,1,69,70,12010610.,06AM00.,01,06,5
2012-01-06 07:00:00,1,0,1,2,9.84,14.395,65,0.0,4,201,205,12010610.,07AM00.,01,07,5
2012-01-06 08:00:00,1,0,1,1,9.84,12.12,70,8.9981,11,436,447,12010610.,08AM00.,01,08,5
2012-01-06 09:00:00,1,0,1,1,9.84,12.12,70,11.0014,4,237,241,12010610.,09AM00.,01,09,5
2012-01-06 10:00:00,1,0,1,1,10.66,12.88,65,12.998,14,102,116,12010610.,10AM00.,01,10,5
2012-01-06 11:00:00,1,0,1,1,12.3,15.15,56,11.0014,8,130,138,12010610.,11AM00.,01,11,5
2012-01-06 12:00:00,1,0,1,1,14.76,16.665,50,16.9979,23,168,191,12010610.,12PM00.,01,12,5
2012-01-06 13:00:00,1,0,1,1,16.4,20.455,43,19.0012,16,188,204,12010610.,01PM00.,01,13,5
2012-01-06 14:00:00,1,0,1,1,18.86,22.725,36,12.998,26,152,178,12010610.,02PM00.,01,14,5
2012-01-06 15:00:00,1,0,1,1,21.32,25.0,27,16.9979,44,178,222,12010610.,03PM00.,01,15,5
2012-01-06 16:00:00,1,0,1,1,21.32,25.0,27,19.0012,35,259,294,12010610.,04PM00.,01,16,5
2012-01-06 17:00:00,1,0,1,1,18.86,22.725,36,15.0013,20,456,476,12010610.,05PM00.,01,17,5
2012-01-06 18:00:00,1,0,1,1,20.5,24.24,29,16.9979,28,391,419,12010610.,06PM00.,01,18,5
2012-01-06 19:00:00,1,0,1,1,18.86,22.725,33,19.0012,11,261,272,12010610.,07PM00.,01,19,5
2012-01-06 20:00:00,1,0,1,1,17.22,21.21,41,12.998,14,163,177,12010610.,08PM00.,01,20,5
2012-01-06 21:00:00,1,0,1,1,16.4,20.455,43,15.0013,17,137,154,12010610.,09PM00.,01,21,5
2012-01-06 22:00:00,1,0,1,1,14.76,17.425,50,12.998,12,123,135,12010610.,10PM00.,01,22,5
2012-01-06 23:00:00,1,0,1,1,14.76,18.94,50,0.0,13,88,101,12010610.,11PM00.,01,23,5
2012-01-07 00:00:00,1,0,0,1,14.76,17.425,50,11.0014,2,77,79,12010710.,12AM00.,01,00,6
2012-01-07 01:00:00,1,0,0,1,15.58,19.695,46,11.0014,6,56,62,12010710.,01AM00.,01,01,6
2012-01-07 02:00:00,1,0,0,1,14.76,18.18,50,7.0015,2,36,38,12010710.,02AM00.,01,02,6
2012-01-07 03:00:00,1,0,0,1,13.12,16.665,57,7.0015,1,19,20,12010710.,03AM00.,01,03,6
2012-01-07 04:00:00,1,0,0,1,13.12,16.665,57,6.0032,1,9,10,12010710.,04AM00.,01,04,6
2012-01-07 05:00:00,1,0,0,1,10.66,13.635,75,7.0015,2,7,9,12010710.,05AM00.,01,05,6
2012-01-07 06:00:00,1,0,0,1,10.66,13.635,75,7.0015,0,7,7,12010710.,06AM00.,01,06,6
2012-01-07 07:00:00,1,0,0,1,9.02,11.365,87,12.998,0,20,20,12010710.,07AM00.,01,07,6
2012-01-07 08:00:00,1,0,0,1,9.84,12.88,75,7.0015,0,64,64,12010710.,08AM00.,01,08,6
2012-01-07 09:00:00,1,0,0,1,9.02,11.365,80,8.9981,14,116,130,12010710.,09AM00.,01,09,6
2012-01-07 10:00:00,1,0,0,1,11.48,15.15,75,6.0032,43,160,203,12010710.,10AM00.,01,10,6
2012-01-07 11:00:00,1,0,0,1,13.94,15.91,57,15.0013,74,250,324,12010710.,11AM00.,01,11,6
2012-01-07 12:00:00,1,0,0,1,16.4,20.455,43,15.0013,100,276,376,12010710.,12PM00.,01,12,6
2012-01-07 13:00:00,1,0,0,1,18.04,21.97,44,12.998,149,296,445,12010710.,01PM00.,01,13,6
2012-01-07 14:00:00,1,0,0,1,20.5,24.24,42,19.0012,156,356,512,12010710.,02PM00.,01,14,6
2012-01-07 15:00:00,1,0,0,1,23.78,27.275,37,19.9995,132,317,449,12010710.,03PM00.,01,15,6
2012-01-07 16:00:00,1,0,0,2,22.96,26.515,37,19.0012,133,268,401,12010710.,04PM00.,01,16,6
2012-01-07 17:00:00,1,0,0,2,22.14,25.76,43,8.9981,87,235,322,12010710.,05PM00.,01,17,6
2012-01-07 18:00:00,1,0,0,1,22.14,25.76,45,8.9981,49,248,297,12010710.,06PM00.,01,18,6
2012-01-07 19:00:00,1,0,0,1,21.32,25.0,42,7.0015,44,171,215,12010710.,07PM00.,01,19,6
2012-01-07 20:00:00,1,0,0,1,20.5,24.24,39,16.9979,21,149,170,12010710.,08PM00.,01,20,6
2012-01-07 21:00:00,1,0,0,1,18.04,21.97,44,15.0013,22,118,140,12010710.,09PM00.,01,21,6
2012-01-07 22:00:00,1,0,0,1,18.04,21.97,38,16.9979,16,93,109,12010710.,10PM00.,01,22,6
2012-01-07 23:00:00,1,0,0,1,17.22,21.21,38,15.0013,16,103,119,12010710.,11PM00.,01,23,6
2012-01-08 00:00:00,1,0,0,1,15.58,19.695,40,19.0012,14,77,91,12010810.,12AM00.,01,00,7
2012-01-08 01:00:00,1,0,0,1,13.94,16.665,42,12.998,10,62,72,12010810.,01AM00.,01,01,7
2012-01-08 02:00:00,1,0,0,1,14.76,16.665,37,19.0012,10,57,67,12010810.,02AM00.,01,02,7
2012-01-08 03:00:00,1,0,0,1,13.94,16.665,42,8.9981,6,26,32,12010810.,03AM00.,01,03,7
2012-01-08 04:00:00,1,0,0,1,13.12,15.15,49,16.9979,2,4,6,12010810.,04AM00.,01,04,7
2012-01-08 05:00:00,1,0,0,2,13.12,16.665,49,7.0015,0,2,2,12010810.,05AM00.,01,05,7
2012-01-08 06:00:00,1,0,0,2,12.3,16.665,52,0.0,0,2,2,12010810.,06AM00.,01,06,7
2012-01-08 07:00:00,1,0,0,2,12.3,16.665,52,0.0,1,23,24,12010810.,07AM00.,01,07,7
2012-01-08 08:00:00,1,0,0,1,12.3,15.15,52,8.9981,4,53,57,12010810.,08AM00.,01,08,7
2012-01-08 09:00:00,1,0,0,1,13.12,16.665,53,8.9981,23,102,125,12010810.,09AM00.,01,09,7
2012-01-08 10:00:00,1,0,0,1,13.94,16.665,49,11.0014,27,181,208,12010810.,10AM00.,01,10,7
2012-01-08 11:00:00,1,0,0,1,14.76,17.425,46,15.0013,55,201,256,12010810.,11AM00.,01,11,7
2012-01-08 12:00:00,1,0,0,1,15.58,19.695,43,15.0013,78,273,351,12010810.,12PM00.,01,12,7
2012-01-08 13:00:00,1,0,0,1,16.4,20.455,37,19.9995,77,266,343,12010810.,01PM00.,01,13,7
2012-01-08 14:00:00,1,0,0,1,16.4,20.455,40,12.998,75,253,328,12010810.,02PM00.,01,14,7
2012-01-08 15:00:00,1,0,0,1,16.4,20.455,37,19.0012,89,241,330,12010810.,03PM00.,01,15,7
2012-01-08 16:00:00,1,0,0,1,16.4,20.455,37,19.9995,58,256,314,12010810.,04PM00.,01,16,7
2012-01-08 17:00:00,1,0,0,1,15.58,19.695,40,15.0013,22,197,219,12010810.,05PM00.,01,17,7
2012-01-08 18:00:00,1,0,0,1,13.94,15.91,46,15.0013,19,162,181,12010810.,06PM00.,01,18,7
2012-01-08 19:00:00,1,0,0,1,13.12,15.91,49,12.998,8,104,112,12010810.,07PM00.,01,19,7
2012-01-08 20:00:00,1,0,0,1,12.3,15.15,52,11.0014,7,119,126,12010810.,08PM00.,01,20,7
2012-01-08 21:00:00,1,0,0,1,11.48,13.635,56,15.0013,10,81,91,12010810.,09PM00.,01,21,7
2012-01-08 22:00:00,1,0,0,1,10.66,13.635,60,7.0015,4,54,58,12010810.,10PM00.,01,22,7
2012-01-08 23:00:00,1,0,0,1,10.66,12.12,56,16.9979,0,30,30,12010810.,11PM00.,01,23,7
2012-01-09 00:00:00,1,0,1,1,9.84,11.365,60,15.0013,3,12,15,12010910.,12AM00.,01,00,1
2012-01-09 01:00:00,1,0,1,1,9.84,12.12,60,8.9981,1,4,5,12010910.,01AM00.,01,01,1
2012-01-09 02:00:00,1,0,1,1,9.84,12.12,56,8.9981,2,3,5,12010910.,02AM00.,01,02,1
2012-01-09 03:00:00,1,0,1,1,9.84,12.12,52,11.0014,0,3,3,12010910.,03AM00.,01,03,1
2012-01-09 04:00:00,1,0,1,1,9.02,12.12,64,7.0015,0,4,4,12010910.,04AM00.,01,04,1
2012-01-09 05:00:00,1,0,1,2,8.2,11.365,64,6.0032,0,21,21,12010910.,05AM00.,01,05,1
2012-01-09 06:00:00,1,0,1,2,9.02,11.365,60,8.9981,3,85,88,12010910.,06AM00.,01,06,1
2012-01-09 07:00:00,1,0,1,2,9.02,12.12,60,7.0015,1,239,240,12010910.,07AM00.,01,07,1
2012-01-09 08:00:00,1,0,1,2,9.02,12.88,55,6.0032,13,407,420,12010910.,08AM00.,01,08,1
2012-01-09 09:00:00,1,0,1,2,9.02,13.635,64,0.0,9,188,197,12010910.,09AM00.,01,09,1
2012-01-09 10:00:00,1,0,1,1,9.84,14.395,60,0.0,13,95,108,12010910.,10AM00.,01,10,1
2012-01-09 11:00:00,1,0,1,2,10.66,14.395,56,6.0032,6,82,88,12010910.,11AM00.,01,11,1
2012-01-09 12:00:00,1,0,1,2,10.66,13.635,56,7.0015,10,93,103,12010910.,12PM00.,01,12,1
2012-01-09 13:00:00,1,0,1,2,10.66,13.635,56,7.0015,3,77,80,12010910.,01PM00.,01,13,1
2012-01-09 14:00:00,1,0,1,3,9.02,11.365,75,11.0014,5,45,50,12010910.,02PM00.,01,14,1
2012-01-09 15:00:00,1,0,1,3,9.02,11.365,75,11.0014,5,64,69,12010910.,03PM00.,01,15,1
2012-01-09 16:00:00,1,0,1,3,9.02,12.88,87,6.0032,3,46,49,12010910.,04PM00.,01,16,1
2012-01-09 17:00:00,1,0,1,3,9.02,13.635,87,0.0,5,147,152,12010910.,05PM00.,01,17,1
2012-01-09 18:00:00,1,0,1,4,8.2,11.365,86,6.0032,6,158,164,12010910.,06PM00.,01,18,1
2012-01-09 19:00:00,1,0,1,3,8.2,11.365,93,6.0032,3,187,190,12010910.,07PM00.,01,19,1
2012-01-09 20:00:00,1,0,1,2,8.2,11.365,86,6.0032,5,127,132,12010910.,08PM00.,01,20,1
2012-01-09 21:00:00,1,0,1,2,8.2,12.88,93,0.0,1,78,79,12010910.,09PM00.,01,21,1
2012-01-09 22:00:00,1,0,1,2,8.2,11.365,92,7.0015,8,54,62,12010910.,10PM00.,01,22,1
2012-01-09 23:00:00,1,0,1,2,9.02,12.12,87,7.0015,1,51,52,12010910.,11PM00.,01,23,1
2012-01-10 00:00:00,1,0,1,2,9.02,12.12,87,7.0015,0,14,14,12011010.,12AM00.,01,00,2
2012-01-10 01:00:00,1,0,1,2,9.02,12.12,93,7.0015,2,3,5,12011010.,01AM00.,01,01,2
2012-01-10 02:00:00,1,0,1,2,9.02,11.365,87,11.0014,2,2,4,12011010.,02AM00.,01,02,2
2012-01-10 04:00:00,1,0,1,2,8.2,10.605,86,11.0014,0,4,4,12011010.,04AM00.,01,04,2
2012-01-10 05:00:00,1,0,1,1,16.4,20.455,47,15.0013,0,23,23,12011010.,05AM00.,01,05,2
2012-01-10 06:00:00,1,0,1,2,7.38,9.09,93,12.998,0,79,79,12011010.,06AM00.,01,06,2
2012-01-10 07:00:00,1,0,1,2,7.38,9.85,93,11.0014,3,219,222,12011010.,07AM00.,01,07,2
2012-01-10 08:00:00,1,0,1,2,7.38,9.85,93,11.0014,6,465,471,12011010.,08AM00.,01,08,2
2012-01-10 09:00:00,1,0,1,2,7.38,9.85,93,11.0014,11,184,195,12011010.,09AM00.,01,09,2
2012-01-10 10:00:00,1,0,1,2,7.38,9.85,93,11.0014,3,80,83,12011010.,10AM00.,01,10,2
2012-01-10 11:00:00,1,0,1,1,17.22,21.21,38,19.9995,8,93,101,12011010.,11AM00.,01,11,2
2012-01-10 12:00:00,1,0,1,1,17.22,21.21,38,19.9995,13,127,140,12011010.,12PM00.,01,12,2
2012-01-10 13:00:00,1,0,1,1,17.22,21.21,38,19.9995,15,163,178,12011010.,01PM00.,01,13,2
2012-01-10 14:00:00,1,0,1,1,17.22,21.21,38,19.9995,10,96,106,12011010.,02PM00.,01,14,2
2012-01-10 15:00:00,1,0,1,1,17.22,21.21,38,19.9995,17,119,136,12011010.,03PM00.,01,15,2
2012-01-10 16:00:00,1,0,1,1,17.22,21.21,38,23.9994,15,225,240,12011010.,04PM00.,01,16,2
2012-01-10 17:00:00,1,0,1,1,17.22,21.21,38,16.9979,14,446,460,12011010.,05PM00.,01,17,2
2012-01-10 18:00:00,1,0,1,1,16.4,20.455,40,7.0015,13,372,385,12011010.,06PM00.,01,18,2
2012-01-10 19:00:00,1,0,1,1,15.58,19.695,46,7.0015,11,270,281,12011010.,07PM00.,01,19,2
2012-01-10 20:00:00,1,0,1,1,13.94,17.425,53,7.0015,10,190,200,12011010.,08PM00.,01,20,2
2012-01-10 21:00:00,1,0,1,1,13.12,16.665,66,6.0032,7,109,116,12011010.,09PM00.,01,21,2
2012-01-10 22:00:00,1,0,1,1,12.3,15.15,70,6.0032,10,104,114,12011010.,10PM00.,01,22,2
2012-01-10 23:00:00,1,0,1,1,10.66,13.635,81,7.0015,3,38,41,12011010.,11PM00.,01,23,2
2012-01-11 00:00:00,1,0,1,1,10.66,15.15,81,0.0,2,26,28,12011110.,12AM00.,01,00,3
2012-01-11 01:00:00,1,0,1,1,9.84,12.88,87,6.0032,1,6,7,12011110.,01AM00.,01,01,3
2012-01-11 02:00:00,1,0,1,1,8.2,10.605,85,11.0014,0,5,5,12011110.,02AM00.,01,02,3
2012-01-11 03:00:00,1,0,1,1,9.02,13.635,80,0.0,0,4,4,12011110.,03AM00.,01,03,3
2012-01-11 04:00:00,1,0,1,1,8.2,10.605,80,8.9981,0,2,2,12011110.,04AM00.,01,04,3
2012-01-11 05:00:00,1,0,1,1,8.2,10.605,80,8.9981,0,22,22,12011110.,05AM00.,01,05,3
2012-01-11 06:00:00,1,0,1,1,8.2,10.605,86,8.9981,2,72,74,12011110.,06AM00.,01,06,3
2012-01-11 07:00:00,1,0,1,1,8.2,10.605,80,8.9981,9,247,256,12011110.,07AM00.,01,07,3
2012-01-11 08:00:00,1,0,1,1,8.2,11.365,82,7.0015,11,488,499,12011110.,08AM00.,01,08,3
2012-01-11 09:00:00,1,0,1,2,8.2,10.605,86,8.9981,7,218,225,12011110.,09AM00.,01,09,3
2012-01-11 10:00:00,1,0,1,2,9.84,12.12,87,8.9981,13,84,97,12011110.,10AM00.,01,10,3
2012-01-11 11:00:00,1,0,1,2,10.66,14.395,87,6.0032,9,90,99,12011110.,11AM00.,01,11,3
2012-01-11 12:00:00,1,0,1,3,12.3,16.665,81,0.0,4,51,55,12011110.,12PM00.,01,12,3
2012-01-11 13:00:00,1,0,1,3,13.12,17.425,76,0.0,8,57,65,12011110.,01PM00.,01,13,3
2012-01-11 14:00:00,1,0,1,3,13.12,16.665,81,7.0015,3,70,73,12011110.,02PM00.,01,14,3
2012-01-11 15:00:00,1,0,1,2,13.94,17.425,87,6.0032,6,73,79,12011110.,03PM00.,01,15,3
2012-01-11 16:00:00,1,0,1,2,13.94,15.91,87,16.9979,6,112,118,12011110.,04PM00.,01,16,3
2012-01-11 17:00:00,1,0,1,3,13.94,15.91,87,15.0013,6,128,134,12011110.,05PM00.,01,17,3
2012-01-11 18:00:00,1,0,1,3,13.94,16.665,87,12.998,2,96,98,12011110.,06PM00.,01,18,3
2012-01-11 19:00:00,1,0,1,3,13.12,15.15,93,15.0013,1,92,93,12011110.,07PM00.,01,19,3
2012-01-11 20:00:00,1,0,1,3,13.12,15.91,93,11.0014,2,55,57,12011110.,08PM00.,01,20,3
2012-01-11 21:00:00,1,0,1,3,13.94,15.91,87,15.0013,0,29,29,12011110.,09PM00.,01,21,3
2012-01-11 22:00:00,1,0,1,3,13.94,16.665,87,12.998,0,49,49,12011110.,10PM00.,01,22,3
2012-01-11 23:00:00,1,0,1,3,13.94,15.91,87,15.0013,0,9,9,12011110.,11PM00.,01,23,3
2012-01-12 00:00:00,1,0,1,3,13.94,16.665,93,12.998,0,3,3,12011210.,12AM00.,01,00,4
2012-01-12 01:00:00,1,0,1,3,14.76,17.425,93,12.998,0,3,3,12011210.,01AM00.,01,01,4
2012-01-12 02:00:00,1,0,1,3,14.76,17.425,93,16.9979,1,1,2,12011210.,02AM00.,01,02,4
2012-01-12 03:00:00,1,0,1,3,14.76,17.425,93,16.9979,0,3,3,12011210.,03AM00.,01,03,4
2012-01-12 04:00:00,1,0,1,3,14.76,17.425,93,12.998,0,2,2,12011210.,04AM00.,01,04,4
2012-01-12 05:00:00,1,0,1,3,13.94,17.425,93,6.0032,0,16,16,12011210.,05AM00.,01,05,4
2012-01-12 06:00:00,1,0,1,3,14.76,17.425,93,8.9981,1,88,89,12011210.,06AM00.,01,06,4
2012-01-12 07:00:00,1,0,1,2,13.94,15.91,87,19.0012,2,218,220,12011210.,07AM00.,01,07,4
2012-01-12 08:00:00,1,0,1,1,13.12,15.91,81,12.998,11,497,508,12011210.,08AM00.,01,08,4
2012-01-12 09:00:00,1,0,1,1,13.12,16.665,81,7.0015,10,220,230,12011210.,09AM00.,01,09,4
2012-01-12 10:00:00,1,0,1,1,13.94,17.425,81,7.0015,6,84,90,12011210.,10AM00.,01,10,4
2012-01-12 11:00:00,1,0,1,2,13.94,17.425,81,7.0015,18,101,119,12011210.,11AM00.,01,11,4
2012-01-12 12:00:00,1,0,1,2,13.94,17.425,81,7.0015,14,130,144,12011210.,12PM00.,01,12,4
2012-01-12 13:00:00,1,0,1,1,17.22,21.21,77,11.0014,13,170,183,12011210.,01PM00.,01,13,4
2012-01-12 14:00:00,1,0,1,1,17.22,21.21,77,11.0014,24,132,156,12011210.,02PM00.,01,14,4
2012-01-12 15:00:00,1,0,1,1,18.04,21.97,72,8.9981,32,156,188,12011210.,03PM00.,01,15,4
2012-01-12 16:00:00,1,0,1,1,18.86,22.725,67,12.998,33,248,281,12011210.,04PM00.,01,16,4
2012-01-12 17:00:00,1,0,1,1,18.86,22.725,63,11.0014,23,472,495,12011210.,05PM00.,01,17,4
2012-01-12 18:00:00,1,0,1,1,18.04,21.97,67,12.998,22,399,421,12011210.,06PM00.,01,18,4
2012-01-12 19:00:00,1,0,1,2,17.22,21.21,71,11.0014,17,313,330,12011210.,07PM00.,01,19,4
2012-01-12 20:00:00,1,0,1,2,17.22,21.21,71,12.998,11,229,240,12011210.,08PM00.,01,20,4
2012-01-12 21:00:00,1,0,1,1,18.04,21.97,67,8.9981,12,162,174,12011210.,09PM00.,01,21,4
2012-01-12 22:00:00,1,0,1,1,15.58,19.695,76,19.9995,12,121,133,12011210.,10PM00.,01,22,4
2012-01-12 23:00:00,1,0,1,1,16.4,20.455,76,22.0028,7,60,67,12011210.,11PM00.,01,23,4
2012-01-13 00:00:00,1,0,1,2,16.4,20.455,71,19.0012,4,38,42,12011310.,12AM00.,01,00,5
2012-01-13 01:00:00,1,0,1,2,15.58,19.695,76,19.9995,0,12,12,12011310.,01AM00.,01,01,5
2012-01-13 02:00:00,1,0,1,1,16.4,20.455,76,23.9994,1,13,14,12011310.,02AM00.,01,02,5
2012-01-13 03:00:00,1,0,1,1,14.76,16.665,87,16.9979,3,4,7,12011310.,03AM00.,01,03,5
2012-01-13 04:00:00,1,0,1,3,13.12,14.395,70,32.9975,1,2,3,12011310.,04AM00.,01,04,5
2012-01-13 05:00:00,1,0,1,2,12.3,12.12,70,36.9974,0,21,21,12011310.,05AM00.,01,05,5
2012-01-13 06:00:00,1,0,1,2,10.66,12.88,75,15.0013,2,71,73,12011310.,06AM00.,01,06,5
2012-01-13 07:00:00,1,0,1,1,10.66,12.88,60,15.0013,3,174,177,12011310.,07AM00.,01,07,5
2012-01-13 08:00:00,1,0,1,1,9.84,10.605,52,23.9994,11,408,419,12011310.,08AM00.,01,08,5
2012-01-13 09:00:00,1,0,1,1,9.02,9.85,47,26.0027,10,204,214,12011310.,09AM00.,01,09,5
2012-01-13 10:00:00,1,0,1,1,9.84,9.85,44,30.0026,2,101,103,12011310.,10AM00.,01,10,5
2012-01-13 11:00:00,1,0,1,1,9.84,9.09,38,40.9973,12,102,114,12011310.,11AM00.,01,11,5
2012-01-13 12:00:00,1,0,1,1,9.84,9.85,38,32.9975,14,140,154,12011310.,12PM00.,01,12,5
2012-01-13 13:00:00,1,0,1,1,10.66,10.605,33,35.0008,14,140,154,12011310.,01PM00.,01,13,5
2012-01-13 14:00:00,1,0,1,1,10.66,10.605,33,36.9974,10,119,129,12011310.,02PM00.,01,14,5
2012-01-13 15:00:00,1,0,1,1,10.66,10.605,33,39.0007,15,123,138,12011310.,03PM00.,01,15,5
2012-01-13 16:00:00,1,0,1,1,11.48,12.12,30,31.0009,18,215,233,12011310.,04PM00.,01,16,5
2012-01-13 17:00:00,1,0,1,1,11.48,12.12,33,27.9993,15,317,332,12011310.,05PM00.,01,17,5
2012-01-13 18:00:00,1,0,1,1,10.66,11.365,38,19.9995,7,294,301,12011310.,06PM00.,01,18,5
2012-01-13 19:00:00,1,0,1,1,10.66,12.12,38,19.0012,7,199,206,12011310.,07PM00.,01,19,5
2012-01-13 20:00:00,1,0,1,1,9.84,12.12,41,11.0014,6,130,136,12011310.,08PM00.,01,20,5
2012-01-13 21:00:00,1,0,1,1,9.84,10.605,41,19.0012,7,95,102,12011310.,09PM00.,01,21,5
2012-01-13 22:00:00,1,0,1,1,8.2,9.09,47,22.0028,7,58,65,12011310.,10PM00.,01,22,5
2012-01-13 23:00:00,1,0,1,1,7.38,9.09,47,12.998,5,60,65,12011310.,11PM00.,01,23,5
2012-01-14 00:00:00,1,0,0,1,6.56,9.09,47,7.0015,2,42,44,12011410.,12AM00.,01,00,6
2012-01-14 01:00:00,1,0,0,1,6.56,7.575,47,12.998,6,44,50,12011410.,01AM00.,01,01,6
2012-01-14 02:00:00,1,0,0,1,6.56,8.335,47,11.0014,6,32,38,12011410.,02AM00.,01,02,6
2012-01-14 03:00:00,1,0,0,1,5.74,8.335,54,7.0015,6,14,20,12011410.,03AM00.,01,03,6
2012-01-14 04:00:00,1,0,0,1,5.74,7.575,50,8.9981,0,3,3,12011410.,04AM00.,01,04,6
2012-01-14 05:00:00,1,0,0,1,5.74,7.575,50,8.9981,0,4,4,12011410.,05AM00.,01,05,6
2012-01-14 06:00:00,1,0,0,1,5.74,7.575,50,0.0,0,5,5,12011410.,06AM00.,01,06,6
2012-01-14 07:00:00,1,0,0,1,5.74,7.575,50,8.9981,0,24,24,12011410.,07AM00.,01,07,6
2012-01-14 08:00:00,1,0,0,1,4.92,7.575,54,7.0015,3,89,92,12011410.,08AM00.,01,08,6
2012-01-14 09:00:00,1,0,0,1,5.74,8.335,50,7.0015,3,78,81,12011410.,09AM00.,01,09,6
2012-01-14 10:00:00,1,0,0,1,6.56,11.365,47,0.0,14,135,149,12011410.,10AM00.,01,10,6
2012-01-14 11:00:00,1,0,0,1,8.2,9.85,40,12.998,28,150,178,12011410.,11AM00.,01,11,6
2012-01-14 12:00:00,1,0,0,1,9.02,10.605,41,16.9979,30,189,219,12011410.,12PM00.,01,12,6
2012-01-14 13:00:00,1,0,0,1,9.02,10.605,44,19.0012,38,182,220,12011410.,01PM00.,01,13,6
2012-01-14 14:00:00,1,0,0,1,9.84,10.605,41,19.9995,52,179,231,12011410.,02PM00.,01,14,6
2012-01-14 15:00:00,1,0,0,1,9.84,10.605,38,19.9995,49,177,226,12011410.,03PM00.,01,15,6
2012-01-14 16:00:00,1,0,0,1,9.84,11.365,38,15.0013,28,178,206,12011410.,04PM00.,01,16,6
2012-01-14 17:00:00,1,0,0,1,9.84,11.365,41,16.9979,15,129,144,12011410.,05PM00.,01,17,6
2012-01-14 18:00:00,1,0,0,1,9.02,11.365,41,12.998,21,122,143,12011410.,06PM00.,01,18,6
2012-01-14 19:00:00,1,0,0,1,8.2,9.85,47,15.0013,12,90,102,12011410.,07PM00.,01,19,6
2012-01-14 20:00:00,1,0,0,1,8.2,9.85,44,16.9979,8,95,103,12011410.,08PM00.,01,20,6
2012-01-14 21:00:00,1,0,0,1,7.38,8.335,43,16.9979,3,66,69,12011410.,09PM00.,01,21,6
2012-01-14 22:00:00,1,0,0,1,6.56,6.82,47,23.9994,4,62,66,12011410.,10PM00.,01,22,6
2012-01-14 23:00:00,1,0,0,1,6.56,7.575,47,15.0013,5,71,76,12011410.,11PM00.,01,23,6
2012-01-15 00:00:00,1,0,0,1,6.56,6.82,47,22.0028,9,50,59,12011510.,12AM00.,01,00,7
2012-01-15 01:00:00,1,0,0,2,6.56,6.82,47,19.9995,2,40,42,12011510.,01AM00.,01,01,7
2012-01-15 02:00:00,1,0,0,2,6.56,6.82,47,19.0012,5,38,43,12011510.,02AM00.,01,02,7
2012-01-15 03:00:00,1,0,0,2,6.56,6.82,48,26.0027,1,24,25,12011510.,03AM00.,01,03,7
2012-01-15 04:00:00,1,0,0,2,6.56,6.82,47,26.0027,1,5,6,12011510.,04AM00.,01,04,7
2012-01-15 05:00:00,1,0,0,2,6.56,6.82,47,22.0028,0,5,5,12011510.,05AM00.,01,05,7
2012-01-15 06:00:00,1,0,0,2,5.74,6.06,50,19.0012,1,7,8,12011510.,06AM00.,01,06,7
2012-01-15 07:00:00,1,0,0,1,4.92,6.06,54,19.0012,3,14,17,12011510.,07AM00.,01,07,7
2012-01-15 08:00:00,1,0,0,1,4.92,6.06,54,15.0013,2,34,36,12011510.,08AM00.,01,08,7
2012-01-15 09:00:00,1,0,0,1,4.92,6.82,54,12.998,10,80,90,12011510.,09AM00.,01,09,7
2012-01-15 10:00:00,1,0,0,1,5.74,6.06,54,19.0012,11,115,126,12011510.,10AM00.,01,10,7
2012-01-15 11:00:00,1,0,0,1,6.56,7.575,47,15.0013,21,144,165,12011510.,11AM00.,01,11,7
2012-01-15 12:00:00,1,0,0,1,7.38,8.335,40,19.9995,42,192,234,12011510.,12PM00.,01,12,7
2012-01-15 13:00:00,1,0,0,1,8.2,9.09,34,19.0012,40,184,224,12011510.,01PM00.,01,13,7
2012-01-15 14:00:00,1,0,0,1,8.2,9.09,32,23.9994,25,163,188,12011510.,02PM00.,01,14,7
2012-01-15 15:00:00,1,0,0,1,9.02,11.365,27,12.998,33,173,206,12011510.,03PM00.,01,15,7
2012-01-15 16:00:00,1,0,0,1,9.02,10.605,29,19.9995,31,174,205,12011510.,04PM00.,01,16,7
2012-01-15 17:00:00,1,0,0,1,9.02,10.605,25,16.9979,15,131,146,12011510.,05PM00.,01,17,7
2012-01-15 18:00:00,1,0,0,1,7.38,9.09,29,15.0013,7,113,120,12011510.,06PM00.,01,18,7
2012-01-15 19:00:00,1,0,0,1,6.56,8.335,37,11.0014,9,101,110,12011510.,07PM00.,01,19,7
2012-01-15 20:00:00,1,0,0,1,6.56,9.09,37,7.0015,10,85,95,12011510.,08PM00.,01,20,7
2012-01-15 21:00:00,1,0,0,1,6.56,8.335,40,11.0014,1,71,72,12011510.,09PM00.,01,21,7
2012-01-15 22:00:00,1,0,0,1,7.38,10.605,37,6.0032,2,58,60,12011510.,10PM00.,01,22,7
2012-01-15 23:00:00,1,0,0,1,6.56,9.85,43,6.0032,3,26,29,12011510.,11PM00.,01,23,7
2012-01-16 00:00:00,1,1,0,1,5.74,7.575,46,8.9981,2,23,25,12011610.,12AM00.,01,00,1
2012-01-16 01:00:00,1,1,0,1,5.74,8.335,43,7.0015,2,18,20,12011610.,01AM00.,01,01,1
2012-01-16 02:00:00,1,1,0,1,5.74,10.605,46,0.0,3,14,17,12011610.,02AM00.,01,02,1
2012-01-16 03:00:00,1,1,0,1,4.92,9.85,50,0.0,0,3,3,12011610.,03AM00.,01,03,1
2012-01-16 04:00:00,1,1,0,1,4.92,7.575,58,7.0015,2,6,8,12011610.,04AM00.,01,04,1
2012-01-16 05:00:00,1,1,0,1,4.92,8.335,54,6.0032,1,5,6,12011610.,05AM00.,01,05,1
2012-01-16 06:00:00,1,1,0,1,4.1,6.82,54,6.0032,0,13,13,12011610.,06AM00.,01,06,1
2012-01-16 07:00:00,1,1,0,1,4.1,6.82,54,7.0015,5,28,33,12011610.,07AM00.,01,07,1
2012-01-16 08:00:00,1,1,0,1,4.1,6.06,58,11.0014,3,75,78,12011610.,08AM00.,01,08,1
2012-01-16 09:00:00,1,1,0,1,4.1,6.06,58,11.0014,7,89,96,12011610.,09AM00.,01,09,1
2012-01-16 10:00:00,1,1,0,2,5.74,6.82,59,12.998,19,107,126,12011610.,10AM00.,01,10,1
2012-01-16 11:00:00,1,1,0,1,6.56,7.575,59,16.9979,21,158,179,12011610.,11AM00.,01,11,1
2012-01-16 12:00:00,1,1,0,1,8.2,9.09,55,22.0028,20,165,185,12011610.,12PM00.,01,12,1
2012-01-16 13:00:00,1,1,0,2,9.84,9.85,41,27.9993,26,202,228,12011610.,01PM00.,01,13,1
2012-01-16 14:00:00,1,1,0,1,9.84,10.605,44,26.0027,23,158,181,12011610.,02PM00.,01,14,1
2012-01-16 15:00:00,1,1,0,1,10.66,10.605,44,30.0026,17,175,192,12011610.,03PM00.,01,15,1
2012-01-16 16:00:00,1,1,0,1,10.66,11.365,44,23.9994,22,158,180,12011610.,04PM00.,01,16,1
2012-01-16 17:00:00,1,1,0,1,10.66,11.365,48,22.0028,19,174,193,12011610.,05PM00.,01,17,1
2012-01-16 18:00:00,1,1,0,1,10.66,11.365,52,22.0028,6,175,181,12011610.,06PM00.,01,18,1
2012-01-16 19:00:00,1,1,0,1,10.66,12.12,56,19.0012,10,134,144,12011610.,07PM00.,01,19,1
2012-01-16 20:00:00,1,1,0,1,10.66,12.12,60,19.0012,2,88,90,12011610.,08PM00.,01,20,1
2012-01-16 21:00:00,1,1,0,1,11.48,12.88,52,22.0028,3,46,49,12011610.,09PM00.,01,21,1
2012-01-16 22:00:00,1,1,0,2,12.3,13.635,49,23.9994,4,39,43,12011610.,10PM00.,01,22,1
2012-01-16 23:00:00,1,1,0,3,10.66,11.365,70,19.9995,0,28,28,12011610.,11PM00.,01,23,1
2012-01-17 00:00:00,1,0,1,2,10.66,11.365,70,22.0028,0,12,12,12011710.,12AM00.,01,00,2
2012-01-17 01:00:00,1,0,1,2,11.48,12.88,65,23.9994,0,2,2,12011710.,01AM00.,01,01,2
2012-01-17 02:00:00,1,0,1,3,11.48,13.635,75,16.9979,0,12,12,12011710.,02AM00.,01,02,2
2012-01-17 04:00:00,1,0,1,3,13.12,15.15,66,22.0028,0,2,2,12011710.,04AM00.,01,04,2
2012-01-17 05:00:00,1,0,1,3,13.12,15.15,66,22.0028,0,13,13,12011710.,05AM00.,01,05,2
2012-01-17 06:00:00,1,0,1,3,12.3,14.395,75,16.9979,0,57,57,12011710.,06AM00.,01,06,2
2012-01-17 07:00:00,1,0,1,3,12.3,14.395,81,15.0013,5,121,126,12011710.,07AM00.,01,07,2
2012-01-17 08:00:00,1,0,1,3,12.3,14.395,81,19.0012,3,90,93,12011710.,08AM00.,01,08,2
2012-01-17 09:00:00,1,0,1,3,13.12,15.15,81,16.9979,7,61,68,12011710.,09AM00.,01,09,2
2012-01-17 10:00:00,1,0,1,3,12.3,14.395,87,16.9979,1,61,62,12011710.,10AM00.,01,10,2
2012-01-17 11:00:00,1,0,1,2,13.94,17.425,87,7.0015,2,73,75,12011710.,11AM00.,01,11,2
2012-01-17 12:00:00,1,0,1,2,13.12,15.15,87,19.0012,3,83,86,12011710.,12PM00.,01,12,2
2012-01-17 13:00:00,1,0,1,2,15.58,19.695,76,22.0028,8,95,103,12011710.,01PM00.,01,13,2
2012-01-17 14:00:00,1,0,1,1,18.04,21.97,62,32.9975,12,120,132,12011710.,02PM00.,01,14,2
2012-01-17 15:00:00,1,0,1,1,18.04,21.97,62,32.9975,6,123,129,12011710.,03PM00.,01,15,2
2012-01-17 16:00:00,1,0,1,1,18.86,22.725,63,36.9974,14,205,219,12011710.,04PM00.,01,16,2
2012-01-17 17:00:00,1,0,1,1,18.86,22.725,63,30.0026,20,442,462,12011710.,05PM00.,01,17,2
2012-01-17 18:00:00,1,0,1,1,18.86,22.725,63,30.0026,12,451,463,12011710.,06PM00.,01,18,2
2012-01-17 19:00:00,1,0,1,1,18.86,22.725,63,27.9993,11,297,308,12011710.,07PM00.,01,19,2
2012-01-17 20:00:00,1,0,1,1,18.86,22.725,63,23.9994,11,169,180,12011710.,08PM00.,01,20,2
2012-01-17 21:00:00,1,0,1,1,18.86,22.725,67,31.0009,6,174,180,12011710.,09PM00.,01,21,2
2012-01-17 22:00:00,1,0,1,1,18.86,22.725,72,26.0027,5,85,90,12011710.,10PM00.,01,22,2
2012-01-17 23:00:00,1,0,1,1,18.86,22.725,72,26.0027,1,60,61,12011710.,11PM00.,01,23,2
2012-01-18 00:00:00,1,0,1,2,18.86,22.725,77,22.0028,3,14,17,12011810.,12AM00.,01,00,3
2012-01-18 01:00:00,1,0,1,2,18.86,22.725,77,22.0028,0,10,10,12011810.,01AM00.,01,01,3
2012-01-18 02:00:00,1,0,1,2,18.04,21.97,51,32.9975,1,1,2,12011810.,02AM00.,01,02,3
2012-01-18 03:00:00,1,0,1,2,18.04,21.97,51,32.9975,1,3,4,12011810.,03AM00.,01,03,3
2012-01-18 04:00:00,1,0,1,1,13.94,14.395,46,35.0008,0,1,1,12011810.,04AM00.,01,04,3
2012-01-18 05:00:00,1,0,1,1,13.94,14.395,46,35.0008,0,29,29,12011810.,05AM00.,01,05,3
2012-01-18 06:00:00,1,0,1,1,13.94,14.395,36,35.0008,0,88,88,12011810.,06AM00.,01,06,3
2012-01-18 07:00:00,1,0,1,1,13.12,14.395,42,23.9994,1,262,263,12011810.,07AM00.,01,07,3
2012-01-18 08:00:00,1,0,1,1,12.3,13.635,52,27.9993,15,474,489,12011810.,08AM00.,01,08,3
2012-01-18 09:00:00,1,0,1,1,11.48,12.88,52,22.0028,6,196,202,12011810.,09AM00.,01,09,3
2012-01-18 10:00:00,1,0,1,1,12.3,13.635,42,31.0009,5,88,93,12011810.,10AM00.,01,10,3
2012-01-18 11:00:00,1,0,1,1,12.3,13.635,42,26.0027,4,110,114,12011810.,11AM00.,01,11,3
2012-01-18 12:00:00,1,0,1,1,12.3,12.88,39,32.9975,6,155,161,12011810.,12PM00.,01,12,3
2012-01-18 13:00:00,1,0,1,1,12.3,13.635,42,31.0009,6,124,130,12011810.,01PM00.,01,13,3
2012-01-18 14:00:00,1,0,1,1,12.3,13.635,33,26.0027,7,98,105,12011810.,02PM00.,01,14,3
2012-01-18 15:00:00,1,0,1,1,12.3,12.88,33,35.0008,8,122,130,12011810.,03PM00.,01,15,3
2012-01-18 16:00:00,1,0,1,1,11.48,11.365,30,35.0008,13,163,176,12011810.,04PM00.,01,16,3
2012-01-18 17:00:00,1,0,1,1,10.66,10.605,33,30.0026,8,338,346,12011810.,05PM00.,01,17,3
2012-01-18 18:00:00,1,0,1,1,9.84,10.605,32,23.9994,8,347,355,12011810.,06PM00.,01,18,3
2012-01-18 19:00:00,1,0,1,1,9.02,9.85,37,26.0027,5,251,256,12011810.,07PM00.,01,19,3
2012-01-18 20:00:00,1,0,1,1,9.02,10.605,37,16.9979,1,164,165,12011810.,08PM00.,01,20,3
2012-01-18 21:00:00,1,0,1,1,8.2,8.335,40,27.9993,5,119,124,12011810.,09PM00.,01,21,3
2012-01-18 22:00:00,1,0,1,1,7.38,8.335,47,16.9979,4,74,78,12011810.,10PM00.,01,22,3
2012-01-18 23:00:00,1,0,1,1,6.56,6.82,47,19.9995,2,36,38,12011810.,11PM00.,01,23,3
2012-01-19 00:00:00,1,0,1,1,5.74,6.82,50,12.998,0,16,16,12011910.,12AM00.,01,00,4
2012-01-19 01:00:00,1,0,1,1,5.74,7.575,50,11.0014,0,5,5,12011910.,01AM00.,01,01,4
2012-01-19 02:00:00,1,0,1,1,5.74,7.575,50,8.9981,0,3,3,12011910.,02AM00.,01,02,4
2012-01-19 03:00:00,1,0,1,1,4.92,7.575,54,7.0015,0,4,4,12011910.,03AM00.,01,03,4
2012-01-19 04:00:00,1,0,1,1,4.92,7.575,54,7.0015,0,1,1,12011910.,04AM00.,01,04,4
2012-01-19 05:00:00,1,0,1,1,4.92,6.06,55,16.9979,0,19,19,12011910.,05AM00.,01,05,4
2012-01-19 06:00:00,1,0,1,1,4.92,6.82,54,11.0014,0,86,86,12011910.,06AM00.,01,06,4
2012-01-19 07:00:00,1,0,1,1,4.92,8.335,54,6.0032,2,204,206,12011910.,07AM00.,01,07,4
2012-01-19 08:00:00,1,0,1,1,4.92,7.575,54,7.0015,9,414,423,12011910.,08AM00.,01,08,4
2012-01-19 09:00:00,1,0,1,1,4.92,9.85,54,0.0,6,204,210,12011910.,09AM00.,01,09,4
2012-01-19 10:00:00,1,0,1,1,5.74,10.605,59,0.0,10,98,108,12011910.,10AM00.,01,10,4
2012-01-19 11:00:00,1,0,1,1,6.56,8.335,55,11.0014,6,93,99,12011910.,11AM00.,01,11,4
2012-01-19 12:00:00,1,0,1,1,8.2,9.85,51,12.998,5,106,111,12011910.,12PM00.,01,12,4
2012-01-19 13:00:00,1,0,1,1,9.02,10.605,47,19.0012,6,118,124,12011910.,01PM00.,01,13,4
2012-01-19 14:00:00,1,0,1,1,9.84,11.365,44,12.998,15,104,119,12011910.,02PM00.,01,14,4
2012-01-19 15:00:00,1,0,1,1,10.66,11.365,44,19.9995,9,118,127,12011910.,03PM00.,01,15,4
2012-01-19 16:00:00,1,0,1,1,10.66,11.365,41,22.0028,8,185,193,12011910.,04PM00.,01,16,4
2012-01-19 17:00:00,1,0,1,2,10.66,11.365,44,22.0028,21,364,385,12011910.,05PM00.,01,17,4
2012-01-19 18:00:00,1,0,1,2,10.66,11.365,44,22.0028,16,345,361,12011910.,06PM00.,01,18,4
2012-01-19 19:00:00,1,0,1,2,10.66,11.365,48,19.9995,5,229,234,12011910.,07PM00.,01,19,4
2012-01-19 20:00:00,1,0,1,1,10.66,10.605,52,30.0026,7,184,191,12011910.,08PM00.,01,20,4
2012-01-19 21:00:00,1,0,1,1,10.66,11.365,44,23.9994,4,117,121,12011910.,09PM00.,01,21,4
2012-01-19 22:00:00,1,0,1,2,10.66,11.365,44,27.9993,0,90,90,12011910.,10PM00.,01,22,4
2012-01-19 23:00:00,1,0,1,1,10.66,11.365,48,22.0028,1,55,56,12011910.,11PM00.,01,23,4
2012-02-01 00:00:00,1,0,1,1,18.04,21.97,38,19.0012,0,31,31,12020110.,12AM00.,02,00,3
2012-02-01 01:00:00,1,0,1,1,18.04,21.97,41,19.0012,0,4,4,12020110.,01AM00.,02,01,3
2012-02-01 02:00:00,1,0,1,1,18.04,21.97,44,19.0012,1,6,7,12020110.,02AM00.,02,02,3
2012-02-01 03:00:00,1,0,1,1,18.04,21.97,44,12.998,0,3,3,12020110.,03AM00.,02,03,3
2012-02-01 04:00:00,1,0,1,1,16.4,20.455,50,11.0014,0,1,1,12020110.,04AM00.,02,04,3
2012-02-01 05:00:00,1,0,1,1,16.4,20.455,50,11.0014,0,18,18,12020110.,05AM00.,02,05,3
2012-02-01 06:00:00,1,0,1,3,16.4,20.455,54,11.0014,0,67,67,12020110.,06AM00.,02,06,3
2012-02-01 07:00:00,1,0,1,3,15.58,19.695,62,6.0032,7,201,208,12020110.,07AM00.,02,07,3
2012-02-01 08:00:00,1,0,1,3,14.76,18.18,73,7.0015,15,505,520,12020110.,08AM00.,02,08,3
2012-02-01 09:00:00,1,0,1,2,14.76,17.425,71,12.998,9,267,276,12020110.,09AM00.,02,09,3
2012-02-01 10:00:00,1,0,1,1,16.4,20.455,62,8.9981,9,124,133,12020110.,10AM00.,02,10,3
2012-02-01 11:00:00,1,0,1,1,16.4,20.455,58,11.0014,27,116,143,12020110.,11AM00.,02,11,3
2012-02-01 12:00:00,1,0,1,1,18.04,21.97,54,7.0015,26,153,179,12020110.,12PM00.,02,12,3
2012-02-01 13:00:00,1,0,1,1,18.86,22.725,47,15.0013,12,174,186,12020110.,01PM00.,02,13,3
2012-02-01 14:00:00,1,0,1,1,25.42,31.06,33,15.0013,33,159,192,12020110.,02PM00.,02,14,3
2012-02-01 15:00:00,1,0,1,1,24.6,31.06,35,19.0012,25,169,194,12020110.,03PM00.,02,15,3
2012-02-01 16:00:00,1,0,1,1,24.6,31.06,40,15.0013,22,261,283,12020110.,04PM00.,02,16,3
2012-02-01 17:00:00,1,0,1,1,23.78,27.275,43,12.998,31,508,539,12020110.,05PM00.,02,17,3
2012-02-01 18:00:00,1,0,1,1,22.96,26.515,46,11.0014,12,514,526,12020110.,06PM00.,02,18,3
2012-02-01 19:00:00,1,0,1,1,22.14,25.76,52,19.0012,20,315,335,12020110.,07PM00.,02,19,3
2012-02-01 20:00:00,1,0,1,1,21.32,25.0,52,11.0014,10,254,264,12020110.,08PM00.,02,20,3
2012-02-01 21:00:00,1,0,1,1,21.32,25.0,52,11.0014,16,217,233,12020110.,09PM00.,02,21,3
2012-02-01 22:00:00,1,0,1,1,20.5,24.24,55,12.998,7,133,140,12020110.,10PM00.,02,22,3
2012-02-01 23:00:00,1,0,1,1,18.86,22.725,63,6.0032,22,75,97,12020110.,11PM00.,02,23,3
2012-02-02 00:00:00,1,0,1,1,18.86,22.725,59,8.9981,7,24,31,12020210.,12AM00.,02,00,4
2012-02-02 01:00:00,1,0,1,2,18.86,22.725,55,0.0,3,14,17,12020210.,01AM00.,02,01,4
2012-02-02 02:00:00,1,0,1,2,17.22,21.21,67,8.9981,2,7,9,12020210.,02AM00.,02,02,4
2012-02-02 03:00:00,1,0,1,2,17.22,21.21,67,8.9981,0,2,2,12020210.,03AM00.,02,03,4
2012-02-02 04:00:00,1,0,1,3,16.4,20.455,82,6.0032,0,1,1,12020210.,04AM00.,02,04,4
2012-02-02 05:00:00,1,0,1,3,16.4,20.455,82,0.0,0,19,19,12020210.,05AM00.,02,05,4
2012-02-02 06:00:00,1,0,1,3,14.76,18.94,90,0.0,1,73,74,12020210.,06AM00.,02,06,4
2012-02-02 07:00:00,1,0,1,3,14.76,18.94,93,0.0,4,201,205,12020210.,07AM00.,02,07,4
2012-02-02 08:00:00,1,0,1,3,16.4,20.455,87,0.0,9,436,445,12020210.,08AM00.,02,08,4
2012-02-02 09:00:00,1,0,1,3,15.58,19.695,87,0.0,15,213,228,12020210.,09AM00.,02,09,4
2012-02-02 10:00:00,1,0,1,3,17.22,21.21,77,7.0015,6,72,78,12020210.,10AM00.,02,10,4
2012-02-02 11:00:00,1,0,1,3,16.4,20.455,82,16.9979,6,99,105,12020210.,11AM00.,02,11,4
2012-02-02 12:00:00,1,0,1,1,17.22,21.21,82,0.0,8,140,148,12020210.,12PM00.,02,12,4
2012-02-02 13:00:00,1,0,1,2,17.22,21.21,77,0.0,13,124,137,12020210.,01PM00.,02,13,4
2012-02-02 14:00:00,1,0,1,1,16.4,20.455,76,7.0015,12,129,141,12020210.,02PM00.,02,14,4
2012-02-02 15:00:00,1,0,1,1,18.86,22.725,67,11.0014,24,150,174,12020210.,03PM00.,02,15,4
2012-02-02 16:00:00,1,0,1,1,18.86,22.725,55,19.0012,18,211,229,12020210.,04PM00.,02,16,4
2012-02-02 17:00:00,1,0,1,1,17.22,21.21,54,32.9975,13,437,450,12020210.,05PM00.,02,17,4
2012-02-02 18:00:00,1,0,1,1,16.4,20.455,43,31.0009,17,393,410,12020210.,06PM00.,02,18,4
2012-02-02 19:00:00,1,0,1,1,15.58,19.695,43,35.0008,16,311,327,12020210.,07PM00.,02,19,4
2012-02-02 20:00:00,1,0,1,1,14.76,15.91,46,35.0008,9,204,213,12020210.,08PM00.,02,20,4
2012-02-02 21:00:00,1,0,1,1,13.94,15.15,46,27.9993,4,144,148,12020210.,09PM00.,02,21,4
2012-02-02 22:00:00,1,0,1,1,13.12,14.395,49,27.9993,3,106,109,12020210.,10PM00.,02,22,4
2012-02-02 23:00:00,1,0,1,1,13.12,15.15,49,16.9979,0,61,61,12020210.,11PM00.,02,23,4
2012-02-03 00:00:00,1,0,1,1,13.12,14.395,53,26.0027,1,37,38,12020310.,12AM00.,02,00,5
2012-02-03 01:00:00,1,0,1,1,12.3,13.635,56,22.0028,3,19,22,12020310.,01AM00.,02,01,5
2012-02-03 02:00:00,1,0,1,1,12.3,14.395,52,15.0013,0,6,6,12020310.,02AM00.,02,02,5
2012-02-03 03:00:00,1,0,1,1,11.48,12.88,56,19.9995,0,4,4,12020310.,03AM00.,02,03,5
2012-02-03 04:00:00,1,0,1,1,10.66,12.88,60,15.0013,0,2,2,12020310.,04AM00.,02,04,5
2012-02-03 05:00:00,1,0,1,1,10.66,12.88,60,15.0013,0,17,17,12020310.,05AM00.,02,05,5
2012-02-03 06:00:00,1,0,1,1,9.84,12.12,65,11.0014,0,88,88,12020310.,06AM00.,02,06,5
2012-02-03 07:00:00,1,0,1,1,9.84,11.365,65,15.0013,10,216,226,12020310.,07AM00.,02,07,5
2012-02-03 08:00:00,1,0,1,1,9.84,11.365,65,15.0013,12,429,441,12020310.,08AM00.,02,08,5
2012-02-03 09:00:00,1,0,1,1,9.84,11.365,65,12.998,18,252,270,12020310.,09AM00.,02,09,5
2012-02-03 10:00:00,1,0,1,1,11.48,12.88,56,19.0012,15,114,129,12020310.,10AM00.,02,10,5
2012-02-03 11:00:00,1,0,1,1,13.12,15.15,53,19.9995,15,149,164,12020310.,11AM00.,02,11,5
2012-02-03 12:00:00,1,0,1,1,13.94,16.665,46,8.9981,25,191,216,12020310.,12PM00.,02,12,5
2012-02-03 13:00:00,1,0,1,1,14.76,18.18,46,0.0,25,173,198,12020310.,01PM00.,02,13,5
2012-02-03 14:00:00,1,0,1,1,14.76,17.425,46,15.0013,22,148,170,12020310.,02PM00.,02,14,5
2012-02-03 15:00:00,1,0,1,1,15.58,19.695,40,0.0,48,168,216,12020310.,03PM00.,02,15,5
2012-02-03 16:00:00,1,0,1,1,16.4,20.455,37,7.0015,36,275,311,12020310.,04PM00.,02,16,5
2012-02-03 17:00:00,1,0,1,1,16.4,20.455,37,6.0032,30,458,488,12020310.,05PM00.,02,17,5
2012-02-03 18:00:00,1,0,1,1,15.58,19.695,40,8.9981,17,368,385,12020310.,06PM00.,02,18,5
2012-02-03 19:00:00,1,0,1,1,13.94,17.425,49,7.0015,11,256,267,12020310.,07PM00.,02,19,5
2012-02-03 20:00:00,1,0,1,1,13.94,17.425,49,7.0015,8,155,163,12020310.,08PM00.,02,20,5
2012-02-03 21:00:00,1,0,1,1,13.94,17.425,49,7.0015,8,126,134,12020310.,09PM00.,02,21,5
2012-02-03 22:00:00,1,0,1,1,13.94,17.425,49,7.0015,3,116,119,12020310.,10PM00.,02,22,5
2012-02-03 23:00:00,1,0,1,1,10.66,13.635,70,7.0015,3,74,77,12020310.,11PM00.,02,23,5
2012-02-04 00:00:00,1,0,0,1,10.66,13.635,70,7.0015,10,76,86,12020410.,12AM00.,02,00,6
2012-02-04 01:00:00,1,0,0,1,10.66,13.635,70,7.0015,0,43,43,12020410.,01AM00.,02,01,6
2012-02-04 02:00:00,1,0,0,1,9.84,12.88,70,6.0032,6,38,44,12020410.,02AM00.,02,02,6
2012-02-04 03:00:00,1,0,0,1,9.84,14.395,75,0.0,1,17,18,12020410.,03AM00.,02,03,6
2012-02-04 04:00:00,1,0,0,1,9.84,12.88,81,6.0032,1,5,6,12020410.,04AM00.,02,04,6
2012-02-04 05:00:00,1,0,0,1,9.84,12.88,81,6.0032,1,3,4,12020410.,05AM00.,02,05,6
2012-02-04 06:00:00,1,0,0,1,9.02,11.365,87,8.9981,1,4,5,12020410.,06AM00.,02,06,6
2012-02-04 07:00:00,1,0,0,2,9.84,12.12,87,8.9981,1,27,28,12020410.,07AM00.,02,07,6
2012-02-04 08:00:00,1,0,0,1,9.84,14.395,87,0.0,4,86,90,12020410.,08AM00.,02,08,6
2012-02-04 09:00:00,1,0,0,1,9.84,12.12,81,8.9981,16,141,157,12020410.,09AM00.,02,09,6
2012-02-04 10:00:00,1,0,0,1,9.84,12.88,87,7.0015,31,193,224,12020410.,10AM00.,02,10,6
2012-02-04 11:00:00,1,0,0,1,12.3,16.665,70,0.0,46,224,270,12020410.,11AM00.,02,11,6
2012-02-04 12:00:00,1,0,0,2,12.3,15.91,70,6.0032,40,260,300,12020410.,12PM00.,02,12,6
2012-02-04 13:00:00,1,0,0,2,12.3,14.395,70,12.998,58,244,302,12020410.,01PM00.,02,13,6
2012-02-04 14:00:00,1,0,0,2,13.12,15.15,66,15.0013,47,229,276,12020410.,02PM00.,02,14,6
2012-02-04 15:00:00,1,0,0,2,13.12,15.15,66,15.0013,61,244,305,12020410.,03PM00.,02,15,6
2012-02-04 16:00:00,1,0,0,2,13.94,16.665,61,11.0014,20,123,143,12020410.,04PM00.,02,16,6
2012-02-04 17:00:00,1,0,0,3,12.3,14.395,70,12.998,13,54,67,12020410.,05PM00.,02,17,6
2012-02-04 18:00:00,1,0,0,3,11.48,13.635,75,11.0014,6,58,64,12020410.,06PM00.,02,18,6
2012-02-04 19:00:00,1,0,0,3,10.66,13.635,87,8.9981,5,75,80,12020410.,07PM00.,02,19,6
2012-02-04 20:00:00,1,0,0,3,9.84,11.365,93,12.998,4,73,77,12020410.,08PM00.,02,20,6
2012-02-04 21:00:00,1,0,0,3,9.84,12.12,93,8.9981,4,74,78,12020410.,09PM00.,02,21,6
2012-02-04 22:00:00,1,0,0,2,9.84,12.88,87,6.0032,4,91,95,12020410.,10PM00.,02,22,6
2012-02-04 23:00:00,1,0,0,2,9.84,12.12,87,8.9981,4,66,70,12020410.,11PM00.,02,23,6
2012-02-05 00:00:00,1,0,0,2,9.84,12.12,87,8.9981,3,58,61,12020510.,12AM00.,02,00,7
2012-02-05 01:00:00,1,0,0,2,9.84,12.88,93,7.0015,5,46,51,12020510.,01AM00.,02,01,7
2012-02-05 02:00:00,1,0,0,2,9.84,12.88,93,7.0015,4,59,63,12020510.,02AM00.,02,02,7
2012-02-05 03:00:00,1,0,0,3,9.84,12.88,87,6.0032,4,13,17,12020510.,03AM00.,02,03,7
2012-02-05 04:00:00,1,0,0,2,9.84,12.12,87,8.9981,0,9,9,12020510.,04AM00.,02,04,7
2012-02-05 05:00:00,1,0,0,3,10.66,12.88,81,12.998,0,4,4,12020510.,05AM00.,02,05,7
2012-02-05 06:00:00,1,0,0,2,10.66,12.12,70,16.9979,0,4,4,12020510.,06AM00.,02,06,7
2012-02-05 07:00:00,1,0,0,2,9.84,12.12,75,11.0014,0,16,16,12020510.,07AM00.,02,07,7
2012-02-05 08:00:00,1,0,0,2,9.84,12.12,75,11.0014,4,58,62,12020510.,08AM00.,02,08,7
2012-02-05 09:00:00,1,0,0,2,9.84,11.365,70,15.0013,9,83,92,12020510.,09AM00.,02,09,7
2012-02-05 10:00:00,1,0,0,2,10.66,12.12,65,19.0012,10,138,148,12020510.,10AM00.,02,10,7
2012-02-05 11:00:00,1,0,0,2,10.66,12.88,70,12.998,22,160,182,12020510.,11AM00.,02,11,7
2012-02-05 12:00:00,1,0,0,2,10.66,12.88,65,12.998,25,223,248,12020510.,12PM00.,02,12,7
2012-02-05 13:00:00,1,0,0,2,11.48,13.635,61,11.0014,33,241,274,12020510.,01PM00.,02,13,7
2012-02-05 14:00:00,1,0,0,1,12.3,15.15,61,11.0014,40,203,243,12020510.,02PM00.,02,14,7
2012-02-05 15:00:00,1,0,0,2,12.3,14.395,56,16.9979,55,217,272,12020510.,03PM00.,02,15,7
2012-02-05 16:00:00,1,0,0,1,12.3,14.395,56,15.0013,35,261,296,12020510.,04PM00.,02,16,7
2012-02-05 17:00:00,1,0,0,1,13.12,15.91,53,11.0014,31,275,306,12020510.,05PM00.,02,17,7
2012-02-05 18:00:00,1,0,0,1,12.3,14.395,52,16.9979,10,171,181,12020510.,06PM00.,02,18,7
2012-02-05 19:00:00,1,0,0,1,12.3,14.395,52,15.0013,6,63,69,12020510.,07PM00.,02,19,7
2012-02-05 20:00:00,1,0,0,1,11.48,13.635,56,12.998,3,47,50,12020510.,08PM00.,02,20,7
2012-02-05 21:00:00,1,0,0,1,11.48,14.395,56,7.0015,6,60,66,12020510.,09PM00.,02,21,7
2012-02-05 22:00:00,1,0,0,1,10.66,13.635,60,7.0015,9,182,191,12020510.,10PM00.,02,22,7
2012-02-05 23:00:00,1,0,0,1,9.84,12.12,70,8.9981,4,38,42,12020510.,11PM00.,02,23,7
2012-02-06 00:00:00,1,0,1,1,9.84,12.12,65,8.9981,7,14,21,12020610.,12AM00.,02,00,1
2012-02-06 01:00:00,1,0,1,1,9.02,12.88,75,6.0032,0,6,6,12020610.,01AM00.,02,01,1
2012-02-06 02:00:00,1,0,1,1,9.02,13.635,75,0.0,0,3,3,12020610.,02AM00.,02,02,1
2012-02-06 04:00:00,1,0,1,1,7.38,10.605,80,7.0015,0,2,2,12020610.,04AM00.,02,04,1
2012-02-06 05:00:00,1,0,1,1,7.38,10.605,80,7.0015,0,17,17,12020610.,05AM00.,02,05,1
2012-02-06 06:00:00,1,0,1,1,6.56,9.09,86,7.0015,0,72,72,12020610.,06AM00.,02,06,1
2012-02-06 07:00:00,1,0,1,1,6.56,9.09,86,7.0015,5,229,234,12020610.,07AM00.,02,07,1
2012-02-06 08:00:00,1,0,1,1,6.56,9.09,86,8.9981,10,434,444,12020610.,08AM00.,02,08,1
2012-02-06 09:00:00,1,0,1,1,7.38,10.605,80,7.0015,8,269,277,12020610.,09AM00.,02,09,1
2012-02-06 10:00:00,1,0,1,1,9.02,12.12,75,7.0015,20,96,116,12020610.,10AM00.,02,10,1
2012-02-06 11:00:00,1,0,1,1,10.66,13.635,70,8.9981,12,104,116,12020610.,11AM00.,02,11,1
2012-02-06 12:00:00,1,0,1,1,13.12,15.91,61,11.0014,19,131,150,12020610.,12PM00.,02,12,1
2012-02-06 13:00:00,1,0,1,1,15.58,19.695,40,15.0013,17,124,141,12020610.,01PM00.,02,13,1
2012-02-06 14:00:00,1,0,1,1,16.4,20.455,35,11.0014,14,126,140,12020610.,02PM00.,02,14,1
2012-02-06 15:00:00,1,0,1,1,17.22,21.21,32,19.0012,25,146,171,12020610.,03PM00.,02,15,1
2012-02-06 16:00:00,1,0,1,1,16.4,20.455,43,16.9979,13,215,228,12020610.,04PM00.,02,16,1
2012-02-06 17:00:00,1,0,1,1,16.4,20.455,43,16.9979,13,417,430,12020610.,05PM00.,02,17,1
2012-02-06 18:00:00,1,0,1,1,15.58,19.695,43,15.0013,11,426,437,12020610.,06PM00.,02,18,1
2012-02-06 19:00:00,1,0,1,1,14.76,16.665,43,16.9979,7,284,291,12020610.,07PM00.,02,19,1
2012-02-06 20:00:00,1,0,1,1,13.94,16.665,46,11.0014,7,194,201,12020610.,08PM00.,02,20,1
2012-02-06 21:00:00,1,0,1,1,13.12,15.91,57,11.0014,11,143,154,12020610.,09PM00.,02,21,1
2012-02-06 22:00:00,1,0,1,1,12.3,15.15,65,8.9981,4,83,87,12020610.,10PM00.,02,22,1
2012-02-06 23:00:00,1,0,1,1,12.3,15.15,65,8.9981,3,43,46,12020610.,11PM00.,02,23,1
2012-02-07 00:00:00,1,0,1,1,12.3,14.395,70,12.998,1,22,23,12020710.,12AM00.,02,00,2
2012-02-07 01:00:00,1,0,1,1,11.48,14.395,61,8.9981,8,6,14,12020710.,01AM00.,02,01,2
2012-02-07 02:00:00,1,0,1,1,12.3,16.665,61,0.0,0,4,4,12020710.,02AM00.,02,02,2
2012-02-07 03:00:00,1,0,1,2,12.3,16.665,70,0.0,1,1,2,12020710.,03AM00.,02,03,2
2012-02-07 04:00:00,1,0,1,2,12.3,16.665,70,0.0,0,3,3,12020710.,04AM00.,02,04,2
2012-02-07 05:00:00,1,0,1,1,13.12,16.665,49,6.0032,0,15,15,12020710.,05AM00.,02,05,2
2012-02-07 06:00:00,1,0,1,1,13.12,15.15,45,19.9995,2,98,100,12020710.,06AM00.,02,06,2
2012-02-07 07:00:00,1,0,1,1,13.12,17.425,45,0.0,6,293,299,12020710.,07AM00.,02,07,2
2012-02-07 08:00:00,1,0,1,1,12.3,15.91,49,0.0,7,522,529,12020710.,08AM00.,02,08,2
2012-02-07 09:00:00,1,0,1,1,13.12,16.665,49,0.0,11,278,289,12020710.,09AM00.,02,09,2
2012-02-07 10:00:00,1,0,1,1,13.94,16.665,46,11.0014,12,104,116,12020710.,10AM00.,02,10,2
2012-02-07 11:00:00,1,0,1,1,14.76,17.425,46,12.998,9,120,129,12020710.,11AM00.,02,11,2
2012-02-07 12:00:00,1,0,1,1,16.4,20.455,40,22.0028,9,163,172,12020710.,12PM00.,02,12,2
2012-02-07 13:00:00,1,0,1,1,18.04,21.97,38,16.9979,15,169,184,12020710.,01PM00.,02,13,2
2012-02-07 14:00:00,1,0,1,1,18.04,21.97,38,16.9979,11,127,138,12020710.,02PM00.,02,14,2
2012-02-07 15:00:00,1,0,1,1,18.04,21.97,38,12.998,13,133,146,12020710.,03PM00.,02,15,2
2012-02-07 16:00:00,1,0,1,1,18.04,21.97,35,16.9979,19,257,276,12020710.,04PM00.,02,16,2
2012-02-07 17:00:00,1,0,1,1,18.04,21.97,35,12.998,15,494,509,12020710.,05PM00.,02,17,2
2012-02-07 18:00:00,1,0,1,1,17.22,21.21,38,12.998,10,508,518,12020710.,06PM00.,02,18,2
2012-02-07 19:00:00,1,0,1,1,15.58,19.695,43,15.0013,11,327,338,12020710.,07PM00.,02,19,2
2012-02-07 20:00:00,1,0,1,1,14.76,17.425,50,8.9981,6,206,212,12020710.,08PM00.,02,20,2
2012-02-07 21:00:00,1,0,1,1,13.94,17.425,61,7.0015,20,170,190,12020710.,09PM00.,02,21,2
2012-02-07 22:00:00,1,0,1,1,13.12,15.91,57,12.998,11,107,118,12020710.,10PM00.,02,22,2
2012-02-07 23:00:00,1,0,1,1,13.12,16.665,57,8.9981,2,49,51,12020710.,11PM00.,02,23,2
2012-02-08 00:00:00,1,0,1,1,12.3,14.395,56,15.0013,2,21,23,12020810.,12AM00.,02,00,3
2012-02-08 01:00:00,1,0,1,1,11.48,13.635,61,11.0014,1,9,10,12020810.,01AM00.,02,01,3
2012-02-08 02:00:00,1,0,1,1,10.66,15.15,65,0.0,0,1,1,12020810.,02AM00.,02,02,3
2012-02-08 03:00:00,1,0,1,1,10.66,15.15,65,0.0,0,1,1,12020810.,03AM00.,02,03,3
2012-02-08 04:00:00,1,0,1,1,9.84,12.88,70,6.0032,0,1,1,12020810.,04AM00.,02,04,3
2012-02-08 05:00:00,1,0,1,1,9.84,12.88,70,6.0032,0,20,20,12020810.,05AM00.,02,05,3
2012-02-08 06:00:00,1,0,1,2,9.84,14.395,70,0.0,3,95,98,12020810.,06AM00.,02,06,3
2012-02-08 07:00:00,1,0,1,2,9.84,12.88,70,7.0015,5,276,281,12020810.,07AM00.,02,07,3
2012-02-08 08:00:00,1,0,1,2,9.84,11.365,70,15.0013,13,495,508,12020810.,08AM00.,02,08,3
2012-02-08 09:00:00,1,0,1,2,9.84,12.88,70,11.0014,8,245,253,12020810.,09AM00.,02,09,3
2012-02-08 10:00:00,1,0,1,2,10.66,12.88,70,15.0013,1,107,108,12020810.,10AM00.,02,10,3
2012-02-08 11:00:00,1,0,1,2,10.66,12.88,65,15.0013,5,97,102,12020810.,11AM00.,02,11,3
2012-02-08 12:00:00,1,0,1,2,11.48,12.88,65,19.0012,14,124,138,12020810.,12PM00.,02,12,3
2012-02-08 13:00:00,1,0,1,2,11.48,14.395,61,7.0015,15,111,126,12020810.,01PM00.,02,13,3
2012-02-08 14:00:00,1,0,1,2,12.3,15.15,56,11.0014,8,100,108,12020810.,02PM00.,02,14,3
2012-02-08 15:00:00,1,0,1,3,12.3,15.91,61,7.0015,5,49,54,12020810.,03PM00.,02,15,3
2012-02-08 16:00:00,1,0,1,3,10.66,13.635,81,7.0015,2,73,75,12020810.,04PM00.,02,16,3
2012-02-08 17:00:00,1,0,1,3,9.84,12.88,87,7.0015,8,147,155,12020810.,05PM00.,02,17,3
2012-02-08 18:00:00,1,0,1,3,9.84,12.88,87,7.0015,4,163,167,12020810.,06PM00.,02,18,3
2012-02-08 19:00:00,1,0,1,3,9.84,12.88,87,7.0015,3,158,161,12020810.,07PM00.,02,19,3
2012-02-08 20:00:00,1,0,1,3,9.84,12.12,87,8.9981,3,122,125,12020810.,08PM00.,02,20,3
2012-02-08 21:00:00,1,0,1,3,9.84,11.365,87,12.998,3,126,129,12020810.,09PM00.,02,21,3
2012-02-08 22:00:00,1,0,1,2,9.84,12.12,87,8.9981,3,95,98,12020810.,10PM00.,02,22,3
2012-02-08 23:00:00,1,0,1,2,9.84,12.12,87,11.0014,3,57,60,12020810.,11PM00.,02,23,3
2012-02-09 00:00:00,1,0,1,2,9.84,12.12,87,11.0014,3,23,26,12020910.,12AM00.,02,00,4
2012-02-09 01:00:00,1,0,1,2,9.84,12.12,87,8.9981,2,10,12,12020910.,01AM00.,02,01,4
2012-02-09 02:00:00,1,0,1,1,9.02,11.365,80,8.9981,0,2,2,12020910.,02AM00.,02,02,4
2012-02-09 03:00:00,1,0,1,1,9.02,10.605,80,19.0012,0,4,4,12020910.,03AM00.,02,03,4
2012-02-09 04:00:00,1,0,1,2,9.02,9.85,75,30.0026,0,1,1,12020910.,04AM00.,02,04,4
2012-02-09 05:00:00,1,0,1,1,8.2,9.09,75,19.0012,0,18,18,12020910.,05AM00.,02,05,4
2012-02-09 06:00:00,1,0,1,1,8.2,9.09,75,19.0012,1,75,76,12020910.,06AM00.,02,06,4
2012-02-09 07:00:00,1,0,1,1,8.2,9.85,69,16.9979,4,263,267,12020910.,07AM00.,02,07,4
2012-02-09 08:00:00,1,0,1,1,8.2,9.85,64,16.9979,11,473,484,12020910.,08AM00.,02,08,4
2012-02-09 09:00:00,1,0,1,1,8.2,9.85,59,15.0013,9,229,238,12020910.,09AM00.,02,09,4
2012-02-09 10:00:00,1,0,1,1,9.02,10.605,51,15.0013,7,90,97,12020910.,10AM00.,02,10,4
2012-02-09 11:00:00,1,0,1,1,9.84,11.365,52,15.0013,4,95,99,12020910.,11AM00.,02,11,4
2012-02-09 12:00:00,1,0,1,1,10.66,11.365,48,22.0028,10,148,158,12020910.,12PM00.,02,12,4
2012-02-09 13:00:00,1,0,1,1,12.3,13.635,42,22.0028,10,144,154,12020910.,01PM00.,02,13,4
2012-02-09 14:00:00,1,0,1,1,13.12,15.15,39,19.9995,18,126,144,12020910.,02PM00.,02,14,4
2012-02-09 15:00:00,1,0,1,1,13.12,15.15,36,19.9995,14,120,134,12020910.,03PM00.,02,15,4
2012-02-09 16:00:00,1,0,1,1,13.94,16.665,36,0.0,15,223,238,12020910.,04PM00.,02,16,4
2012-02-09 17:00:00,1,0,1,1,13.94,16.665,34,8.9981,12,387,399,12020910.,05PM00.,02,17,4
2012-02-09 18:00:00,1,0,1,1,13.94,16.665,31,11.0014,13,404,417,12020910.,06PM00.,02,18,4
2012-02-09 19:00:00,1,0,1,1,13.12,16.665,33,7.0015,8,287,295,12020910.,07PM00.,02,19,4
2012-02-09 20:00:00,1,0,1,1,13.12,17.425,36,0.0,2,197,199,12020910.,08PM00.,02,20,4
2012-02-09 21:00:00,1,0,1,1,12.3,15.91,52,6.0032,8,169,177,12020910.,09PM00.,02,21,4
2012-02-09 22:00:00,1,0,1,2,12.3,16.665,56,0.0,3,104,107,12020910.,10PM00.,02,22,4
2012-02-09 23:00:00,1,0,1,2,12.3,16.665,52,0.0,9,75,84,12020910.,11PM00.,02,23,4
2012-02-10 00:00:00,1,0,1,2,11.48,15.15,65,6.0032,4,39,43,12021010.,12AM00.,02,00,5
2012-02-10 01:00:00,1,0,1,2,11.48,15.15,61,6.0032,2,11,13,12021010.,01AM00.,02,01,5
2012-02-10 02:00:00,1,0,1,1,10.66,14.395,52,6.0032,7,9,16,12021010.,02AM00.,02,02,5
2012-02-10 03:00:00,1,0,1,1,10.66,14.395,56,6.0032,0,5,5,12021010.,03AM00.,02,03,5
2012-02-10 04:00:00,1,0,1,1,10.66,14.395,56,6.0032,0,2,2,12021010.,04AM00.,02,04,5
2012-02-10 05:00:00,1,0,1,1,9.84,11.365,52,15.0013,0,17,17,12021010.,05AM00.,02,05,5
2012-02-10 06:00:00,1,0,1,1,8.2,9.85,59,12.998,3,61,64,12021010.,06AM00.,02,06,5
2012-02-10 07:00:00,1,0,1,1,8.2,10.605,59,11.0014,5,225,230,12021010.,07AM00.,02,07,5
2012-02-10 08:00:00,1,0,1,1,8.2,10.605,59,11.0014,1,447,448,12021010.,08AM00.,02,08,5
2012-02-10 09:00:00,1,0,1,1,9.02,11.365,55,11.0014,10,265,275,12021010.,09AM00.,02,09,5
2012-02-10 10:00:00,1,0,1,2,10.66,13.635,48,8.9981,5,119,124,12021010.,10AM00.,02,10,5
2012-02-10 11:00:00,1,0,1,2,11.48,14.395,45,7.0015,19,134,153,12021010.,11AM00.,02,11,5
2012-02-10 12:00:00,1,0,1,2,12.3,15.15,42,8.9981,8,168,176,12021010.,12PM00.,02,12,5
2012-02-10 13:00:00,1,0,1,2,12.3,15.91,42,6.0032,22,170,192,12021010.,01PM00.,02,13,5
2012-02-10 14:00:00,1,0,1,2,13.12,16.665,39,6.0032,8,138,146,12021010.,02PM00.,02,14,5
2012-02-10 15:00:00,1,0,1,2,13.12,16.665,45,8.9981,27,164,191,12021010.,03PM00.,02,15,5
2012-02-10 16:00:00,1,0,1,2,13.94,15.91,42,16.9979,28,240,268,12021010.,04PM00.,02,16,5
2012-02-10 17:00:00,1,0,1,2,13.94,16.665,42,12.998,15,381,396,12021010.,05PM00.,02,17,5
2012-02-10 18:00:00,1,0,1,3,12.3,15.15,61,8.9981,14,345,359,12021010.,06PM00.,02,18,5
2012-02-10 19:00:00,1,0,1,2,13.12,17.425,57,0.0,16,246,262,12021010.,07PM00.,02,19,5
2012-02-10 20:00:00,1,0,1,2,13.12,17.425,57,0.0,7,144,151,12021010.,08PM00.,02,20,5
2012-02-10 21:00:00,1,0,1,2,13.12,16.665,66,6.0032,14,108,122,12021010.,09PM00.,02,21,5
2012-02-10 22:00:00,1,0,1,2,13.12,17.425,66,0.0,11,102,113,12021010.,10PM00.,02,22,5
2012-02-10 23:00:00,1,0,1,2,12.3,15.91,70,6.0032,1,64,65,12021010.,11PM00.,02,23,5
2012-02-11 00:00:00,1,0,0,2,12.3,15.15,70,8.9981,3,50,53,12021110.,12AM00.,02,00,6
2012-02-11 01:00:00,1,0,0,3,11.48,14.395,81,8.9981,2,43,45,12021110.,01AM00.,02,01,6
2012-02-11 02:00:00,1,0,0,3,10.66,12.88,81,12.998,2,24,26,12021110.,02AM00.,02,02,6
2012-02-11 03:00:00,1,0,0,3,9.84,11.365,87,15.0013,0,9,9,12021110.,03AM00.,02,03,6
2012-02-11 04:00:00,1,0,0,3,9.84,11.365,87,15.0013,0,4,4,12021110.,04AM00.,02,04,6
2012-02-11 05:00:00,1,0,0,3,9.02,11.365,93,11.0014,0,2,2,12021110.,05AM00.,02,05,6
2012-02-11 06:00:00,1,0,0,3,9.02,11.365,93,8.9981,1,8,9,12021110.,06AM00.,02,06,6
2012-02-11 07:00:00,1,0,0,3,9.02,11.365,93,8.9981,0,19,19,12021110.,07AM00.,02,07,6
2012-02-11 08:00:00,1,0,0,3,9.02,11.365,93,8.9981,1,77,78,12021110.,08AM00.,02,08,6
2012-02-11 09:00:00,1,0,0,3,9.02,12.12,93,7.0015,5,85,90,12021110.,09AM00.,02,09,6
2012-02-11 10:00:00,1,0,0,3,9.02,12.12,93,7.0015,23,143,166,12021110.,10AM00.,02,10,6
2012-02-11 11:00:00,1,0,0,2,9.84,12.88,81,7.0015,26,157,183,12021110.,11AM00.,02,11,6
2012-02-11 12:00:00,1,0,0,2,10.66,12.88,81,11.0014,25,196,221,12021110.,12PM00.,02,12,6
2012-02-11 13:00:00,1,0,0,2,10.66,12.12,81,19.0012,18,217,235,12021110.,01PM00.,02,13,6
2012-02-11 14:00:00,1,0,0,2,10.66,12.12,81,16.9979,38,205,243,12021110.,02PM00.,02,14,6
2012-02-11 15:00:00,1,0,0,2,12.3,13.635,61,19.9995,12,112,124,12021110.,03PM00.,02,15,6
2012-02-11 16:00:00,1,0,0,3,9.02,9.85,75,27.9993,12,134,146,12021110.,04PM00.,02,16,6
2012-02-11 17:00:00,1,0,0,3,9.02,9.09,69,31.0009,13,131,144,12021110.,05PM00.,02,17,6
2012-02-11 18:00:00,1,0,0,2,9.02,9.09,47,43.9989,3,105,108,12021110.,06PM00.,02,18,6
2012-02-11 19:00:00,1,0,0,2,8.2,7.575,40,36.9974,2,85,87,12021110.,07PM00.,02,19,6
2012-02-11 20:00:00,1,0,0,2,6.56,6.06,43,36.9974,1,62,63,12021110.,08PM00.,02,20,6
2012-02-11 21:00:00,1,0,0,1,5.74,3.79,43,43.0006,5,43,48,12021110.,09PM00.,02,21,6
2012-02-11 22:00:00,1,0,0,2,5.74,5.305,39,26.0027,0,46,46,12021110.,10PM00.,02,22,6
2012-02-11 23:00:00,1,0,0,3,4.92,3.79,50,32.9975,0,20,20,12021110.,11PM00.,02,23,6
2012-02-12 00:00:00,1,0,0,3,4.1,3.79,68,26.0027,0,21,21,12021210.,12AM00.,02,00,7
2012-02-12 01:00:00,1,0,0,3,3.28,2.275,79,31.0009,0,24,24,12021210.,01AM00.,02,01,7
2012-02-12 02:00:00,1,0,0,2,4.1,3.03,58,39.0007,1,26,27,12021210.,02AM00.,02,02,7
2012-02-12 03:00:00,1,0,0,2,4.1,2.275,46,46.0022,0,14,14,12021210.,03AM00.,02,03,7
2012-02-12 04:00:00,1,0,0,2,4.1,2.275,46,47.9988,0,1,1,12021210.,04AM00.,02,04,7
2012-02-12 05:00:00,1,0,0,1,4.1,3.79,49,26.0027,0,3,3,12021210.,05AM00.,02,05,7
2012-02-12 06:00:00,1,0,0,1,4.1,3.79,49,26.0027,0,2,2,12021210.,06AM00.,02,06,7
2012-02-12 07:00:00,1,0,0,1,3.28,4.545,53,12.998,0,18,18,12021210.,07AM00.,02,07,7
2012-02-12 08:00:00,1,0,0,1,3.28,3.79,53,16.9979,0,26,26,12021210.,08AM00.,02,08,7
2012-02-12 09:00:00,1,0,0,1,4.1,4.545,49,19.9995,3,60,63,12021210.,09AM00.,02,09,7
2012-02-12 10:00:00,1,0,0,1,4.92,5.305,42,23.9994,8,83,91,12021210.,10AM00.,02,10,7
2012-02-12 11:00:00,1,0,0,1,4.92,5.305,42,19.9995,3,121,124,12021210.,11AM00.,02,11,7
2012-02-12 12:00:00,1,0,0,1,5.74,3.79,39,43.0006,7,133,140,12021210.,12PM00.,02,12,7
2012-02-12 13:00:00,1,0,0,1,6.56,6.06,40,30.0026,10,128,138,12021210.,01PM00.,02,13,7
2012-02-12 14:00:00,1,0,0,1,6.56,6.06,40,35.0008,9,102,111,12021210.,02PM00.,02,14,7
2012-02-12 15:00:00,1,0,0,1,6.56,6.06,40,36.9974,5,150,155,12021210.,03PM00.,02,15,7
2012-02-12 16:00:00,1,0,0,1,8.2,8.335,34,31.0009,16,148,164,12021210.,04PM00.,02,16,7
2012-02-12 17:00:00,1,0,0,1,7.38,7.575,37,27.9993,4,83,87,12021210.,05PM00.,02,17,7
2012-02-12 18:00:00,1,0,0,1,6.56,6.06,40,31.0009,4,92,96,12021210.,06PM00.,02,18,7
2012-02-12 19:00:00,1,0,0,1,6.56,6.82,40,19.0012,2,78,80,12021210.,07PM00.,02,19,7
2012-02-12 20:00:00,1,0,0,1,5.74,6.06,42,22.0028,1,56,57,12021210.,08PM00.,02,20,7
2012-02-12 21:00:00,1,0,0,1,5.74,6.06,43,19.9995,0,36,36,12021210.,09PM00.,02,21,7
2012-02-12 22:00:00,1,0,0,1,5.74,7.575,43,11.0014,0,28,28,12021210.,10PM00.,02,22,7
2012-02-12 23:00:00,1,0,0,1,5.74,6.82,43,15.0013,0,23,23,12021210.,11PM00.,02,23,7
2012-02-13 00:00:00,1,0,1,1,5.74,6.82,46,15.0013,0,9,9,12021310.,12AM00.,02,00,1
2012-02-13 01:00:00,1,0,1,1,4.92,6.06,50,15.0013,0,6,6,12021310.,01AM00.,02,01,1
2012-02-13 02:00:00,1,0,1,1,5.74,6.82,46,12.998,0,4,4,12021310.,02AM00.,02,02,1
2012-02-13 03:00:00,1,0,1,1,4.92,7.575,54,7.0015,0,1,1,12021310.,03AM00.,02,03,1
2012-02-13 04:00:00,1,0,1,1,4.92,8.335,54,6.0032,0,2,2,12021310.,04AM00.,02,04,1
2012-02-13 05:00:00,1,0,1,1,4.1,6.06,58,8.9981,0,17,17,12021310.,05AM00.,02,05,1
2012-02-13 06:00:00,1,0,1,1,4.1,5.305,54,15.0013,1,71,72,12021310.,06AM00.,02,06,1
2012-02-13 07:00:00,1,0,1,1,4.1,5.305,54,12.998,1,194,195,12021310.,07AM00.,02,07,1
2012-02-13 08:00:00,1,0,1,1,4.1,6.06,54,8.9981,4,413,417,12021310.,08AM00.,02,08,1
2012-02-13 09:00:00,1,0,1,1,4.92,6.82,50,12.998,7,198,205,12021310.,09AM00.,02,09,1
2012-02-13 10:00:00,1,0,1,1,5.74,7.575,50,8.9981,1,70,71,12021310.,10AM00.,02,10,1
2012-02-13 11:00:00,1,0,1,1,9.02,11.365,37,12.998,5,85,90,12021310.,11AM00.,02,11,1
2012-02-13 12:00:00,1,0,1,1,11.48,12.88,28,22.0028,7,111,118,12021310.,12PM00.,02,12,1
2012-02-13 13:00:00,1,0,1,1,13.12,15.15,22,15.0013,11,129,140,12021310.,01PM00.,02,13,1
2012-02-13 14:00:00,1,0,1,1,13.94,17.425,23,7.0015,10,125,135,12021310.,02PM00.,02,14,1
2012-02-13 15:00:00,1,0,1,1,14.76,17.425,27,8.9981,10,145,155,12021310.,03PM00.,02,15,1
2012-02-13 16:00:00,1,0,1,1,14.76,17.425,23,12.998,5,206,211,12021310.,04PM00.,02,16,1
2012-02-13 17:00:00,1,0,1,1,14.76,17.425,23,12.998,8,399,407,12021310.,05PM00.,02,17,1
2012-02-13 18:00:00,1,0,1,1,13.94,15.91,25,16.9979,6,399,405,12021310.,06PM00.,02,18,1
2012-02-13 19:00:00,1,0,1,1,13.94,16.665,25,8.9981,7,256,263,12021310.,07PM00.,02,19,1
2012-02-13 20:00:00,1,0,1,1,12.3,15.15,42,11.0014,4,210,214,12021310.,08PM00.,02,20,1
2012-02-13 21:00:00,1,0,1,1,11.48,14.395,45,8.9981,2,145,147,12021310.,09PM00.,02,21,1
2012-02-13 22:00:00,1,0,1,1,10.66,13.635,56,7.0015,3,99,102,12021310.,10PM00.,02,22,1
2012-02-13 23:00:00,1,0,1,1,11.48,15.91,41,0.0,2,34,36,12021310.,11PM00.,02,23,1
2012-02-14 00:00:00,1,0,1,2,10.66,15.15,60,0.0,0,14,14,12021410.,12AM00.,02,00,2
2012-02-14 01:00:00,1,0,1,2,10.66,15.15,56,0.0,0,6,6,12021410.,01AM00.,02,01,2
2012-02-14 02:00:00,1,0,1,2,11.48,15.91,41,0.0,0,3,3,12021410.,02AM00.,02,02,2
2012-02-14 03:00:00,1,0,1,2,10.66,15.15,52,0.0,0,3,3,12021410.,03AM00.,02,03,2
2012-02-14 04:00:00,1,0,1,2,10.66,13.635,65,7.0015,0,2,2,12021410.,04AM00.,02,04,2
2012-02-14 05:00:00,1,0,1,2,10.66,13.635,65,7.0015,2,20,22,12021410.,05AM00.,02,05,2
2012-02-14 06:00:00,1,0,1,2,10.66,15.15,56,0.0,1,89,90,12021410.,06AM00.,02,06,2
2012-02-14 07:00:00,1,0,1,2,9.84,12.88,60,6.0032,4,276,280,12021410.,07AM00.,02,07,2
2012-02-14 08:00:00,1,0,1,2,9.84,14.395,70,0.0,3,510,513,12021410.,08AM00.,02,08,2
2012-02-14 09:00:00,1,0,1,2,10.66,14.395,56,6.0032,6,256,262,12021410.,09AM00.,02,09,2
2012-02-14 10:00:00,1,0,1,2,10.66,13.635,60,8.9981,8,90,98,12021410.,10AM00.,02,10,2
2012-02-14 11:00:00,1,0,1,2,12.3,15.15,45,11.0014,5,107,112,12021410.,11AM00.,02,11,2
2012-02-14 12:00:00,1,0,1,2,12.3,14.395,52,15.0013,10,162,172,12021410.,12PM00.,02,12,2
2012-02-14 13:00:00,1,0,1,2,14.76,16.665,40,16.9979,6,167,173,12021410.,01PM00.,02,13,2
2012-02-14 14:00:00,1,0,1,1,16.4,20.455,40,15.0013,13,111,124,12021410.,02PM00.,02,14,2
2012-02-14 15:00:00,1,0,1,2,17.22,21.21,38,30.0026,7,138,145,12021410.,03PM00.,02,15,2
2012-02-14 16:00:00,1,0,1,1,17.22,21.21,35,19.9995,15,251,266,12021410.,04PM00.,02,16,2
2012-02-14 17:00:00,1,0,1,1,17.22,21.21,38,23.9994,19,504,523,12021410.,05PM00.,02,17,2
2012-02-14 18:00:00,1,0,1,2,15.58,19.695,46,19.9995,8,398,406,12021410.,06PM00.,02,18,2
2012-02-14 19:00:00,1,0,1,2,14.76,17.425,50,11.0014,11,270,281,12021410.,07PM00.,02,19,2
2012-02-14 20:00:00,1,0,1,2,15.58,19.695,46,8.9981,6,178,184,12021410.,08PM00.,02,20,2
2012-02-14 21:00:00,1,0,1,2,14.76,18.18,50,7.0015,4,105,109,12021410.,09PM00.,02,21,2
2012-02-14 22:00:00,1,0,1,2,14.76,18.18,50,7.0015,5,72,77,12021410.,10PM00.,02,22,2
2012-02-14 23:00:00,1,0,1,2,14.76,18.18,50,6.0032,2,55,57,12021410.,11PM00.,02,23,2
2012-02-15 00:00:00,1,0,1,1,13.12,17.425,57,0.0,0,22,22,12021510.,12AM00.,02,00,3
2012-02-15 01:00:00,1,0,1,1,13.94,18.18,53,0.0,0,5,5,12021510.,01AM00.,02,01,3
2012-02-15 02:00:00,1,0,1,1,12.3,16.665,61,0.0,0,4,4,12021510.,02AM00.,02,02,3
2012-02-15 03:00:00,1,0,1,1,11.48,15.91,75,0.0,0,3,3,12021510.,03AM00.,02,03,3
2012-02-15 04:00:00,1,0,1,1,11.48,14.395,70,7.0015,0,1,1,12021510.,04AM00.,02,04,3
2012-02-15 05:00:00,1,0,1,1,11.48,14.395,70,7.0015,0,25,25,12021510.,05AM00.,02,05,3
2012-02-15 06:00:00,1,0,1,1,12.3,15.15,61,8.9981,3,92,95,12021510.,06AM00.,02,06,3
2012-02-15 07:00:00,1,0,1,2,12.3,14.395,65,12.998,3,318,321,12021510.,07AM00.,02,07,3
2012-02-15 08:00:00,1,0,1,1,13.12,14.395,61,23.9994,7,508,515,12021510.,08AM00.,02,08,3
2012-02-15 09:00:00,1,0,1,1,13.12,15.15,61,22.0028,5,226,231,12021510.,09AM00.,02,09,3
2012-02-15 10:00:00,1,0,1,1,13.94,15.15,57,19.9995,12,108,120,12021510.,10AM00.,02,10,3
2012-02-15 11:00:00,1,0,1,1,14.76,16.665,53,19.0012,13,125,138,12021510.,11AM00.,02,11,3
2012-02-15 12:00:00,1,0,1,1,15.58,19.695,46,26.0027,11,152,163,12021510.,12PM00.,02,12,3
2012-02-15 13:00:00,1,0,1,1,16.4,20.455,43,19.0012,11,159,170,12021510.,01PM00.,02,13,3
2012-02-15 14:00:00,1,0,1,1,17.22,21.21,41,23.9994,6,128,134,12021510.,02PM00.,02,14,3
2012-02-15 15:00:00,1,0,1,1,17.22,21.21,41,15.0013,7,164,171,12021510.,03PM00.,02,15,3
2012-02-15 16:00:00,1,0,1,1,17.22,21.21,38,12.998,9,222,231,12021510.,04PM00.,02,16,3
2012-02-15 17:00:00,1,0,1,1,17.22,21.21,38,12.998,17,470,487,12021510.,05PM00.,02,17,3
2012-02-15 18:00:00,1,0,1,1,16.4,20.455,40,15.0013,9,459,468,12021510.,06PM00.,02,18,3
2012-02-15 19:00:00,1,0,1,1,15.58,19.695,43,11.0014,9,302,311,12021510.,07PM00.,02,19,3
2012-02-15 20:00:00,1,0,1,1,14.76,17.425,46,11.0014,4,207,211,12021510.,08PM00.,02,20,3
2012-02-15 21:00:00,1,0,1,1,13.94,16.665,53,11.0014,8,170,178,12021510.,09PM00.,02,21,3
2012-02-15 22:00:00,1,0,1,1,13.94,17.425,49,7.0015,3,104,107,12021510.,10PM00.,02,22,3
2012-02-15 23:00:00,1,0,1,1,13.94,17.425,53,6.0032,4,54,58,12021510.,11PM00.,02,23,3
2012-02-16 00:00:00,1,0,1,2,12.3,15.15,70,8.9981,1,22,23,12021610.,12AM00.,02,00,4
2012-02-16 01:00:00,1,0,1,2,12.3,16.665,70,0.0,0,5,5,12021610.,01AM00.,02,01,4
2012-02-16 02:00:00,1,0,1,2,12.3,15.91,70,6.0032,1,6,7,12021610.,02AM00.,02,02,4
2012-02-16 03:00:00,1,0,1,2,12.3,16.665,61,0.0,0,1,1,12021610.,03AM00.,02,03,4
2012-02-16 04:00:00,1,0,1,3,12.3,15.91,70,6.0032,0,3,3,12021610.,04AM00.,02,04,4
2012-02-16 05:00:00,1,0,1,2,12.3,16.665,70,0.0,0,20,20,12021610.,05AM00.,02,05,4
2012-02-16 06:00:00,1,0,1,2,12.3,15.91,70,6.0032,4,83,87,12021610.,06AM00.,02,06,4
2012-02-16 07:00:00,1,0,1,2,12.3,15.15,70,8.9981,3,285,288,12021610.,07AM00.,02,07,4
2012-02-16 08:00:00,1,0,1,2,12.3,15.91,70,6.0032,9,489,498,12021610.,08AM00.,02,08,4
2012-02-16 09:00:00,1,0,1,2,12.3,15.15,70,11.0014,3,199,202,12021610.,09AM00.,02,09,4
2012-02-16 10:00:00,1,0,1,3,13.12,16.665,70,8.9981,2,42,44,12021610.,10AM00.,02,10,4
2012-02-16 11:00:00,1,0,1,3,13.12,16.665,70,7.0015,2,69,71,12021610.,11AM00.,02,11,4
2012-02-16 12:00:00,1,0,1,3,13.12,16.665,76,6.0032,1,44,45,12021610.,12PM00.,02,12,4
2012-02-16 13:00:00,1,0,1,3,13.94,15.91,71,16.9979,2,62,64,12021610.,01PM00.,02,13,4
2012-02-16 14:00:00,1,0,1,3,13.12,15.91,81,12.998,1,30,31,12021610.,02PM00.,02,14,4
2012-02-16 15:00:00,1,0,1,3,13.94,18.18,76,0.0,3,50,53,12021610.,03PM00.,02,15,4
2012-02-16 16:00:00,1,0,1,3,13.94,18.18,81,0.0,8,110,118,12021610.,04PM00.,02,16,4
2012-02-16 17:00:00,1,0,1,3,13.94,18.18,87,0.0,8,281,289,12021610.,05PM00.,02,17,4
2012-02-16 18:00:00,1,0,1,3,13.94,16.665,87,8.9981,8,345,353,12021610.,06PM00.,02,18,4
2012-02-16 19:00:00,1,0,1,2,13.12,15.91,87,11.0014,4,254,258,12021610.,07PM00.,02,19,4
2012-02-16 20:00:00,1,0,1,2,13.12,16.665,87,8.9981,5,211,216,12021610.,08PM00.,02,20,4
2012-02-16 21:00:00,1,0,1,2,13.94,17.425,81,7.0015,3,142,145,12021610.,09PM00.,02,21,4
2012-02-16 22:00:00,1,0,1,2,13.12,17.425,81,0.0,3,108,111,12021610.,10PM00.,02,22,4
2012-02-16 23:00:00,1,0,1,1,13.12,16.665,81,6.0032,3,70,73,12021610.,11PM00.,02,23,4
2012-02-17 00:00:00,1,0,1,2,12.3,16.665,87,0.0,2,32,34,12021710.,12AM00.,02,00,5
2012-02-17 01:00:00,1,0,1,2,12.3,16.665,93,0.0,2,16,18,12021710.,01AM00.,02,01,5
2012-02-17 02:00:00,1,0,1,2,12.3,15.91,93,7.0015,1,11,12,12021710.,02AM00.,02,02,5
2012-02-17 03:00:00,1,0,1,2,11.48,14.395,93,7.0015,0,1,1,12021710.,03AM00.,02,03,5
2012-02-17 04:00:00,1,0,1,2,11.48,13.635,93,12.998,0,1,1,12021710.,04AM00.,02,04,5
2012-02-17 05:00:00,1,0,1,2,11.48,13.635,93,11.0014,0,16,16,12021710.,05AM00.,02,05,5
2012-02-17 06:00:00,1,0,1,2,11.48,14.395,96,8.9981,1,70,71,12021710.,06AM00.,02,06,5
2012-02-17 07:00:00,1,0,1,2,11.48,14.395,93,7.0015,4,222,226,12021710.,07AM00.,02,07,5
2012-02-17 08:00:00,1,0,1,2,10.66,15.15,100,0.0,4,516,520,12021710.,08AM00.,02,08,5
2012-02-17 09:00:00,1,0,1,2,10.66,15.15,100,0.0,8,275,283,12021710.,09AM00.,02,09,5
2012-02-17 10:00:00,1,0,1,1,13.94,15.91,71,19.0012,13,103,116,12021710.,10AM00.,02,10,5
2012-02-17 11:00:00,1,0,1,1,14.76,16.665,62,27.9993,9,133,142,12021710.,11AM00.,02,11,5
2012-02-17 12:00:00,1,0,1,1,15.58,19.695,46,26.0027,21,177,198,12021710.,12PM00.,02,12,5
2012-02-17 13:00:00,1,0,1,1,16.4,20.455,43,23.9994,34,171,205,12021710.,01PM00.,02,13,5
2012-02-17 14:00:00,1,0,1,1,16.4,20.455,37,23.9994,33,137,170,12021710.,02PM00.,02,14,5
2012-02-17 15:00:00,1,0,1,1,17.22,21.21,35,27.9993,41,180,221,12021710.,03PM00.,02,15,5
2012-02-17 16:00:00,1,0,1,1,17.22,21.21,32,19.9995,56,251,307,12021710.,04PM00.,02,16,5
2012-02-17 17:00:00,1,0,1,1,17.22,21.21,32,22.0028,36,429,465,12021710.,05PM00.,02,17,5
2012-02-17 18:00:00,1,0,1,1,16.4,20.455,35,16.9979,15,362,377,12021710.,06PM00.,02,18,5
2012-02-17 19:00:00,1,0,1,1,15.58,19.695,37,15.0013,16,266,282,12021710.,07PM00.,02,19,5
2012-02-17 20:00:00,1,0,1,1,16.4,20.455,35,12.998,13,158,171,12021710.,08PM00.,02,20,5
2012-02-17 21:00:00,1,0,1,1,15.58,19.695,37,12.998,15,114,129,12021710.,09PM00.,02,21,5
2012-02-17 22:00:00,1,0,1,1,14.76,17.425,40,15.0013,15,92,107,12021710.,10PM00.,02,22,5
2012-02-17 23:00:00,1,0,1,1,14.76,17.425,40,12.998,10,72,82,12021710.,11PM00.,02,23,5
2012-02-18 00:00:00,1,0,0,1,13.94,16.665,42,11.0014,5,81,86,12021810.,12AM00.,02,00,6
2012-02-18 01:00:00,1,0,0,1,13.12,15.91,49,11.0014,7,38,45,12021810.,01AM00.,02,01,6
2012-02-18 02:00:00,1,0,0,1,12.3,14.395,61,16.9979,6,39,45,12021810.,02AM00.,02,02,6
2012-02-18 03:00:00,1,0,0,1,11.48,14.395,65,7.0015,3,15,18,12021810.,03AM00.,02,03,6
2012-02-18 04:00:00,1,0,0,1,10.66,15.15,70,0.0,3,4,7,12021810.,04AM00.,02,04,6
2012-02-18 05:00:00,1,0,0,1,9.84,12.88,70,6.0032,0,1,1,12021810.,05AM00.,02,05,6
2012-02-18 06:00:00,1,0,0,1,9.84,14.395,70,0.0,1,8,9,12021810.,06AM00.,02,06,6
2012-02-18 07:00:00,1,0,0,1,9.84,14.395,70,0.0,8,33,41,12021810.,07AM00.,02,07,6
2012-02-18 08:00:00,1,0,0,1,9.02,13.635,87,0.0,10,92,102,12021810.,08AM00.,02,08,6
2012-02-18 09:00:00,1,0,0,1,9.02,12.12,80,7.0015,22,116,138,12021810.,09AM00.,02,09,6
2012-02-18 10:00:00,1,0,0,1,10.66,13.635,81,7.0015,48,157,205,12021810.,10AM00.,02,10,6
2012-02-18 11:00:00,1,0,0,1,13.12,16.665,57,8.9981,102,184,286,12021810.,11AM00.,02,11,6
2012-02-18 12:00:00,1,0,0,1,14.76,17.425,43,12.998,128,241,369,12021810.,12PM00.,02,12,6
2012-02-18 13:00:00,1,0,0,1,16.4,20.455,43,19.0012,165,219,384,12021810.,01PM00.,02,13,6
2012-02-18 14:00:00,1,0,0,1,18.04,21.97,35,23.9994,183,244,427,12021810.,02PM00.,02,14,6
2012-02-18 15:00:00,1,0,0,1,17.22,21.21,41,16.9979,229,270,499,12021810.,03PM00.,02,15,6
2012-02-18 16:00:00,1,0,0,1,18.04,21.97,44,22.0028,186,218,404,12021810.,04PM00.,02,16,6
2012-02-18 17:00:00,1,0,0,1,19.68,23.485,36,19.0012,142,222,364,12021810.,05PM00.,02,17,6
2012-02-18 18:00:00,1,0,0,1,18.86,22.725,38,19.9995,70,176,246,12021810.,06PM00.,02,18,6
2012-02-18 19:00:00,1,0,0,1,18.04,21.97,44,11.0014,38,150,188,12021810.,07PM00.,02,19,6
2012-02-18 20:00:00,1,0,0,1,18.04,21.97,44,11.0014,25,123,148,12021810.,08PM00.,02,20,6
2012-02-18 21:00:00,1,0,0,1,18.04,21.97,33,19.9995,25,89,114,12021810.,09PM00.,02,21,6
2012-02-18 22:00:00,1,0,0,1,16.4,20.455,40,30.0026,17,101,118,12021810.,10PM00.,02,22,6
2012-02-18 23:00:00,1,0,0,2,14.76,16.665,40,26.0027,12,62,74,12021810.,11PM00.,02,23,6
2012-02-19 00:00:00,1,0,0,2,13.94,15.15,39,23.9994,9,65,74,12021910.,12AM00.,02,00,7
2012-02-19 01:00:00,1,0,0,2,13.12,15.15,39,16.9979,10,62,72,12021910.,01AM00.,02,01,7
2012-02-19 02:00:00,1,0,0,2,12.3,14.395,36,19.0012,3,45,48,12021910.,02AM00.,02,02,7
2012-02-19 03:00:00,1,0,0,2,12.3,14.395,36,15.0013,3,12,15,12021910.,03AM00.,02,03,7
2012-02-19 04:00:00,1,0,0,2,11.48,12.88,41,26.0027,0,3,3,12021910.,04AM00.,02,04,7
2012-02-19 05:00:00,1,0,0,2,10.66,11.365,48,19.9995,1,1,2,12021910.,05AM00.,02,05,7
2012-02-19 06:00:00,1,0,0,1,9.84,10.605,52,22.0028,0,5,5,12021910.,06AM00.,02,06,7
2012-02-19 07:00:00,1,0,0,2,9.84,10.605,52,19.0012,2,12,14,12021910.,07AM00.,02,07,7
2012-02-19 08:00:00,1,0,0,2,9.84,11.365,56,12.998,8,48,56,12021910.,08AM00.,02,08,7
2012-02-19 09:00:00,1,0,0,2,9.84,11.365,56,16.9979,20,73,93,12021910.,09AM00.,02,09,7
2012-02-19 10:00:00,1,0,0,2,10.66,12.12,52,16.9979,49,142,191,12021910.,10AM00.,02,10,7
2012-02-19 11:00:00,1,0,0,2,10.66,11.365,56,22.0028,82,144,226,12021910.,11AM00.,02,11,7
2012-02-19 12:00:00,1,0,0,2,11.48,13.635,52,16.9979,71,184,255,12021910.,12PM00.,02,12,7
2012-02-19 13:00:00,1,0,0,1,12.3,15.15,49,11.0014,64,197,261,12021910.,01PM00.,02,13,7
2012-02-19 14:00:00,1,0,0,2,13.12,15.91,45,12.998,48,189,237,12021910.,02PM00.,02,14,7
2012-02-19 15:00:00,1,0,0,2,12.3,14.395,49,12.998,85,168,253,12021910.,03PM00.,02,15,7
2012-02-19 16:00:00,1,0,0,2,13.12,15.15,45,19.0012,62,150,212,12021910.,04PM00.,02,16,7
2012-02-19 17:00:00,1,0,0,2,12.3,14.395,49,16.9979,22,135,157,12021910.,05PM00.,02,17,7
2012-02-19 18:00:00,1,0,0,2,12.3,13.635,49,22.0028,23,144,167,12021910.,06PM00.,02,18,7
2012-02-19 19:00:00,1,0,0,2,12.3,14.395,52,16.9979,18,101,119,12021910.,07PM00.,02,19,7
2012-02-19 20:00:00,1,0,0,2,12.3,14.395,52,19.0012,22,81,103,12021910.,08PM00.,02,20,7
2012-02-19 21:00:00,1,0,0,3,10.66,12.88,65,11.0014,3,33,36,12021910.,09PM00.,02,21,7
2012-02-19 22:00:00,1,0,0,3,9.84,12.88,75,6.0032,8,47,55,12021910.,10PM00.,02,22,7
2012-02-19 23:00:00,1,0,0,2,9.02,11.365,93,11.0014,5,30,35,12021910.,11PM00.,02,23,7
2012-03-01 00:00:00,1,0,1,2,17.22,21.21,94,0.0,1,10,11,12030110.,12AM00.,03,00,4
2012-03-01 01:00:00,1,0,1,3,18.86,22.725,94,7.0015,0,12,12,12030110.,01AM00.,03,01,4
2012-03-01 02:00:00,1,0,1,2,18.86,22.725,94,19.0012,0,6,6,12030110.,02AM00.,03,02,4
2012-03-01 03:00:00,1,0,1,1,18.86,22.725,94,15.0013,0,3,3,12030110.,03AM00.,03,03,4
2012-03-01 04:00:00,1,0,1,1,19.68,23.485,88,12.998,0,5,5,12030110.,04AM00.,03,04,4
2012-03-01 05:00:00,1,0,1,1,19.68,23.485,88,11.0014,0,18,18,12030110.,05AM00.,03,05,4
2012-03-01 06:00:00,1,0,1,2,17.22,21.21,94,0.0,2,107,109,12030110.,06AM00.,03,06,4
2012-03-01 07:00:00,1,0,1,2,18.04,21.97,94,8.9981,8,296,304,12030110.,07AM00.,03,07,4
2012-03-01 08:00:00,1,0,1,1,17.22,21.21,94,8.9981,15,579,594,12030110.,08AM00.,03,08,4
2012-03-01 09:00:00,1,0,1,1,18.86,22.725,77,16.9979,5,281,286,12030110.,09AM00.,03,09,4
2012-03-01 10:00:00,1,0,1,1,21.32,25.0,55,11.0014,11,122,133,12030110.,10AM00.,03,10,4
2012-03-01 11:00:00,1,0,1,1,22.96,26.515,43,12.998,19,149,168,12030110.,11AM00.,03,11,4
2012-03-01 12:00:00,1,0,1,1,22.96,26.515,37,15.0013,16,204,220,12030110.,12PM00.,03,12,4
2012-03-01 13:00:00,1,0,1,1,23.78,27.275,32,16.9979,24,187,211,12030110.,01PM00.,03,13,4
2012-03-01 14:00:00,1,0,1,1,23.78,27.275,35,15.0013,37,174,211,12030110.,02PM00.,03,14,4
2012-03-01 15:00:00,1,0,1,1,24.6,31.06,31,16.9979,31,192,223,12030110.,03PM00.,03,15,4
2012-03-01 16:00:00,1,0,1,1,23.78,27.275,32,19.9995,38,323,361,12030110.,04PM00.,03,16,4
2012-03-01 17:00:00,1,0,1,1,22.96,26.515,35,19.9995,49,551,600,12030110.,05PM00.,03,17,4
2012-03-01 18:00:00,1,0,1,1,22.14,25.76,34,23.9994,27,498,525,12030110.,06PM00.,03,18,4
2012-03-01 19:00:00,1,0,1,1,19.68,23.485,41,22.0028,11,317,328,12030110.,07PM00.,03,19,4
2012-03-01 20:00:00,1,0,1,1,18.04,21.97,44,27.9993,12,242,254,12030110.,08PM00.,03,20,4
2012-03-01 21:00:00,1,0,1,1,17.22,21.21,47,31.0009,7,190,197,12030110.,09PM00.,03,21,4
2012-03-01 22:00:00,1,0,1,1,15.58,19.695,50,16.9979,3,123,126,12030110.,10PM00.,03,22,4
2012-03-01 23:00:00,1,0,1,1,14.76,17.425,50,15.0013,9,76,85,12030110.,11PM00.,03,23,4
2012-03-02 00:00:00,1,0,1,1,13.94,16.665,53,11.0014,1,45,46,12030210.,12AM00.,03,00,5
2012-03-02 01:00:00,1,0,1,1,13.94,15.91,49,15.0013,2,18,20,12030210.,01AM00.,03,01,5
2012-03-02 02:00:00,1,0,1,1,13.94,15.91,53,19.0012,2,4,6,12030210.,02AM00.,03,02,5
2012-03-02 03:00:00,1,0,1,1,13.12,15.91,57,12.998,0,3,3,12030210.,03AM00.,03,03,5
2012-03-02 04:00:00,1,0,1,1,13.12,17.425,61,0.0,0,2,2,12030210.,04AM00.,03,04,5
2012-03-02 05:00:00,1,0,1,1,12.3,16.665,70,0.0,0,24,24,12030210.,05AM00.,03,05,5
2012-03-02 06:00:00,1,0,1,1,12.3,16.665,70,0.0,4,88,92,12030210.,06AM00.,03,06,5
2012-03-02 07:00:00,1,0,1,1,12.3,16.665,70,0.0,4,258,262,12030210.,07AM00.,03,07,5
2012-03-02 08:00:00,1,0,1,1,11.48,15.15,75,6.0032,16,533,549,12030210.,08AM00.,03,08,5
2012-03-02 09:00:00,1,0,1,1,12.3,16.665,81,0.0,15,299,314,12030210.,09AM00.,03,09,5
2012-03-02 10:00:00,1,0,1,1,14.76,17.425,50,11.0014,14,118,132,12030210.,10AM00.,03,10,5
2012-03-02 11:00:00,1,0,1,1,15.58,19.695,46,12.998,40,154,194,12030210.,11AM00.,03,11,5
2012-03-02 12:00:00,1,0,1,1,16.4,20.455,43,11.0014,40,194,234,12030210.,12PM00.,03,12,5
2012-03-02 13:00:00,1,0,1,1,17.22,21.21,44,15.0013,31,191,222,12030210.,01PM00.,03,13,5
2012-03-02 14:00:00,1,0,1,2,18.04,21.97,44,19.0012,29,176,205,12030210.,02PM00.,03,14,5
2012-03-02 15:00:00,1,0,1,2,17.22,21.21,50,19.9995,5,73,78,12030210.,03PM00.,03,15,5
2012-03-02 16:00:00,1,0,1,3,16.4,20.455,58,19.9995,1,49,50,12030210.,04PM00.,03,16,5
2012-03-02 17:00:00,1,0,1,3,14.76,17.425,81,15.0013,5,123,128,12030210.,05PM00.,03,17,5
2012-03-02 18:00:00,1,0,1,3,14.76,17.425,87,12.998,6,154,160,12030210.,06PM00.,03,18,5
2012-03-02 19:00:00,1,0,1,3,14.76,17.425,87,12.998,12,162,174,12030210.,07PM00.,03,19,5
2012-03-02 20:00:00,1,0,1,2,14.76,17.425,87,12.998,7,93,100,12030210.,08PM00.,03,20,5
2012-03-02 21:00:00,1,0,1,3,14.76,18.18,87,6.0032,2,99,101,12030210.,09PM00.,03,21,5
2012-03-02 22:00:00,1,0,1,2,14.76,18.94,87,0.0,6,69,75,12030210.,10PM00.,03,22,5
2012-03-02 23:00:00,1,0,1,2,14.76,18.94,87,0.0,4,19,23,12030210.,11PM00.,03,23,5
2012-03-03 00:00:00,1,0,0,3,14.76,18.18,93,6.0032,1,21,22,12030310.,12AM00.,03,00,6
2012-03-03 01:00:00,1,0,0,3,14.76,18.94,93,0.0,0,44,44,12030310.,01AM00.,03,01,6
2012-03-03 02:00:00,1,0,0,3,14.76,18.18,93,6.0032,4,34,38,12030310.,02AM00.,03,02,6
2012-03-03 03:00:00,1,0,0,2,14.76,17.425,93,11.0014,1,20,21,12030310.,03AM00.,03,03,6
2012-03-03 04:00:00,1,0,0,2,14.76,17.425,93,12.998,0,2,2,12030310.,04AM00.,03,04,6
2012-03-03 05:00:00,1,0,0,2,14.76,18.18,93,6.0032,1,1,2,12030310.,05AM00.,03,05,6
2012-03-03 06:00:00,1,0,0,2,14.76,18.18,93,6.0032,1,6,7,12030310.,06AM00.,03,06,6
2012-03-03 07:00:00,1,0,0,2,14.76,17.425,93,8.9981,2,14,16,12030310.,07AM00.,03,07,6
2012-03-03 08:00:00,1,0,0,3,14.76,18.94,93,0.0,2,46,48,12030310.,08AM00.,03,08,6
2012-03-03 09:00:00,1,0,0,3,15.58,19.695,87,6.0032,7,87,94,12030310.,09AM00.,03,09,6
2012-03-03 10:00:00,1,0,0,2,16.4,20.455,87,0.0,31,137,168,12030310.,10AM00.,03,10,6
2012-03-03 11:00:00,1,0,0,2,16.4,20.455,87,6.0032,33,181,214,12030310.,11AM00.,03,11,6
2012-03-03 12:00:00,1,0,0,2,17.22,21.21,67,16.9979,47,252,299,12030310.,12PM00.,03,12,6
2012-03-03 13:00:00,1,0,0,1,18.04,21.97,51,19.0012,87,252,339,12030310.,01PM00.,03,13,6
2012-03-03 14:00:00,1,0,0,2,18.86,22.725,44,23.9994,151,279,430,12030310.,02PM00.,03,14,6
2012-03-03 15:00:00,1,0,0,1,19.68,23.485,29,19.9995,145,254,399,12030310.,03PM00.,03,15,6
2012-03-03 16:00:00,1,0,0,1,20.5,24.24,27,19.9995,167,300,467,12030310.,04PM00.,03,16,6
2012-03-03 17:00:00,1,0,0,1,20.5,24.24,23,22.0028,106,279,385,12030310.,05PM00.,03,17,6
2012-03-03 18:00:00,1,0,0,1,20.5,24.24,25,16.9979,53,250,303,12030310.,06PM00.,03,18,6
2012-03-03 19:00:00,1,0,0,1,18.86,22.725,33,11.0014,34,191,225,12030310.,07PM00.,03,19,6
2012-03-03 20:00:00,1,0,0,1,18.04,21.97,30,8.9981,28,121,149,12030310.,08PM00.,03,20,6
2012-03-03 21:00:00,1,0,0,1,18.86,22.725,19,22.0028,24,130,154,12030310.,09PM00.,03,21,6
2012-03-03 22:00:00,1,0,0,1,18.04,21.97,21,8.9981,19,115,134,12030310.,10PM00.,03,22,6
2012-03-03 23:00:00,1,0,0,1,17.22,21.21,24,0.0,12,94,106,12030310.,11PM00.,03,23,6
2012-03-04 00:00:00,1,0,0,2,16.4,20.455,30,23.9994,5,67,72,12030410.,12AM00.,03,00,7
2012-03-04 01:00:00,1,0,0,2,15.58,19.695,34,12.998,16,60,76,12030410.,01AM00.,03,01,7
2012-03-04 02:00:00,1,0,0,2,14.76,17.425,40,11.0014,14,66,80,12030410.,02AM00.,03,02,7
2012-03-04 03:00:00,1,0,0,2,14.76,17.425,43,8.9981,5,21,26,12030410.,03AM00.,03,03,7
2012-03-04 04:00:00,1,0,0,2,13.94,16.665,46,12.998,3,11,14,12030410.,04AM00.,03,04,7
2012-03-04 05:00:00,1,0,0,2,13.94,15.91,46,15.0013,0,5,5,12030410.,05AM00.,03,05,7
2012-03-04 06:00:00,1,0,0,2,12.3,13.635,52,19.9995,0,5,5,12030410.,06AM00.,03,06,7
2012-03-04 07:00:00,1,0,0,2,12.3,13.635,52,19.9995,2,21,23,12030410.,07AM00.,03,07,7
2012-03-04 08:00:00,1,0,0,1,12.3,13.635,52,22.0028,12,54,66,12030410.,08AM00.,03,08,7
2012-03-04 09:00:00,1,0,0,1,12.3,13.635,49,30.0026,14,104,118,12030410.,09AM00.,03,09,7
2012-03-04 10:00:00,1,0,0,1,12.3,13.635,49,22.0028,31,161,192,12030410.,10AM00.,03,10,7
2012-03-04 11:00:00,1,0,0,1,13.12,14.395,45,26.0027,64,192,256,12030410.,11AM00.,03,11,7
2012-03-04 12:00:00,1,0,0,1,13.94,15.15,42,23.9994,71,256,327,12030410.,12PM00.,03,12,7
2012-03-04 13:00:00,1,0,0,1,14.76,16.665,37,23.9994,108,256,364,12030410.,01PM00.,03,13,7
2012-03-04 14:00:00,1,0,0,1,14.76,16.665,34,23.9994,106,226,332,12030410.,02PM00.,03,14,7
2012-03-04 15:00:00,1,0,0,1,14.76,15.91,32,35.0008,82,252,334,12030410.,03PM00.,03,15,7
2012-03-04 16:00:00,1,0,0,1,14.76,15.91,29,32.9975,68,231,299,12030410.,04PM00.,03,16,7
2012-03-04 17:00:00,1,0,0,1,13.94,14.395,31,36.9974,49,214,263,12030410.,05PM00.,03,17,7
2012-03-04 18:00:00,1,0,0,1,13.12,13.635,33,40.9973,20,164,184,12030410.,06PM00.,03,18,7
2012-03-04 19:00:00,1,0,0,1,12.3,12.88,36,32.9975,12,120,132,12030410.,07PM00.,03,19,7
2012-03-04 20:00:00,1,0,0,1,11.48,13.635,38,16.9979,8,80,88,12030410.,08PM00.,03,20,7
2012-03-04 21:00:00,1,0,0,1,11.48,13.635,36,15.0013,9,70,79,12030410.,09PM00.,03,21,7
2012-03-04 22:00:00,1,0,0,1,10.66,12.12,41,16.9979,9,53,62,12030410.,10PM00.,03,22,7
2012-03-04 23:00:00,1,0,0,1,10.66,12.88,41,12.998,2,24,26,12030410.,11PM00.,03,23,7
2012-03-05 00:00:00,1,0,1,1,9.84,11.365,44,12.998,2,15,17,12030510.,12AM00.,03,00,1
2012-03-05 01:00:00,1,0,1,1,9.84,12.12,48,8.9981,3,3,6,12030510.,01AM00.,03,01,1
2012-03-05 02:00:00,1,0,1,1,9.84,12.12,48,8.9981,1,3,4,12030510.,02AM00.,03,02,1
2012-03-05 03:00:00,1,0,1,1,9.02,11.365,51,11.0014,0,1,1,12030510.,03AM00.,03,03,1
2012-03-05 04:00:00,1,0,1,1,8.2,11.365,55,6.0032,0,1,1,12030510.,04AM00.,03,04,1
2012-03-05 05:00:00,1,0,1,1,8.2,11.365,55,6.0032,1,17,18,12030510.,05AM00.,03,05,1
2012-03-05 06:00:00,1,0,1,1,7.38,9.85,59,8.9981,2,89,91,12030510.,06AM00.,03,06,1
2012-03-05 07:00:00,1,0,1,1,7.38,9.85,59,8.9981,7,253,260,12030510.,07AM00.,03,07,1
2012-03-05 08:00:00,1,0,1,1,8.2,11.365,59,7.0015,13,415,428,12030510.,08AM00.,03,08,1
2012-03-05 09:00:00,1,0,1,2,9.02,12.88,60,6.0032,11,186,197,12030510.,09AM00.,03,09,1
2012-03-05 10:00:00,1,0,1,2,9.84,12.88,60,0.0,12,74,86,12030510.,10AM00.,03,10,1
2012-03-05 11:00:00,1,0,1,2,10.66,13.635,56,8.9981,17,86,103,12030510.,11AM00.,03,11,1
2012-03-05 12:00:00,1,0,1,2,10.66,15.15,52,0.0,15,122,137,12030510.,12PM00.,03,12,1
2012-03-05 13:00:00,1,0,1,2,10.66,12.88,55,19.9995,11,109,120,12030510.,01PM00.,03,13,1
2012-03-05 14:00:00,1,0,1,2,11.48,12.88,57,23.9994,13,115,128,12030510.,02PM00.,03,14,1
2012-03-05 15:00:00,1,0,1,2,12.3,14.395,53,12.998,20,110,130,12030510.,03PM00.,03,15,1
2012-03-05 16:00:00,1,0,1,1,12.3,13.635,45,19.9995,30,180,210,12030510.,04PM00.,03,16,1
2012-03-05 17:00:00,1,0,1,3,12.3,13.635,45,19.9995,11,376,387,12030510.,05PM00.,03,17,1
2012-03-05 18:00:00,1,0,1,3,11.48,11.365,55,43.9989,12,363,375,12030510.,06PM00.,03,18,1
2012-03-05 19:00:00,1,0,1,1,10.66,12.88,53,15.0013,6,220,226,12030510.,07PM00.,03,19,1
2012-03-05 20:00:00,1,0,1,1,10.66,11.365,37,31.0009,8,171,179,12030510.,08PM00.,03,20,1
2012-03-05 21:00:00,1,0,1,1,10.66,11.365,37,26.0027,4,116,120,12030510.,09PM00.,03,21,1
2012-03-05 22:00:00,1,0,1,1,9.84,10.605,35,22.0028,2,76,78,12030510.,10PM00.,03,22,1
2012-03-05 23:00:00,1,0,1,1,9.02,9.09,37,39.0007,2,29,31,12030510.,11PM00.,03,23,1
2012-03-06 00:00:00,1,0,1,1,9.02,10.605,37,19.9995,0,8,8,12030610.,12AM00.,03,00,2
2012-03-06 01:00:00,1,0,1,1,8.2,9.85,44,16.9979,0,6,6,12030610.,01AM00.,03,01,2
2012-03-06 02:00:00,1,0,1,1,8.2,9.85,44,15.0013,0,4,4,12030610.,02AM00.,03,02,2
2012-03-06 03:00:00,1,0,1,1,7.38,8.335,51,19.0012,0,1,1,12030610.,03AM00.,03,03,2
2012-03-06 04:00:00,1,0,1,1,7.38,8.335,51,19.9995,0,3,3,12030610.,04AM00.,03,04,2
2012-03-06 05:00:00,1,0,1,1,7.38,9.09,51,15.0013,0,25,25,12030610.,05AM00.,03,05,2
2012-03-06 06:00:00,1,0,1,1,7.38,10.605,51,7.0015,3,99,102,12030610.,06AM00.,03,06,2
2012-03-06 07:00:00,1,0,1,1,6.56,9.09,55,8.9981,5,270,275,12030610.,07AM00.,03,07,2
2012-03-06 08:00:00,1,0,1,1,6.56,9.09,59,7.0015,14,487,501,12030610.,08AM00.,03,08,2
2012-03-06 09:00:00,1,0,1,1,9.02,13.635,47,0.0,11,222,233,12030610.,09AM00.,03,09,2
2012-03-06 10:00:00,1,0,1,1,9.84,12.88,44,0.0,16,113,129,12030610.,10AM00.,03,10,2
2012-03-06 11:00:00,1,0,1,1,10.66,12.88,41,11.0014,20,110,130,12030610.,11AM00.,03,11,2
2012-03-06 12:00:00,1,0,1,1,10.66,13.635,41,7.0015,9,129,138,12030610.,12PM00.,03,12,2
2012-03-06 13:00:00,1,0,1,1,12.3,15.15,39,8.9981,16,148,164,12030610.,01PM00.,03,13,2
2012-03-06 14:00:00,1,0,1,1,13.12,15.15,36,15.0013,20,116,136,12030610.,02PM00.,03,14,2
2012-03-06 15:00:00,1,0,1,1,13.94,15.15,36,19.9995,24,142,166,12030610.,03PM00.,03,15,2
2012-03-06 16:00:00,1,0,1,1,14.76,16.665,32,19.0012,22,228,250,12030610.,04PM00.,03,16,2
2012-03-06 17:00:00,1,0,1,1,14.76,16.665,34,19.0012,21,425,446,12030610.,05PM00.,03,17,2
2012-03-06 18:00:00,1,0,1,1,13.94,15.15,42,22.0028,15,442,457,12030610.,06PM00.,03,18,2
2012-03-06 19:00:00,1,0,1,1,13.94,15.15,46,19.9995,9,278,287,12030610.,07PM00.,03,19,2
2012-03-06 20:00:00,1,0,1,1,13.12,15.91,49,12.998,3,184,187,12030610.,08PM00.,03,20,2
2012-03-06 21:00:00,1,0,1,1,13.12,15.91,49,12.998,5,143,148,12030610.,09PM00.,03,21,2
2012-03-06 22:00:00,1,0,1,1,11.48,13.635,56,11.0014,5,101,106,12030610.,10PM00.,03,22,2
2012-03-06 23:00:00,1,0,1,1,11.48,13.635,61,15.0013,3,51,54,12030610.,11PM00.,03,23,2
2012-03-07 00:00:00,1,0,1,1,11.48,12.88,65,19.0012,3,12,15,12030710.,12AM00.,03,00,3
2012-03-07 01:00:00,1,0,1,1,12.3,13.635,61,19.9995,1,4,5,12030710.,01AM00.,03,01,3
2012-03-07 02:00:00,1,0,1,1,12.3,14.395,56,19.0012,0,4,4,12030710.,02AM00.,03,02,3
2012-03-07 03:00:00,1,0,1,1,12.3,13.635,56,23.9994,1,2,3,12030710.,03AM00.,03,03,3
2012-03-07 04:00:00,1,0,1,1,11.48,12.88,61,22.0028,0,3,3,12030710.,04AM00.,03,04,3
2012-03-07 05:00:00,1,0,1,1,11.48,12.88,56,19.9995,0,18,18,12030710.,05AM00.,03,05,3
2012-03-07 06:00:00,1,0,1,1,11.48,12.88,61,26.0027,4,104,108,12030710.,06AM00.,03,06,3
2012-03-07 07:00:00,1,0,1,1,10.66,11.365,65,26.0027,12,332,344,12030710.,07AM00.,03,07,3
2012-03-07 08:00:00,1,0,1,1,11.48,12.88,61,19.9995,12,554,566,12030710.,08AM00.,03,08,3
2012-03-07 09:00:00,1,0,1,1,12.3,13.635,61,22.0028,12,252,264,12030710.,09AM00.,03,09,3
2012-03-07 10:00:00,1,0,1,1,14.76,16.665,50,19.9995,20,127,147,12030710.,10AM00.,03,10,3
2012-03-07 11:00:00,1,0,1,1,17.22,21.21,38,19.9995,33,128,161,12030710.,11AM00.,03,11,3
2012-03-07 12:00:00,1,0,1,1,18.04,21.97,38,26.0027,40,175,215,12030710.,12PM00.,03,12,3
2012-03-07 13:00:00,1,0,1,1,20.5,24.24,34,27.9993,26,179,205,12030710.,01PM00.,03,13,3
2012-03-07 14:00:00,1,0,1,1,21.32,25.0,36,22.0028,38,137,175,12030710.,02PM00.,03,14,3
2012-03-07 15:00:00,1,0,1,1,22.14,25.76,37,30.0026,44,165,209,12030710.,03PM00.,03,15,3
2012-03-07 16:00:00,1,0,1,1,22.96,26.515,37,27.9993,34,254,288,12030710.,04PM00.,03,16,3
2012-03-07 17:00:00,1,0,1,1,22.96,26.515,43,32.9975,58,554,612,12030710.,05PM00.,03,17,3
2012-03-07 18:00:00,1,0,1,1,22.96,26.515,40,31.0009,35,509,544,12030710.,06PM00.,03,18,3
2012-03-07 19:00:00,1,0,1,1,22.14,25.76,42,23.9994,16,345,361,12030710.,07PM00.,03,19,3
2012-03-07 20:00:00,1,0,1,1,20.5,24.24,51,16.9979,18,242,260,12030710.,08PM00.,03,20,3
2012-03-07 21:00:00,1,0,1,1,18.04,21.97,62,16.9979,11,177,188,12030710.,09PM00.,03,21,3
2012-03-07 22:00:00,1,0,1,1,18.86,22.725,59,19.9995,10,149,159,12030710.,10PM00.,03,22,3
2012-03-07 23:00:00,1,0,1,1,18.04,21.97,62,22.0028,4,58,62,12030710.,11PM00.,03,23,3
2012-03-08 00:00:00,1,0,1,1,18.04,21.97,62,22.0028,11,35,46,12030810.,12AM00.,03,00,4
2012-03-08 01:00:00,1,0,1,1,18.86,22.725,63,22.0028,4,17,21,12030810.,01AM00.,03,01,4
2012-03-08 02:00:00,1,0,1,1,18.86,22.725,63,26.0027,6,5,11,12030810.,02AM00.,03,02,4
2012-03-08 03:00:00,1,0,1,1,18.86,22.725,63,26.0027,0,3,3,12030810.,03AM00.,03,03,4
2012-03-08 04:00:00,1,0,1,1,18.04,21.97,72,19.0012,0,2,2,12030810.,04AM00.,03,04,4
2012-03-08 05:00:00,1,0,1,1,17.22,21.21,77,15.0013,1,28,29,12030810.,05AM00.,03,05,4
2012-03-08 06:00:00,1,0,1,1,17.22,21.21,77,16.9979,4,105,109,12030810.,06AM00.,03,06,4
2012-03-08 07:00:00,1,0,1,1,17.22,21.21,77,23.9994,8,326,334,12030810.,07AM00.,03,07,4
2012-03-08 08:00:00,1,0,1,1,18.04,21.97,77,26.0027,12,573,585,12030810.,08AM00.,03,08,4
2012-03-08 09:00:00,1,0,1,1,18.86,22.725,72,31.0009,19,282,301,12030810.,09AM00.,03,09,4
2012-03-08 10:00:00,1,0,1,1,20.5,24.24,68,31.0009,19,119,138,12030810.,10AM00.,03,10,4
2012-03-08 11:00:00,1,0,1,2,22.14,25.76,60,31.0009,48,156,204,12030810.,11AM00.,03,11,4
2012-03-08 12:00:00,1,0,1,2,22.96,26.515,60,30.0026,27,224,251,12030810.,12PM00.,03,12,4
2012-03-08 13:00:00,1,0,1,2,24.6,31.06,49,43.0006,35,198,233,12030810.,01PM00.,03,13,4
2012-03-08 14:00:00,1,0,1,2,25.42,31.06,43,43.0006,48,155,203,12030810.,02PM00.,03,14,4
2012-03-08 15:00:00,1,0,1,1,26.24,31.06,38,46.0022,24,161,185,12030810.,03PM00.,03,15,4
2012-03-08 16:00:00,1,0,1,2,25.42,31.06,41,43.0006,37,305,342,12030810.,04PM00.,03,16,4
2012-03-08 17:00:00,1,0,1,1,25.42,31.06,38,43.9989,52,545,597,12030810.,05PM00.,03,17,4
2012-03-08 18:00:00,1,0,1,2,25.42,31.06,38,36.9974,45,545,590,12030810.,06PM00.,03,18,4
2012-03-08 19:00:00,1,0,1,2,24.6,31.06,40,30.0026,21,395,416,12030810.,07PM00.,03,19,4
2012-03-08 20:00:00,1,0,1,2,24.6,31.06,43,26.0027,20,282,302,12030810.,08PM00.,03,20,4
2012-03-08 21:00:00,1,0,1,1,24.6,31.06,43,26.0027,27,206,233,12030810.,09PM00.,03,21,4
2012-03-08 22:00:00,1,0,1,1,22.96,26.515,49,22.0028,12,141,153,12030810.,10PM00.,03,22,4
2012-03-08 23:00:00,1,0,1,2,22.96,26.515,49,30.0026,6,88,94,12030810.,11PM00.,03,23,4
2012-03-09 00:00:00,1,0,1,2,23.78,27.275,49,31.0009,3,51,54,12030910.,12AM00.,03,00,5
2012-03-09 01:00:00,1,0,1,3,22.96,26.515,52,32.9975,4,22,26,12030910.,01AM00.,03,01,5
2012-03-09 02:00:00,1,0,1,3,19.68,23.485,77,27.9993,2,9,11,12030910.,02AM00.,03,02,5
2012-03-09 03:00:00,1,0,1,1,18.86,22.725,77,35.0008,0,7,7,12030910.,03AM00.,03,03,5
2012-03-09 04:00:00,1,0,1,3,16.4,20.455,66,19.0012,0,1,1,12030910.,04AM00.,03,04,5
2012-03-09 05:00:00,1,0,1,3,16.4,20.455,66,19.0012,2,27,29,12030910.,05AM00.,03,05,5
2012-03-09 06:00:00,1,0,1,2,16.4,20.455,50,23.9994,2,83,85,12030910.,06AM00.,03,06,5
2012-03-09 07:00:00,1,0,1,2,15.58,19.695,40,19.9995,6,262,268,12030910.,07AM00.,03,07,5
2012-03-09 08:00:00,1,0,1,2,13.94,14.395,42,35.0008,17,484,501,12030910.,08AM00.,03,08,5
2012-03-09 09:00:00,1,0,1,2,13.94,14.395,42,35.0008,17,267,284,12030910.,09AM00.,03,09,5
2012-03-09 10:00:00,1,0,1,2,13.94,14.395,36,32.9975,14,145,159,12030910.,10AM00.,03,10,5
2012-03-09 11:00:00,1,0,1,2,14.76,16.665,34,23.9994,17,170,187,12030910.,11AM00.,03,11,5
2012-03-09 12:00:00,1,0,1,1,14.76,16.665,34,27.9993,27,174,201,12030910.,12PM00.,03,12,5
2012-03-09 13:00:00,1,0,1,2,15.58,19.695,29,26.0027,49,175,224,12030910.,01PM00.,03,13,5
2012-03-09 14:00:00,1,0,1,1,17.22,21.21,28,31.0009,49,129,178,12030910.,02PM00.,03,14,5
2012-03-09 15:00:00,1,0,1,1,18.86,22.725,24,16.9979,50,188,238,12030910.,03PM00.,03,15,5
2012-03-09 16:00:00,1,0,1,1,19.68,23.485,23,27.9993,51,292,343,12030910.,04PM00.,03,16,5
2012-03-09 17:00:00,1,0,1,1,18.86,22.725,24,26.0027,68,498,566,12030910.,05PM00.,03,17,5
2012-03-09 18:00:00,1,0,1,1,18.04,21.97,26,35.0008,30,440,470,12030910.,06PM00.,03,18,5
2012-03-09 19:00:00,1,0,1,1,17.22,21.21,28,40.9973,12,232,244,12030910.,07PM00.,03,19,5
2012-03-09 20:00:00,1,0,1,1,15.58,19.695,32,23.9994,3,156,159,12030910.,08PM00.,03,20,5
2012-03-09 21:00:00,1,0,1,1,14.76,16.665,34,22.0028,8,133,141,12030910.,09PM00.,03,21,5
2012-03-09 22:00:00,1,0,1,1,13.94,14.395,31,32.9975,7,100,107,12030910.,10PM00.,03,22,5
2012-03-09 23:00:00,1,0,1,1,13.12,15.15,33,19.9995,9,77,86,12030910.,11PM00.,03,23,5
2012-03-10 00:00:00,1,0,0,1,12.3,13.635,36,23.9994,9,68,77,12031010.,12AM00.,03,00,6
2012-03-10 01:00:00,1,0,0,1,12.3,14.395,36,16.9979,1,50,51,12031010.,01AM00.,03,01,6
2012-03-10 02:00:00,1,0,0,1,10.66,12.12,41,16.9979,12,30,42,12031010.,02AM00.,03,02,6
2012-03-10 03:00:00,1,0,0,1,10.66,11.365,41,19.9995,0,16,16,12031010.,03AM00.,03,03,6
2012-03-10 04:00:00,1,0,0,1,9.84,10.605,41,23.9994,1,3,4,12031010.,04AM00.,03,04,6
2012-03-10 05:00:00,1,0,0,1,9.02,10.605,42,19.0012,3,7,10,12031010.,05AM00.,03,05,6
2012-03-10 06:00:00,1,0,0,1,9.02,10.605,44,19.0012,1,11,12,12031010.,06AM00.,03,06,6
2012-03-10 07:00:00,1,0,0,1,9.02,10.605,44,16.9979,4,36,40,12031010.,07AM00.,03,07,6
2012-03-10 08:00:00,1,0,0,1,9.02,10.605,44,19.9995,15,96,111,12031010.,08AM00.,03,08,6
2012-03-10 09:00:00,1,0,0,1,9.84,10.605,41,22.0028,21,127,148,12031010.,09AM00.,03,09,6
2012-03-10 10:00:00,1,0,0,1,10.66,11.365,35,27.9993,47,176,223,12031010.,10AM00.,03,10,6
2012-03-10 11:00:00,1,0,0,1,12.3,13.635,33,22.0028,56,218,274,12031010.,11AM00.,03,11,6
2012-03-10 12:00:00,1,0,0,1,12.3,13.635,33,22.0028,88,241,329,12031010.,12PM00.,03,12,6
2012-03-10 13:00:00,1,0,0,1,13.12,15.15,29,19.0012,89,268,357,12031010.,01PM00.,03,13,6
2012-03-10 14:00:00,1,0,0,1,13.94,15.91,27,19.0012,117,262,379,12031010.,02PM00.,03,14,6
2012-03-10 15:00:00,1,0,0,1,13.94,18.18,25,0.0,132,274,406,12031010.,03PM00.,03,15,6
2012-03-10 16:00:00,1,0,0,1,14.76,18.18,23,0.0,115,275,390,12031010.,04PM00.,03,16,6
2012-03-10 17:00:00,1,0,0,1,14.76,18.94,23,0.0,104,250,354,12031010.,05PM00.,03,17,6
2012-03-10 18:00:00,1,0,0,1,14.76,18.18,21,6.0032,67,230,297,12031010.,06PM00.,03,18,6
2012-03-10 19:00:00,1,0,0,1,13.94,18.18,25,0.0,25,159,184,12031010.,07PM00.,03,19,6
2012-03-10 20:00:00,1,0,0,1,13.12,16.665,33,8.9981,20,101,121,12031010.,08PM00.,03,20,6
2012-03-10 21:00:00,1,0,0,1,12.3,14.395,39,15.0013,16,94,110,12031010.,09PM00.,03,21,6
2012-03-10 22:00:00,1,0,0,1,10.66,12.88,44,11.0014,19,81,100,12031010.,10PM00.,03,22,6
2012-03-10 23:00:00,1,0,0,1,10.66,12.88,41,12.998,6,77,83,12031010.,11PM00.,03,23,6
2012-03-11 00:00:00,1,0,0,1,10.66,14.395,44,6.0032,7,62,69,12031110.,12AM00.,03,00,7
2012-03-11 01:00:00,1,0,0,1,9.84,12.12,52,11.0014,4,57,61,12031110.,01AM00.,03,01,7
2012-03-11 03:00:00,1,0,0,1,9.84,12.12,60,8.9981,15,51,66,12031110.,03AM00.,03,03,7
2012-03-11 04:00:00,1,0,0,1,9.84,12.12,60,8.9981,7,15,22,12031110.,04AM00.,03,04,7
2012-03-11 05:00:00,1,0,0,1,9.84,12.12,60,11.0014,2,5,7,12031110.,05AM00.,03,05,7
2012-03-11 06:00:00,1,0,0,1,9.84,12.12,70,11.0014,2,8,10,12031110.,06AM00.,03,06,7
2012-03-11 07:00:00,1,0,0,1,9.02,11.365,69,8.9981,2,15,17,12031110.,07AM00.,03,07,7
2012-03-11 08:00:00,1,0,0,1,9.02,11.365,69,8.9981,4,68,72,12031110.,08AM00.,03,08,7
2012-03-11 09:00:00,1,0,0,1,10.66,12.88,60,15.0013,20,70,90,12031110.,09AM00.,03,09,7
2012-03-11 10:00:00,1,0,0,1,13.12,15.15,49,19.0012,71,147,218,12031110.,10AM00.,03,10,7
2012-03-11 11:00:00,1,0,0,1,14.76,16.665,43,19.0012,90,209,299,12031110.,11AM00.,03,11,7
2012-03-11 12:00:00,1,0,0,1,16.4,20.455,37,19.9995,146,264,410,12031110.,12PM00.,03,12,7
2012-03-11 13:00:00,1,0,0,1,17.22,21.21,41,19.9995,176,288,464,12031110.,01PM00.,03,13,7
2012-03-11 14:00:00,1,0,0,1,18.86,22.725,31,19.0012,212,289,501,12031110.,02PM00.,03,14,7
2012-03-11 15:00:00,1,0,0,1,20.5,24.24,29,19.9995,201,286,487,12031110.,03PM00.,03,15,7
2012-03-11 16:00:00,1,0,0,1,20.5,24.24,31,23.9994,208,301,509,12031110.,04PM00.,03,16,7
2012-03-11 17:00:00,1,0,0,1,21.32,25.0,27,19.9995,199,299,498,12031110.,05PM00.,03,17,7
2012-03-11 18:00:00,1,0,0,1,21.32,25.0,29,19.0012,133,256,389,12031110.,06PM00.,03,18,7
2012-03-11 19:00:00,1,0,0,1,20.5,24.24,31,19.0012,55,203,258,12031110.,07PM00.,03,19,7
2012-03-11 20:00:00,1,0,0,1,18.04,21.97,47,15.0013,42,129,171,12031110.,08PM00.,03,20,7
2012-03-11 21:00:00,1,0,0,1,17.22,21.21,54,15.0013,37,110,147,12031110.,09PM00.,03,21,7
2012-03-11 22:00:00,1,0,0,1,16.4,20.455,54,12.998,13,81,94,12031110.,10PM00.,03,22,7
2012-03-11 23:00:00,1,0,0,1,16.4,20.455,50,11.0014,12,40,52,12031110.,11PM00.,03,23,7
2012-03-12 00:00:00,1,0,1,1,15.58,19.695,54,12.998,4,20,24,12031210.,12AM00.,03,00,1
2012-03-12 01:00:00,1,0,1,1,15.58,19.695,50,8.9981,1,9,10,12031210.,01AM00.,03,01,1
2012-03-12 02:00:00,1,0,1,1,15.58,19.695,54,7.0015,4,5,9,12031210.,02AM00.,03,02,1
2012-03-12 03:00:00,1,0,1,1,14.76,17.425,50,8.9981,0,2,2,12031210.,03AM00.,03,03,1
2012-03-12 04:00:00,1,0,1,1,13.94,16.665,61,12.998,0,3,3,12031210.,04AM00.,03,04,1
2012-03-12 05:00:00,1,0,1,1,13.94,16.665,61,12.998,1,15,16,12031210.,05AM00.,03,05,1
2012-03-12 06:00:00,1,0,1,1,13.94,17.425,57,7.0015,2,86,88,12031210.,06AM00.,03,06,1
2012-03-12 07:00:00,1,0,1,1,13.94,17.425,53,7.0015,9,259,268,12031210.,07AM00.,03,07,1
2012-03-12 08:00:00,1,0,1,1,13.94,16.665,61,8.9981,17,547,564,12031210.,08AM00.,03,08,1
2012-03-12 09:00:00,1,0,1,1,15.58,19.695,54,11.0014,21,260,281,12031210.,09AM00.,03,09,1
2012-03-12 10:00:00,1,0,1,1,16.4,20.455,50,15.0013,39,98,137,12031210.,10AM00.,03,10,1
2012-03-12 11:00:00,1,0,1,1,18.04,21.97,44,15.0013,39,111,150,12031210.,11AM00.,03,11,1
2012-03-12 12:00:00,1,0,1,1,19.68,23.485,39,15.0013,59,162,221,12031210.,12PM00.,03,12,1
2012-03-12 13:00:00,1,0,1,2,22.14,25.76,32,16.9979,74,176,250,12031210.,01PM00.,03,13,1
2012-03-12 14:00:00,1,0,1,2,23.78,27.275,32,19.0012,76,145,221,12031210.,02PM00.,03,14,1
2012-03-12 15:00:00,1,0,1,1,22.96,26.515,40,8.9981,74,159,233,12031210.,03PM00.,03,15,1
2012-03-12 16:00:00,1,0,1,1,25.42,31.06,35,30.0026,77,255,332,12031210.,04PM00.,03,16,1
2012-03-12 17:00:00,1,0,1,2,25.42,31.06,38,27.9993,87,557,644,12031210.,05PM00.,03,17,1
2012-03-12 18:00:00,1,0,1,2,24.6,31.06,43,12.998,89,623,712,12031210.,06PM00.,03,18,1
2012-03-12 19:00:00,1,0,1,2,22.96,26.515,49,15.0013,67,379,446,12031210.,07PM00.,03,19,1
2012-03-12 20:00:00,1,0,1,2,22.96,26.515,49,15.0013,49,237,286,12031210.,08PM00.,03,20,1
2012-03-12 21:00:00,1,0,1,2,22.14,25.76,56,15.0013,22,183,205,12031210.,09PM00.,03,21,1
2012-03-12 22:00:00,1,0,1,2,22.96,26.515,56,15.0013,17,116,133,12031210.,10PM00.,03,22,1
2012-03-12 23:00:00,1,0,1,1,22.96,26.515,56,15.0013,10,53,63,12031210.,11PM00.,03,23,1
2012-03-13 00:00:00,1,0,1,2,22.96,26.515,52,12.998,5,21,26,12031310.,12AM00.,03,00,2
2012-03-13 01:00:00,1,0,1,2,21.32,25.0,59,15.0013,2,14,16,12031310.,01AM00.,03,01,2
2012-03-13 02:00:00,1,0,1,3,21.32,25.0,72,19.9995,0,1,1,12031310.,02AM00.,03,02,2
2012-03-13 03:00:00,1,0,1,3,21.32,25.0,72,19.9995,0,2,2,12031310.,03AM00.,03,03,2
2012-03-13 04:00:00,1,0,1,2,18.86,22.725,82,12.998,0,1,1,12031310.,04AM00.,03,04,2
2012-03-13 05:00:00,1,0,1,2,18.86,22.725,82,12.998,0,24,24,12031310.,05AM00.,03,05,2
2012-03-13 06:00:00,1,0,1,3,18.86,22.725,82,12.998,5,108,113,12031310.,06AM00.,03,06,2
2012-03-13 07:00:00,1,0,1,2,18.86,22.725,82,19.0012,16,292,308,12031310.,07AM00.,03,07,2
2012-03-13 08:00:00,1,0,1,1,18.86,22.725,82,19.0012,22,571,593,12031310.,08AM00.,03,08,2
2012-03-13 09:00:00,1,0,1,1,19.68,23.485,82,19.0012,18,324,342,12031310.,09AM00.,03,09,2
2012-03-13 10:00:00,1,0,1,1,21.32,25.0,77,15.0013,28,115,143,12031310.,10AM00.,03,10,2
2012-03-13 11:00:00,1,0,1,1,22.14,25.76,73,19.0012,64,155,219,12031310.,11AM00.,03,11,2
2012-03-13 12:00:00,1,0,1,1,24.6,30.305,60,19.0012,47,197,244,12031310.,12PM00.,03,12,2
2012-03-13 13:00:00,1,0,1,1,24.6,30.305,60,26.0027,53,180,233,12031310.,01PM00.,03,13,2
2012-03-13 14:00:00,1,0,1,1,26.24,31.06,53,22.0028,52,160,212,12031310.,02PM00.,03,14,2
2012-03-13 15:00:00,1,0,1,1,28.7,31.82,39,15.0013,68,196,264,12031310.,03PM00.,03,15,2
2012-03-13 16:00:00,1,0,1,1,29.52,32.575,34,26.0027,53,312,365,12031310.,04PM00.,03,16,2
2012-03-13 17:00:00,1,0,1,1,28.7,31.82,37,7.0015,62,614,676,12031310.,05PM00.,03,17,2
2012-03-13 18:00:00,1,0,1,1,28.7,31.82,34,19.9995,96,638,734,12031310.,06PM00.,03,18,2
2012-03-13 19:00:00,1,0,1,1,26.24,31.06,47,15.0013,50,429,479,12031310.,07PM00.,03,19,2
2012-03-13 20:00:00,1,0,1,1,24.6,31.06,49,11.0014,45,306,351,12031310.,08PM00.,03,20,2
2012-03-13 21:00:00,1,0,1,1,23.78,27.275,56,7.0015,44,200,244,12031310.,09PM00.,03,21,2
2012-03-13 22:00:00,1,0,1,1,22.96,26.515,60,6.0032,24,146,170,12031310.,10PM00.,03,22,2
2012-03-13 23:00:00,1,0,1,1,22.96,26.515,56,8.9981,8,79,87,12031310.,11PM00.,03,23,2
2012-03-14 00:00:00,1,0,1,1,22.14,25.76,60,7.0015,5,34,39,12031410.,12AM00.,03,00,3
2012-03-14 01:00:00,1,0,1,1,21.32,25.0,63,6.0032,2,25,27,12031410.,01AM00.,03,01,3
2012-03-14 02:00:00,1,0,1,1,20.5,24.24,68,12.998,0,2,2,12031410.,02AM00.,03,02,3
2012-03-14 03:00:00,1,0,1,1,19.68,23.485,72,12.998,1,3,4,12031410.,03AM00.,03,03,3
2012-03-14 04:00:00,1,0,1,1,19.68,23.485,67,6.0032,1,4,5,12031410.,04AM00.,03,04,3
2012-03-14 05:00:00,1,0,1,1,18.04,21.97,82,8.9981,2,25,27,12031410.,05AM00.,03,05,3
2012-03-14 06:00:00,1,0,1,1,18.04,21.97,82,6.0032,1,120,121,12031410.,06AM00.,03,06,3
2012-03-14 07:00:00,1,0,1,1,18.04,21.97,82,7.0015,20,348,368,12031410.,07AM00.,03,07,3
2012-03-14 08:00:00,1,0,1,1,18.04,21.97,82,0.0,34,628,662,12031410.,08AM00.,03,08,3
2012-03-14 09:00:00,1,0,1,1,21.32,25.0,68,0.0,26,325,351,12031410.,09AM00.,03,09,3
2012-03-14 10:00:00,1,0,1,1,22.96,26.515,56,7.0015,38,150,188,12031410.,10AM00.,03,10,3
2012-03-14 11:00:00,1,0,1,2,25.42,31.06,41,11.0014,65,155,220,12031410.,11AM00.,03,11,3
2012-03-14 12:00:00,1,0,1,2,26.24,31.06,29,0.0,55,212,267,12031410.,12PM00.,03,12,3
2012-03-14 13:00:00,1,0,1,1,27.06,31.06,27,15.0013,57,197,254,12031410.,01PM00.,03,13,3
2012-03-14 14:00:00,1,0,1,1,28.7,31.82,23,22.0028,61,163,224,12031410.,02PM00.,03,14,3
2012-03-14 15:00:00,1,0,1,1,28.7,31.82,24,0.0,86,197,283,12031410.,03PM00.,03,15,3
2012-03-14 16:00:00,1,0,1,1,29.52,31.82,25,12.998,78,278,356,12031410.,04PM00.,03,16,3
2012-03-14 17:00:00,1,0,1,1,28.7,31.82,28,6.0032,140,642,782,12031410.,05PM00.,03,17,3
2012-03-14 18:00:00,1,0,1,1,28.7,31.82,32,0.0,102,647,749,12031410.,06PM00.,03,18,3
2012-03-14 19:00:00,1,0,1,1,26.24,31.06,33,11.0014,70,402,472,12031410.,07PM00.,03,19,3
2012-03-14 20:00:00,1,0,1,1,25.42,31.06,35,7.0015,44,286,330,12031410.,08PM00.,03,20,3
2012-03-14 21:00:00,1,0,1,1,24.6,31.06,40,6.0032,47,241,288,12031410.,09PM00.,03,21,3
2012-03-14 22:00:00,1,0,1,1,21.32,25.0,55,8.9981,43,159,202,12031410.,10PM00.,03,22,3
2012-03-14 23:00:00,1,0,1,1,22.96,26.515,43,11.0014,19,72,91,12031410.,11PM00.,03,23,3
2012-03-15 00:00:00,1,0,1,1,22.14,25.76,49,8.9981,14,46,60,12031510.,12AM00.,03,00,4
2012-03-15 01:00:00,1,0,1,1,20.5,24.24,59,7.0015,15,8,23,12031510.,01AM00.,03,01,4
2012-03-15 02:00:00,1,0,1,1,20.5,24.24,59,0.0,14,5,19,12031510.,02AM00.,03,02,4
2012-03-15 03:00:00,1,0,1,1,20.5,24.24,63,0.0,0,7,7,12031510.,03AM00.,03,03,4
2012-03-15 04:00:00,1,0,1,1,18.04,21.97,77,7.0015,11,3,14,12031510.,04AM00.,03,04,4
2012-03-15 05:00:00,1,0,1,1,18.86,22.725,67,0.0,2,24,26,12031510.,05AM00.,03,05,4
2012-03-15 06:00:00,1,0,1,1,18.04,21.97,72,6.0032,4,113,117,12031510.,06AM00.,03,06,4
2012-03-15 07:00:00,1,0,1,1,18.04,21.97,72,6.0032,14,367,381,12031510.,07AM00.,03,07,4
2012-03-15 08:00:00,1,0,1,1,18.04,21.97,77,7.0015,21,602,623,12031510.,08AM00.,03,08,4
2012-03-15 09:00:00,1,0,1,1,19.68,23.485,77,6.0032,30,285,315,12031510.,09AM00.,03,09,4
2012-03-15 10:00:00,1,0,1,1,21.32,25.0,68,7.0015,34,130,164,12031510.,10AM00.,03,10,4
2012-03-15 11:00:00,1,0,1,1,22.96,26.515,60,8.9981,60,151,211,12031510.,11AM00.,03,11,4
2012-03-15 12:00:00,1,0,1,2,25.42,31.06,50,8.9981,59,206,265,12031510.,12PM00.,03,12,4
2012-03-15 13:00:00,1,0,1,2,27.06,31.06,41,6.0032,62,211,273,12031510.,01PM00.,03,13,4
2012-03-15 14:00:00,1,0,1,2,29.52,32.575,30,7.0015,81,177,258,12031510.,02PM00.,03,14,4
2012-03-15 15:00:00,1,0,1,1,29.52,32.575,32,15.0013,100,187,287,12031510.,03PM00.,03,15,4
2012-03-15 16:00:00,1,0,1,1,29.52,32.575,37,26.0027,95,331,426,12031510.,04PM00.,03,16,4
2012-03-15 17:00:00,1,0,1,1,28.7,31.82,39,16.9979,79,634,713,12031510.,05PM00.,03,17,4
2012-03-15 18:00:00,1,0,1,1,27.06,31.06,44,19.0012,98,648,746,12031510.,06PM00.,03,18,4
2012-03-15 19:00:00,1,0,1,2,26.24,31.06,50,12.998,72,353,425,12031510.,07PM00.,03,19,4
2012-03-15 20:00:00,1,0,1,2,23.78,27.275,60,23.9994,60,270,330,12031510.,08PM00.,03,20,4
2012-03-15 21:00:00,1,0,1,1,22.14,25.76,68,19.0012,36,207,243,12031510.,09PM00.,03,21,4
2012-03-15 22:00:00,1,0,1,1,21.32,25.0,68,8.9981,32,137,169,12031510.,10PM00.,03,22,4
2012-03-15 23:00:00,1,0,1,1,19.68,23.485,72,12.998,12,85,97,12031510.,11PM00.,03,23,4
2012-03-16 00:00:00,1,0,1,1,18.04,21.97,77,16.9979,8,49,57,12031610.,12AM00.,03,00,5
2012-03-16 01:00:00,1,0,1,2,17.22,21.21,82,22.0028,4,22,26,12031610.,01AM00.,03,01,5
2012-03-16 02:00:00,1,0,1,2,17.22,21.21,82,12.998,0,4,4,12031610.,02AM00.,03,02,5
2012-03-16 03:00:00,1,0,1,2,16.4,20.455,87,19.0012,0,3,3,12031610.,03AM00.,03,03,5
2012-03-16 04:00:00,1,0,1,2,16.4,20.455,87,16.9979,0,3,3,12031610.,04AM00.,03,04,5
2012-03-16 05:00:00,1,0,1,2,16.4,20.455,87,15.0013,2,30,32,12031610.,05AM00.,03,05,5
2012-03-16 06:00:00,1,0,1,2,16.4,20.455,87,11.0014,3,96,99,12031610.,06AM00.,03,06,5
2012-03-16 07:00:00,1,0,1,2,16.4,20.455,87,12.998,13,265,278,12031610.,07AM00.,03,07,5
2012-03-16 08:00:00,1,0,1,2,16.4,20.455,87,15.0013,28,534,562,12031610.,08AM00.,03,08,5
2012-03-16 09:00:00,1,0,1,2,17.22,21.21,82,0.0,35,277,312,12031610.,09AM00.,03,09,5
2012-03-16 10:00:00,1,0,1,2,16.4,20.455,87,6.0032,44,136,180,12031610.,10AM00.,03,10,5
2012-03-16 11:00:00,1,0,1,2,18.04,21.97,77,0.0,40,167,207,12031610.,11AM00.,03,11,5
2012-03-16 12:00:00,1,0,1,2,18.04,21.97,82,8.9981,72,222,294,12031610.,12PM00.,03,12,5
2012-03-16 13:00:00,1,0,1,2,18.86,22.725,77,6.0032,52,208,260,12031610.,01PM00.,03,13,5
2012-03-16 14:00:00,1,0,1,2,19.68,23.485,72,0.0,56,146,202,12031610.,02PM00.,03,14,5
2012-03-16 15:00:00,1,0,1,3,18.86,22.725,82,7.0015,19,88,107,12031610.,03PM00.,03,15,5
2012-03-16 16:00:00,1,0,1,3,19.68,23.485,77,0.0,18,111,129,12031610.,04PM00.,03,16,5
2012-03-16 17:00:00,1,0,1,3,19.68,23.485,82,6.0032,23,235,258,12031610.,05PM00.,03,17,5
2012-03-16 18:00:00,1,0,1,3,19.68,23.485,82,6.0032,31,377,408,12031610.,06PM00.,03,18,5
2012-03-16 19:00:00,1,0,1,2,18.86,22.725,88,0.0,23,273,296,12031610.,07PM00.,03,19,5
2012-03-16 20:00:00,1,0,1,1,18.86,22.725,88,0.0,31,204,235,12031610.,08PM00.,03,20,5
2012-03-16 21:00:00,1,0,1,2,18.04,21.97,94,0.0,8,144,152,12031610.,09PM00.,03,21,5
2012-03-16 22:00:00,1,0,1,2,18.04,21.97,94,0.0,16,132,148,12031610.,10PM00.,03,22,5
2012-03-16 23:00:00,1,0,1,2,18.04,21.97,94,0.0,22,104,126,12031610.,11PM00.,03,23,5
2012-03-17 00:00:00,1,0,0,2,18.04,21.97,94,6.0032,13,87,100,12031710.,12AM00.,03,00,6
2012-03-17 01:00:00,1,0,0,2,18.04,21.97,94,0.0,12,57,69,12031710.,01AM00.,03,01,6
2012-03-17 02:00:00,1,0,0,2,18.04,21.97,88,0.0,10,32,42,12031710.,02AM00.,03,02,6
2012-03-17 03:00:00,1,0,0,2,18.04,21.97,88,0.0,2,24,26,12031710.,03AM00.,03,03,6
2012-03-17 04:00:00,1,0,0,2,17.22,21.21,94,0.0,0,2,2,12031710.,04AM00.,03,04,6
2012-03-17 05:00:00,1,0,0,2,17.22,21.21,94,6.0032,5,3,8,12031710.,05AM00.,03,05,6
2012-03-17 06:00:00,1,0,0,2,17.22,21.21,94,12.998,1,29,30,12031710.,06AM00.,03,06,6
2012-03-17 07:00:00,1,0,0,2,16.4,20.455,100,8.9981,29,57,86,12031710.,07AM00.,03,07,6
2012-03-17 08:00:00,1,0,0,2,17.22,21.21,94,7.0015,63,155,218,12031710.,08AM00.,03,08,6
2012-03-17 09:00:00,1,0,0,2,18.04,21.97,88,6.0032,104,217,321,12031710.,09AM00.,03,09,6
2012-03-17 10:00:00,1,0,0,2,20.5,24.24,77,6.0032,140,303,443,12031710.,10AM00.,03,10,6
2012-03-17 11:00:00,1,0,0,2,21.32,25.0,77,8.9981,226,359,585,12031710.,11AM00.,03,11,6
2012-03-17 12:00:00,1,0,0,1,22.96,26.515,68,11.0014,286,365,651,12031710.,12PM00.,03,12,6
2012-03-17 13:00:00,1,0,0,1,24.6,30.305,60,7.0015,286,400,686,12031710.,01PM00.,03,13,6
2012-03-17 14:00:00,1,0,0,1,25.42,31.06,53,6.0032,352,338,690,12031710.,02PM00.,03,14,6
2012-03-17 15:00:00,1,0,0,1,26.24,31.06,53,8.9981,357,322,679,12031710.,03PM00.,03,15,6
2012-03-17 16:00:00,1,0,0,1,26.24,31.06,50,0.0,367,318,685,12031710.,04PM00.,03,16,6
2012-03-17 17:00:00,1,0,0,1,26.24,31.06,50,8.9981,291,357,648,12031710.,05PM00.,03,17,6
2012-03-17 18:00:00,1,0,0,1,25.42,31.06,57,19.9995,221,339,560,12031710.,06PM00.,03,18,6
2012-03-17 19:00:00,1,0,0,1,23.78,27.275,64,19.0012,155,262,417,12031710.,07PM00.,03,19,6
2012-03-17 20:00:00,1,0,0,1,22.96,26.515,64,12.998,89,182,271,12031710.,08PM00.,03,20,6
2012-03-17 21:00:00,1,0,0,1,22.14,25.76,68,11.0014,54,169,223,12031710.,09PM00.,03,21,6
2012-03-17 22:00:00,1,0,0,1,22.14,25.76,68,0.0,58,153,211,12031710.,10PM00.,03,22,6
2012-03-17 23:00:00,1,0,0,1,20.5,24.24,77,11.0014,34,151,185,12031710.,11PM00.,03,23,6
2012-03-18 00:00:00,1,0,0,1,18.86,22.725,88,12.998,27,80,107,12031810.,12AM00.,03,00,7
2012-03-18 01:00:00,1,0,0,1,18.86,22.725,82,8.9981,25,88,113,12031810.,01AM00.,03,01,7
2012-03-18 02:00:00,1,0,0,2,18.86,22.725,82,7.0015,15,41,56,12031810.,02AM00.,03,02,7
2012-03-18 03:00:00,1,0,0,2,18.04,21.97,88,8.9981,3,15,18,12031810.,03AM00.,03,03,7
2012-03-18 04:00:00,1,0,0,2,17.22,21.21,94,11.0014,6,8,14,12031810.,04AM00.,03,04,7
2012-03-18 05:00:00,1,0,0,2,16.4,20.455,94,7.0015,0,6,6,12031810.,05AM00.,03,05,7
2012-03-18 06:00:00,1,0,0,2,16.4,20.455,94,7.0015,2,9,11,12031810.,06AM00.,03,06,7
2012-03-18 07:00:00,1,0,0,3,17.22,21.21,88,11.0014,17,25,42,12031810.,07AM00.,03,07,7
2012-03-18 08:00:00,1,0,0,2,17.22,21.21,88,7.0015,25,71,96,12031810.,08AM00.,03,08,7
2012-03-18 09:00:00,1,0,0,2,17.22,21.21,88,6.0032,65,113,178,12031810.,09AM00.,03,09,7
2012-03-18 10:00:00,1,0,0,2,17.22,21.21,88,7.0015,139,212,351,12031810.,10AM00.,03,10,7
2012-03-18 11:00:00,1,0,0,2,18.04,21.97,82,11.0014,129,239,368,12031810.,11AM00.,03,11,7
2012-03-18 12:00:00,1,0,0,2,18.04,21.97,88,8.9981,222,281,503,12031810.,12PM00.,03,12,7
2012-03-18 13:00:00,1,0,0,2,18.86,22.725,82,11.0014,198,346,544,12031810.,01PM00.,03,13,7
2012-03-18 14:00:00,1,0,0,2,20.5,24.24,77,6.0032,218,303,521,12031810.,02PM00.,03,14,7
2012-03-18 15:00:00,1,0,0,1,22.14,25.76,68,6.0032,240,314,554,12031810.,03PM00.,03,15,7
2012-03-18 16:00:00,1,0,0,1,22.14,25.76,73,6.0032,229,312,541,12031810.,04PM00.,03,16,7
2012-03-18 17:00:00,1,0,0,1,22.96,26.515,64,6.0032,233,308,541,12031810.,05PM00.,03,17,7
2012-03-18 18:00:00,1,0,0,1,22.96,26.515,64,11.0014,165,294,459,12031810.,06PM00.,03,18,7
2012-03-18 19:00:00,1,0,0,1,22.96,26.515,64,11.0014,118,234,352,12031810.,07PM00.,03,19,7
2012-03-18 20:00:00,1,0,0,1,21.32,25.0,77,8.9981,59,139,198,12031810.,08PM00.,03,20,7
2012-03-18 21:00:00,1,0,0,1,21.32,25.0,72,6.0032,44,129,173,12031810.,09PM00.,03,21,7
2012-03-18 22:00:00,1,0,0,1,20.5,24.24,77,7.0015,21,79,100,12031810.,10PM00.,03,22,7
2012-03-18 23:00:00,1,0,0,1,19.68,23.485,82,11.0014,7,39,46,12031810.,11PM00.,03,23,7
2012-03-19 00:00:00,1,0,1,1,19.68,23.485,82,7.0015,4,19,23,12031910.,12AM00.,03,00,1
2012-03-19 01:00:00,1,0,1,1,18.86,22.725,88,7.0015,0,15,15,12031910.,01AM00.,03,01,1
2012-03-19 02:00:00,1,0,1,1,18.86,22.725,88,11.0014,1,7,8,12031910.,02AM00.,03,02,1
2012-03-19 03:00:00,1,0,1,1,18.86,22.725,88,6.0032,0,2,2,12031910.,03AM00.,03,03,1
2012-03-19 04:00:00,1,0,1,1,18.04,21.97,94,0.0,0,3,3,12031910.,04AM00.,03,04,1
2012-03-19 05:00:00,1,0,1,1,18.04,21.97,94,0.0,0,31,31,12031910.,05AM00.,03,05,1
2012-03-19 06:00:00,1,0,1,1,18.86,22.725,88,8.9981,2,118,120,12031910.,06AM00.,03,06,1
2012-03-19 07:00:00,1,0,1,1,18.86,22.725,88,12.998,25,329,354,12031910.,07AM00.,03,07,1
2012-03-19 08:00:00,1,0,1,1,18.86,22.725,88,7.0015,16,563,579,12031910.,08AM00.,03,08,1
2012-03-19 09:00:00,1,0,1,1,20.5,24.24,72,11.0014,55,276,331,12031910.,09AM00.,03,09,1
2012-03-19 10:00:00,1,0,1,1,21.32,25.0,72,8.9981,56,128,184,12031910.,10AM00.,03,10,1
2012-03-19 11:00:00,1,0,1,1,22.96,26.515,68,11.0014,56,145,201,12031910.,11AM00.,03,11,1
2012-03-19 12:00:00,1,0,1,1,24.6,30.305,64,16.9979,71,211,282,12031910.,12PM00.,03,12,1
2012-03-19 13:00:00,1,0,1,1,25.42,30.305,61,16.9979,69,194,263,12031910.,01PM00.,03,13,1
2012-03-19 14:00:00,1,0,1,2,26.24,31.06,57,12.998,60,200,260,12031910.,02PM00.,03,14,1
2012-03-19 15:00:00,1,0,1,1,26.24,31.06,57,15.0013,97,189,286,12031910.,03PM00.,03,15,1
2012-03-19 16:00:00,1,0,1,1,27.06,31.06,50,15.0013,65,320,385,12031910.,04PM00.,03,16,1
2012-03-19 17:00:00,1,0,1,1,26.24,31.06,53,15.0013,106,615,721,12031910.,05PM00.,03,17,1
2012-03-19 18:00:00,1,0,1,1,26.24,31.06,57,16.9979,120,681,801,12031910.,06PM00.,03,18,1
2012-03-19 19:00:00,1,0,1,1,25.42,30.305,61,15.0013,86,463,549,12031910.,07PM00.,03,19,1
2012-03-19 20:00:00,1,0,1,1,24.6,30.305,64,15.0013,34,296,330,12031910.,08PM00.,03,20,1
2012-03-19 21:00:00,1,0,1,1,24.6,30.305,64,11.0014,33,190,223,12031910.,09PM00.,03,21,1
2012-03-19 22:00:00,1,0,1,2,22.96,26.515,73,11.0014,17,131,148,12031910.,10PM00.,03,22,1
2012-03-19 23:00:00,1,0,1,2,22.96,26.515,78,8.9981,9,45,54,12031910.,11PM00.,03,23,1
2012-04-01 00:00:00,2,0,0,2,14.76,16.665,76,16.9979,8,59,67,12040110.,12AM00.,04,00,7
2012-04-01 01:00:00,2,0,0,2,14.76,17.425,76,11.0014,13,49,62,12040110.,01AM00.,04,01,7
2012-04-01 02:00:00,2,0,0,2,14.76,17.425,76,11.0014,20,61,81,12040110.,02AM00.,04,02,7
2012-04-01 03:00:00,2,0,0,2,13.94,16.665,81,8.9981,4,21,25,12040110.,03AM00.,04,03,7
2012-04-01 04:00:00,2,0,0,2,13.94,17.425,81,6.0032,3,9,12,12040110.,04AM00.,04,04,7
2012-04-01 05:00:00,2,0,0,2,13.94,17.425,81,6.0032,8,10,18,12040110.,05AM00.,04,05,7
2012-04-01 06:00:00,2,0,0,2,14.76,17.425,76,8.9981,9,88,97,12040110.,06AM00.,04,06,7
2012-04-01 07:00:00,2,0,0,2,14.76,17.425,71,8.9981,29,55,84,12040110.,07AM00.,04,07,7
2012-04-01 08:00:00,2,0,0,2,14.76,18.18,76,6.0032,37,88,125,12040110.,08AM00.,04,08,7
2012-04-01 09:00:00,2,0,0,2,14.76,17.425,81,8.9981,102,173,275,12040110.,09AM00.,04,09,7
2012-04-01 10:00:00,2,0,0,2,16.4,20.455,71,7.0015,132,228,360,12040110.,10AM00.,04,10,7
2012-04-01 11:00:00,2,0,0,2,16.4,20.455,71,12.998,180,271,451,12040110.,11AM00.,04,11,7
2012-04-01 12:00:00,2,0,0,2,17.22,21.21,67,15.0013,187,258,445,12040110.,12PM00.,04,12,7
2012-04-01 13:00:00,2,0,0,2,18.04,21.97,62,12.998,190,274,464,12040110.,01PM00.,04,13,7
2012-04-01 14:00:00,2,0,0,2,19.68,23.485,55,15.0013,283,278,561,12040110.,02PM00.,04,14,7
2012-04-01 15:00:00,2,0,0,1,20.5,24.24,55,16.9979,295,278,573,12040110.,03PM00.,04,15,7
2012-04-01 16:00:00,2,0,0,1,21.32,25.0,52,16.9979,236,275,511,12040110.,04PM00.,04,16,7
2012-04-01 17:00:00,2,0,0,1,21.32,25.0,55,19.0012,232,323,555,12040110.,05PM00.,04,17,7
2012-04-01 18:00:00,2,0,0,1,21.32,25.0,52,19.9995,153,279,432,12040110.,06PM00.,04,18,7
2012-04-01 19:00:00,2,0,0,1,21.32,25.0,55,15.0013,110,236,346,12040110.,07PM00.,04,19,7
2012-04-01 20:00:00,2,0,0,2,20.5,24.24,59,15.0013,66,166,232,12040110.,08PM00.,04,20,7
2012-04-01 21:00:00,2,0,0,2,20.5,24.24,59,11.0014,33,101,134,12040110.,09PM00.,04,21,7
2012-04-01 22:00:00,2,0,0,3,20.5,24.24,63,7.0015,7,61,68,12040110.,10PM00.,04,22,7
2012-04-01 23:00:00,2,0,0,3,18.86,22.725,72,0.0,10,53,63,12040110.,11PM00.,04,23,7
2012-04-02 00:00:00,2,0,1,3,18.04,21.97,82,7.0015,6,11,17,12040210.,12AM00.,04,00,1
2012-04-02 01:00:00,2,0,1,3,17.22,21.21,88,6.0032,0,5,5,12040210.,01AM00.,04,01,1
2012-04-02 02:00:00,2,0,1,3,18.04,21.97,94,8.9981,2,3,5,12040210.,02AM00.,04,02,1
2012-04-02 04:00:00,2,0,1,1,16.4,20.455,76,32.9975,2,2,4,12040210.,04AM00.,04,04,1
2012-04-02 05:00:00,2,0,1,1,16.4,20.455,76,32.9975,2,22,24,12040210.,05AM00.,04,05,1
2012-04-02 06:00:00,2,0,1,1,14.76,15.91,71,31.0009,6,104,110,12040210.,06AM00.,04,06,1
2012-04-02 07:00:00,2,0,1,1,13.94,15.15,66,26.0027,12,294,306,12040210.,07AM00.,04,07,1
2012-04-02 08:00:00,2,0,1,1,14.76,16.665,57,22.0028,36,553,589,12040210.,08AM00.,04,08,1
2012-04-02 09:00:00,2,0,1,1,15.58,19.695,54,23.9994,52,265,317,12040210.,09AM00.,04,09,1
2012-04-02 10:00:00,2,0,1,1,16.4,20.455,50,35.0008,85,119,204,12040210.,10AM00.,04,10,1
2012-04-02 11:00:00,2,0,1,1,17.22,21.21,47,30.0026,81,128,209,12040210.,11AM00.,04,11,1
2012-04-02 12:00:00,2,0,1,1,18.04,21.97,44,30.0026,100,181,281,12040210.,12PM00.,04,12,1
2012-04-02 13:00:00,2,0,1,1,18.86,22.725,36,19.9995,97,184,281,12040210.,01PM00.,04,13,1
2012-04-02 14:00:00,2,0,1,1,18.86,22.725,31,27.9993,127,141,268,12040210.,02PM00.,04,14,1
2012-04-02 15:00:00,2,0,1,1,19.68,23.485,33,27.9993,132,192,324,12040210.,03PM00.,04,15,1
2012-04-02 16:00:00,2,0,1,1,20.5,24.24,34,22.0028,104,291,395,12040210.,04PM00.,04,16,1
2012-04-02 17:00:00,2,0,1,1,20.5,24.24,29,19.0012,128,601,729,12040210.,05PM00.,04,17,1
2012-04-02 18:00:00,2,0,1,1,20.5,24.24,27,16.9979,75,543,618,12040210.,06PM00.,04,18,1
2012-04-02 19:00:00,2,0,1,1,20.5,24.24,27,16.9979,66,428,494,12040210.,07PM00.,04,19,1
2012-04-02 20:00:00,2,0,1,1,18.86,22.725,31,11.0014,48,281,329,12040210.,08PM00.,04,20,1
2012-04-02 21:00:00,2,0,1,1,18.86,22.725,28,8.9981,24,214,238,12040210.,09PM00.,04,21,1
2012-04-02 22:00:00,2,0,1,1,17.22,21.21,44,12.998,17,106,123,12040210.,10PM00.,04,22,1
2012-04-02 23:00:00,2,0,1,1,18.04,21.97,35,11.0014,6,60,66,12040210.,11PM00.,04,23,1
2012-04-03 00:00:00,2,0,1,1,16.4,20.455,43,8.9981,1,32,33,12040310.,12AM00.,04,00,2
2012-04-03 01:00:00,2,0,1,1,15.58,19.695,46,15.0013,0,11,11,12040310.,01AM00.,04,01,2
2012-04-03 02:00:00,2,0,1,1,14.76,17.425,53,11.0014,0,5,5,12040310.,02AM00.,04,02,2
2012-04-03 03:00:00,2,0,1,1,15.58,19.695,46,0.0,0,3,3,12040310.,03AM00.,04,03,2
2012-04-03 04:00:00,2,0,1,1,13.12,16.665,66,6.0032,0,1,1,12040310.,04AM00.,04,04,2
2012-04-03 05:00:00,2,0,1,1,13.12,16.665,66,6.0032,2,25,27,12040310.,05AM00.,04,05,2
2012-04-03 06:00:00,2,0,1,1,12.3,15.91,61,6.0032,2,98,100,12040310.,06AM00.,04,06,2
2012-04-03 07:00:00,2,0,1,1,13.12,16.665,66,6.0032,14,327,341,12040310.,07AM00.,04,07,2
2012-04-03 08:00:00,2,0,1,1,13.94,18.18,57,0.0,27,577,604,12040310.,08AM00.,04,08,2
2012-04-03 09:00:00,2,0,1,1,17.22,21.21,38,6.0032,54,354,408,12040310.,09AM00.,04,09,2
2012-04-03 10:00:00,2,0,1,1,18.04,21.97,33,0.0,77,142,219,12040310.,10AM00.,04,10,2
2012-04-03 11:00:00,2,0,1,1,19.68,23.485,23,0.0,91,167,258,12040310.,11AM00.,04,11,2
2012-04-03 12:00:00,2,0,1,1,21.32,25.0,25,0.0,101,230,331,12040310.,12PM00.,04,12,2
2012-04-03 13:00:00,2,0,1,1,22.96,26.515,19,16.9979,120,225,345,12040310.,01PM00.,04,13,2
2012-04-03 14:00:00,2,0,1,1,22.96,26.515,21,15.0013,120,191,311,12040310.,02PM00.,04,14,2
2012-04-03 15:00:00,2,0,1,1,24.6,29.545,20,12.998,109,207,316,12040310.,03PM00.,04,15,2
2012-04-03 16:00:00,2,0,1,1,25.42,30.305,21,11.0014,145,340,485,12040310.,04PM00.,04,16,2
2012-04-03 17:00:00,2,0,1,1,25.42,30.305,17,12.998,123,634,757,12040310.,05PM00.,04,17,2
2012-04-03 18:00:00,2,0,1,1,24.6,30.305,26,11.0014,139,661,800,12040310.,06PM00.,04,18,2
2012-04-03 19:00:00,2,0,1,1,22.96,26.515,26,7.0015,98,460,558,12040310.,07PM00.,04,19,2
2012-04-03 20:00:00,2,0,1,1,22.96,26.515,24,8.9981,54,325,379,12040310.,08PM00.,04,20,2
2012-04-03 21:00:00,2,0,1,1,22.14,25.76,45,0.0,33,210,243,12040310.,09PM00.,04,21,2
2012-04-03 22:00:00,2,0,1,1,20.5,24.24,51,0.0,25,133,158,12040310.,10PM00.,04,22,2
2012-04-03 23:00:00,2,0,1,1,20.5,24.24,59,0.0,13,66,79,12040310.,11PM00.,04,23,2
2012-04-04 00:00:00,2,0,1,1,19.68,23.485,48,0.0,18,23,41,12040410.,12AM00.,04,00,3
2012-04-04 01:00:00,2,0,1,1,18.86,22.725,59,0.0,0,11,11,12040410.,01AM00.,04,01,3
2012-04-04 02:00:00,2,0,1,1,18.86,22.725,51,0.0,0,5,5,12040410.,02AM00.,04,02,3
2012-04-04 03:00:00,2,0,1,1,18.04,21.97,58,6.0032,0,3,3,12040410.,03AM00.,04,03,3
2012-04-04 04:00:00,2,0,1,1,17.22,21.21,67,6.0032,0,1,1,12040410.,04AM00.,04,04,3
2012-04-04 05:00:00,2,0,1,1,17.22,21.21,67,6.0032,0,27,27,12040410.,05AM00.,04,05,3
2012-04-04 06:00:00,2,0,1,2,17.22,21.21,58,0.0,6,120,126,12040410.,06AM00.,04,06,3
2012-04-04 07:00:00,2,0,1,2,18.04,21.97,62,0.0,12,354,366,12040410.,07AM00.,04,07,3
2012-04-04 08:00:00,2,0,1,2,18.04,21.97,72,7.0015,31,653,684,12040410.,08AM00.,04,08,3
2012-04-04 09:00:00,2,0,1,2,19.68,23.485,55,8.9981,47,316,363,12040410.,09AM00.,04,09,3
2012-04-04 10:00:00,2,0,1,2,22.14,25.76,45,8.9981,68,99,167,12040410.,10AM00.,04,10,3
2012-04-04 11:00:00,2,0,1,2,24.6,31.06,43,23.9994,61,152,213,12040410.,11AM00.,04,11,3
2012-04-04 12:00:00,2,0,1,2,24.6,31.06,46,27.9993,73,210,283,12040410.,12PM00.,04,12,3
2012-04-04 13:00:00,2,0,1,2,24.6,31.06,46,16.9979,70,181,251,12040410.,01PM00.,04,13,3
2012-04-04 14:00:00,2,0,1,2,25.42,31.06,46,12.998,82,176,258,12040410.,02PM00.,04,14,3
2012-04-04 15:00:00,2,0,1,2,26.24,31.06,44,19.0012,86,182,268,12040410.,03PM00.,04,15,3
2012-04-04 16:00:00,2,0,1,2,26.24,31.06,44,19.0012,86,304,390,12040410.,04PM00.,04,16,3
2012-04-04 17:00:00,2,0,1,1,27.06,31.06,41,19.9995,99,645,744,12040410.,05PM00.,04,17,3
2012-04-04 18:00:00,2,0,1,1,27.06,31.06,41,16.9979,113,646,759,12040410.,06PM00.,04,18,3
2012-04-04 19:00:00,2,0,1,1,27.06,31.06,39,15.0013,75,419,494,12040410.,07PM00.,04,19,3
2012-04-04 20:00:00,2,0,1,1,26.24,31.06,27,15.0013,39,333,372,12040410.,08PM00.,04,20,3
2012-04-04 21:00:00,2,0,1,1,24.6,30.305,23,22.0028,43,255,298,12040410.,09PM00.,04,21,3
2012-04-04 22:00:00,2,0,1,1,22.96,26.515,22,11.0014,30,151,181,12040410.,10PM00.,04,22,3
2012-04-04 23:00:00,2,0,1,1,21.32,25.0,23,27.9993,19,112,131,12040410.,11PM00.,04,23,3
2012-04-05 00:00:00,2,0,1,1,21.32,25.0,23,27.9993,12,33,45,12040510.,12AM00.,04,00,4
2012-04-05 01:00:00,2,0,1,1,19.68,23.485,27,22.0028,4,9,13,12040510.,01AM00.,04,01,4
2012-04-05 02:00:00,2,0,1,1,18.86,22.725,33,30.0026,7,11,18,12040510.,02AM00.,04,02,4
2012-04-05 03:00:00,2,0,1,1,17.22,21.21,41,19.9995,0,5,5,12040510.,03AM00.,04,03,4
2012-04-05 04:00:00,2,0,1,1,15.58,19.695,43,19.0012,0,1,1,12040510.,04AM00.,04,04,4
2012-04-05 05:00:00,2,0,1,1,15.58,19.695,43,19.0012,1,28,29,12040510.,05AM00.,04,05,4
2012-04-05 06:00:00,2,0,1,1,14.76,16.665,46,22.0028,8,118,126,12040510.,06AM00.,04,06,4
2012-04-05 07:00:00,2,0,1,1,13.94,16.665,49,12.998,15,339,354,12040510.,07AM00.,04,07,4
2012-04-05 08:00:00,2,0,1,1,14.76,17.425,46,15.0013,28,610,638,12040510.,08AM00.,04,08,4
2012-04-05 09:00:00,2,0,1,1,16.4,20.455,37,16.9979,61,290,351,12040510.,09AM00.,04,09,4
2012-04-05 10:00:00,2,0,1,1,17.22,21.21,35,19.0012,88,158,246,12040510.,10AM00.,04,10,4
2012-04-05 11:00:00,2,0,1,2,17.22,21.21,38,15.0013,109,159,268,12040510.,11AM00.,04,11,4
2012-04-05 12:00:00,2,0,1,1,18.04,21.97,33,0.0,66,210,276,12040510.,12PM00.,04,12,4
2012-04-05 13:00:00,2,0,1,1,18.86,22.725,31,0.0,89,202,291,12040510.,01PM00.,04,13,4
2012-04-05 14:00:00,2,0,1,1,18.86,22.725,33,11.0014,143,144,287,12040510.,02PM00.,04,14,4
2012-04-05 15:00:00,2,0,1,1,20.5,24.24,31,7.0015,98,171,269,12040510.,03PM00.,04,15,4
2012-04-05 16:00:00,2,0,1,1,20.5,24.24,31,12.998,84,318,402,12040510.,04PM00.,04,16,4
2012-04-05 17:00:00,2,0,1,1,20.5,24.24,31,11.0014,145,677,822,12040510.,05PM00.,04,17,4
2012-04-05 18:00:00,2,0,1,1,20.5,24.24,31,7.0015,80,618,698,12040510.,06PM00.,04,18,4
2012-04-05 19:00:00,2,0,1,1,19.68,23.485,31,16.9979,64,423,487,12040510.,07PM00.,04,19,4
2012-04-05 20:00:00,2,0,1,1,18.04,21.97,41,12.998,33,279,312,12040510.,08PM00.,04,20,4
2012-04-05 21:00:00,2,0,1,1,17.22,21.21,47,12.998,25,209,234,12040510.,09PM00.,04,21,4
2012-04-05 22:00:00,2,0,1,1,16.4,20.455,47,12.998,20,129,149,12040510.,10PM00.,04,22,4
2012-04-05 23:00:00,2,0,1,1,16.4,20.455,50,8.9981,12,124,136,12040510.,11PM00.,04,23,4
2012-04-06 00:00:00,2,0,1,1,16.4,20.455,43,0.0,12,49,61,12040610.,12AM00.,04,00,5
2012-04-06 01:00:00,2,0,1,1,14.76,17.425,62,8.9981,10,28,38,12040610.,01AM00.,04,01,5
2012-04-06 02:00:00,2,0,1,1,14.76,16.665,50,26.0027,6,5,11,12040610.,02AM00.,04,02,5
2012-04-06 03:00:00,2,0,1,1,13.94,15.15,53,22.0028,3,5,8,12040610.,03AM00.,04,03,5
2012-04-06 04:00:00,2,0,1,1,13.94,15.91,49,16.9979,2,3,5,12040610.,04AM00.,04,04,5
2012-04-06 05:00:00,2,0,1,1,13.12,15.15,53,22.0028,0,23,23,12040610.,05AM00.,04,05,5
2012-04-06 06:00:00,2,0,1,1,12.3,13.635,49,26.0027,0,80,80,12040610.,06AM00.,04,06,5
2012-04-06 07:00:00,2,0,1,1,12.3,14.395,49,19.0012,15,231,246,12040610.,07AM00.,04,07,5
2012-04-06 08:00:00,2,0,1,1,12.3,13.635,49,22.0028,19,489,508,12040610.,08AM00.,04,08,5
2012-04-06 09:00:00,2,0,1,1,13.94,15.15,42,22.0028,58,318,376,12040610.,09AM00.,04,09,5
2012-04-06 10:00:00,2,0,1,1,14.76,16.665,40,22.0028,81,157,238,12040610.,10AM00.,04,10,5
2012-04-06 11:00:00,2,0,1,1,16.4,20.455,37,19.9995,112,179,291,12040610.,11AM00.,04,11,5
2012-04-06 12:00:00,2,0,1,1,17.22,21.21,35,19.9995,113,224,337,12040610.,12PM00.,04,12,5
2012-04-06 13:00:00,2,0,1,1,18.04,21.97,33,22.0028,173,238,411,12040610.,01PM00.,04,13,5
2012-04-06 14:00:00,2,0,1,1,19.68,23.485,29,26.0027,240,250,490,12040610.,02PM00.,04,14,5
2012-04-06 15:00:00,2,0,1,1,20.5,24.24,27,19.0012,218,319,537,12040610.,03PM00.,04,15,5
2012-04-06 16:00:00,2,0,1,1,20.5,24.24,22,27.9993,184,352,536,12040610.,04PM00.,04,16,5
2012-04-06 17:00:00,2,0,1,1,21.32,25.0,23,27.9993,172,483,655,12040610.,05PM00.,04,17,5
2012-04-06 18:00:00,2,0,1,1,20.5,24.24,22,31.0009,104,380,484,12040610.,06PM00.,04,18,5
2012-04-06 19:00:00,2,0,1,1,19.68,23.485,23,19.9995,115,297,412,12040610.,07PM00.,04,19,5
2012-04-06 20:00:00,2,0,1,1,18.86,22.725,24,19.0012,61,191,252,12040610.,08PM00.,04,20,5
2012-04-06 21:00:00,2,0,1,1,18.04,21.97,26,8.9981,54,136,190,12040610.,09PM00.,04,21,5
2012-04-06 22:00:00,2,0,1,1,16.4,20.455,35,15.0013,34,124,158,12040610.,10PM00.,04,22,5
2012-04-06 23:00:00,2,0,1,1,17.22,21.21,30,19.0012,21,92,113,12040610.,11PM00.,04,23,5
2012-04-07 00:00:00,2,0,0,1,17.22,21.21,26,19.9995,9,85,94,12040710.,12AM00.,04,00,6
2012-04-07 01:00:00,2,0,0,1,16.4,20.455,28,16.9979,9,60,69,12040710.,01AM00.,04,01,6
2012-04-07 02:00:00,2,0,0,1,14.76,16.665,29,23.9994,11,25,36,12040710.,02AM00.,04,02,6
2012-04-07 03:00:00,2,0,0,1,14.76,16.665,32,16.9979,7,21,28,12040710.,03AM00.,04,03,6
2012-04-07 04:00:00,2,0,0,1,13.12,15.91,36,11.0014,3,4,7,12040710.,04AM00.,04,04,6
2012-04-07 05:00:00,2,0,0,1,13.12,15.91,33,11.0014,0,2,2,12040710.,05AM00.,04,05,6
2012-04-07 06:00:00,2,0,0,1,13.12,15.91,36,12.998,1,18,19,12040710.,06AM00.,04,06,6
2012-04-07 07:00:00,2,0,0,1,13.12,15.15,33,19.0012,14,40,54,12040710.,07AM00.,04,07,6
2012-04-07 08:00:00,2,0,0,1,13.94,15.91,34,16.9979,29,94,123,12040710.,08AM00.,04,08,6
2012-04-07 09:00:00,2,0,0,1,16.4,20.455,30,16.9979,103,173,276,12040710.,09AM00.,04,09,6
2012-04-07 10:00:00,2,0,0,1,17.22,21.21,28,16.9979,187,176,363,12040710.,10AM00.,04,10,6
2012-04-07 11:00:00,2,0,0,1,18.04,21.97,24,19.9995,251,244,495,12040710.,11AM00.,04,11,6
2012-04-07 12:00:00,2,0,0,1,18.86,22.725,23,26.0027,320,270,590,12040710.,12PM00.,04,12,6
2012-04-07 13:00:00,2,0,0,1,20.5,24.24,22,12.998,355,288,643,12040710.,01PM00.,04,13,6
2012-04-07 14:00:00,2,0,0,1,20.5,24.24,22,19.9995,326,252,578,12040710.,02PM00.,04,14,6
2012-04-07 15:00:00,2,0,0,1,21.32,25.0,19,27.9993,321,305,626,12040710.,03PM00.,04,15,6
2012-04-07 16:00:00,2,0,0,1,22.14,25.76,19,26.0027,354,261,615,12040710.,04PM00.,04,16,6
2012-04-07 17:00:00,2,0,0,1,22.14,25.76,19,27.9993,299,268,567,12040710.,05PM00.,04,17,6
2012-04-07 18:00:00,2,0,0,1,22.14,25.76,18,19.9995,227,290,517,12040710.,06PM00.,04,18,6
2012-04-07 19:00:00,2,0,0,1,22.14,25.76,16,22.0028,170,243,413,12040710.,07PM00.,04,19,6
2012-04-07 20:00:00,2,0,0,1,20.5,24.24,20,15.0013,73,135,208,12040710.,08PM00.,04,20,6
2012-04-07 21:00:00,2,0,0,1,20.5,24.24,20,12.998,75,159,234,12040710.,09PM00.,04,21,6
2012-04-07 22:00:00,2,0,0,1,19.68,23.485,20,12.998,76,106,182,12040710.,10PM00.,04,22,6
2012-04-07 23:00:00,2,0,0,1,18.86,22.725,23,15.0013,32,86,118,12040710.,11PM00.,04,23,6
2012-04-08 00:00:00,2,0,0,1,18.04,21.97,24,15.0013,21,64,85,12040810.,12AM00.,04,00,7
2012-04-08 01:00:00,2,0,0,1,18.04,21.97,24,15.0013,14,50,64,12040810.,01AM00.,04,01,7
2012-04-08 02:00:00,2,0,0,1,18.04,21.97,24,15.0013,7,25,32,12040810.,02AM00.,04,02,7
2012-04-08 03:00:00,2,0,0,1,17.22,21.21,26,8.9981,8,18,26,12040810.,03AM00.,04,03,7
2012-04-08 04:00:00,2,0,0,1,16.4,20.455,40,0.0,0,7,7,12040810.,04AM00.,04,04,7
2012-04-08 05:00:00,2,0,0,1,15.58,19.695,46,0.0,4,8,12,12040810.,05AM00.,04,05,7
2012-04-08 06:00:00,2,0,0,1,14.76,18.94,37,0.0,7,21,28,12040810.,06AM00.,04,06,7
2012-04-08 07:00:00,2,0,0,1,15.58,19.695,27,11.0014,12,25,37,12040810.,07AM00.,04,07,7
2012-04-08 08:00:00,2,0,0,1,16.4,20.455,30,12.998,19,65,84,12040810.,08AM00.,04,08,7
2012-04-08 09:00:00,2,0,0,1,18.04,21.97,26,15.0013,71,108,179,12040810.,09AM00.,04,09,7
2012-04-08 10:00:00,2,0,0,1,20.5,24.24,25,15.0013,113,186,299,12040810.,10AM00.,04,10,7
2012-04-08 11:00:00,2,0,0,1,20.5,24.24,25,19.0012,195,209,404,12040810.,11AM00.,04,11,7
2012-04-08 12:00:00,2,0,0,1,22.14,25.76,24,16.9979,198,259,457,12040810.,12PM00.,04,12,7
2012-04-08 13:00:00,2,0,0,1,23.78,27.275,23,11.0014,229,254,483,12040810.,01PM00.,04,13,7
2012-04-08 14:00:00,2,0,0,1,24.6,29.545,18,30.0026,254,249,503,12040810.,02PM00.,04,14,7
2012-04-08 15:00:00,2,0,0,1,25.42,30.305,17,23.9994,260,226,486,12040810.,03PM00.,04,15,7
2012-04-08 16:00:00,2,0,0,1,26.24,30.305,19,22.0028,232,244,476,12040810.,04PM00.,04,16,7
2012-04-08 17:00:00,2,0,0,1,25.42,30.305,22,19.9995,185,226,411,12040810.,05PM00.,04,17,7
2012-04-08 18:00:00,2,0,0,1,25.42,30.305,25,22.0028,151,159,310,12040810.,06PM00.,04,18,7
2012-04-08 19:00:00,2,0,0,1,24.6,30.305,23,26.0027,89,187,276,12040810.,07PM00.,04,19,7
2012-04-08 20:00:00,2,0,0,1,22.96,26.515,28,27.9993,65,146,211,12040810.,08PM00.,04,20,7
2012-04-08 21:00:00,2,0,0,1,21.32,25.0,34,15.0013,53,77,130,12040810.,09PM00.,04,21,7
2012-04-08 22:00:00,2,0,0,1,20.5,24.24,36,15.0013,33,85,118,12040810.,10PM00.,04,22,7
2012-04-08 23:00:00,2,0,0,1,20.5,24.24,39,16.9979,10,41,51,12040810.,11PM00.,04,23,7
2012-04-09 00:00:00,2,0,1,1,19.68,23.485,39,19.0012,8,29,37,12040910.,12AM00.,04,00,1
2012-04-09 01:00:00,2,0,1,1,18.86,22.725,41,8.9981,4,12,16,12040910.,01AM00.,04,01,1
2012-04-09 02:00:00,2,0,1,1,18.86,22.725,31,12.998,2,4,6,12040910.,02AM00.,04,02,1
2012-04-09 03:00:00,2,0,1,1,18.04,21.97,30,11.0014,0,3,3,12040910.,03AM00.,04,03,1
2012-04-09 04:00:00,2,0,1,1,18.04,21.97,24,12.998,2,3,5,12040910.,04AM00.,04,04,1
2012-04-09 05:00:00,2,0,1,1,18.04,21.97,24,12.998,2,30,32,12040910.,05AM00.,04,05,1
2012-04-09 06:00:00,2,0,1,1,17.22,21.21,26,15.0013,3,108,111,12040910.,06AM00.,04,06,1
2012-04-09 07:00:00,2,0,1,1,17.22,21.21,28,12.998,11,320,331,12040910.,07AM00.,04,07,1
2012-04-09 08:00:00,2,0,1,1,18.04,21.97,30,12.998,22,595,617,12040910.,08AM00.,04,08,1
2012-04-09 09:00:00,2,0,1,1,18.86,22.725,31,23.9994,50,236,286,12040910.,09AM00.,04,09,1
2012-04-09 10:00:00,2,0,1,1,20.5,24.24,27,32.9975,65,113,178,12040910.,10AM00.,04,10,1
2012-04-09 11:00:00,2,0,1,1,21.32,25.0,27,27.9993,96,127,223,12040910.,11AM00.,04,11,1
2012-04-09 12:00:00,2,0,1,1,22.14,25.76,28,47.9988,94,186,280,12040910.,12PM00.,04,12,1
2012-04-09 13:00:00,2,0,1,1,22.14,25.76,28,39.0007,108,173,281,12040910.,01PM00.,04,13,1
2012-04-09 14:00:00,2,0,1,1,22.96,26.515,28,36.9974,66,152,218,12040910.,02PM00.,04,14,1
2012-04-09 15:00:00,2,0,1,1,23.78,27.275,28,36.9974,82,173,255,12040910.,03PM00.,04,15,1
2012-04-09 16:00:00,2,0,1,1,22.96,26.515,30,27.9993,81,310,391,12040910.,04PM00.,04,16,1
2012-04-09 17:00:00,2,0,1,1,22.14,25.76,32,27.9993,67,565,632,12040910.,05PM00.,04,17,1
2012-04-09 18:00:00,2,0,1,1,22.14,25.76,34,19.9995,60,586,646,12040910.,06PM00.,04,18,1
2012-04-09 19:00:00,2,0,1,1,21.32,25.0,34,23.9994,35,386,421,12040910.,07PM00.,04,19,1
2012-04-09 20:00:00,2,0,1,1,20.5,24.24,36,30.0026,21,255,276,12040910.,08PM00.,04,20,1
2012-04-09 21:00:00,2,0,1,3,19.68,23.485,41,27.9993,14,151,165,12040910.,09PM00.,04,21,1
2012-04-09 22:00:00,2,0,1,2,18.86,22.725,41,32.9975,6,102,108,12040910.,10PM00.,04,22,1
2012-04-09 23:00:00,2,0,1,1,18.04,21.97,44,19.9995,6,61,67,12040910.,11PM00.,04,23,1
2012-04-10 00:00:00,2,0,1,2,18.04,21.97,47,19.0012,3,23,26,12041010.,12AM00.,04,00,2
2012-04-10 01:00:00,2,0,1,1,17.22,21.21,50,15.0013,0,9,9,12041010.,01AM00.,04,01,2
2012-04-10 02:00:00,2,0,1,1,14.76,17.425,71,8.9981,0,2,2,12041010.,02AM00.,04,02,2
2012-04-10 03:00:00,2,0,1,1,14.76,17.425,71,8.9981,0,2,2,12041010.,03AM00.,04,03,2
2012-04-10 04:00:00,2,0,1,1,13.94,16.665,71,8.9981,0,2,2,12041010.,04AM00.,04,04,2
2012-04-10 05:00:00,2,0,1,1,13.94,16.665,71,8.9981,0,24,24,12041010.,05AM00.,04,05,2
2012-04-10 06:00:00,2,0,1,1,13.94,17.425,71,7.0015,3,100,103,12041010.,06AM00.,04,06,2
2012-04-10 07:00:00,2,0,1,1,13.94,17.425,71,7.0015,16,368,384,12041010.,07AM00.,04,07,2
2012-04-10 08:00:00,2,0,1,1,15.58,19.695,62,8.9981,22,670,692,12041010.,08AM00.,04,08,2
2012-04-10 09:00:00,2,0,1,1,17.22,21.21,67,12.998,16,303,319,12041010.,09AM00.,04,09,2
2012-04-10 10:00:00,2,0,1,1,18.86,22.725,47,11.0014,49,132,181,12041010.,10AM00.,04,10,2
2012-04-10 11:00:00,2,0,1,1,20.5,24.24,36,0.0,78,161,239,12041010.,11AM00.,04,11,2
2012-04-10 12:00:00,2,0,1,1,22.14,25.76,22,19.0012,75,184,259,12041010.,12PM00.,04,12,2
2012-04-10 13:00:00,2,0,1,1,21.32,25.0,23,11.0014,81,202,283,12041010.,01PM00.,04,13,2
2012-04-10 14:00:00,2,0,1,1,22.14,25.76,24,12.998,75,149,224,12041010.,02PM00.,04,14,2
2012-04-10 15:00:00,2,0,1,1,22.96,26.515,21,19.9995,46,157,203,12041010.,03PM00.,04,15,2
2012-04-10 16:00:00,2,0,1,1,23.78,27.275,21,16.9979,66,296,362,12041010.,04PM00.,04,16,2
2012-04-10 17:00:00,2,0,1,1,22.96,26.515,21,35.0008,88,656,744,12041010.,05PM00.,04,17,2
2012-04-10 18:00:00,2,0,1,1,22.14,25.76,22,27.9993,78,626,704,12041010.,06PM00.,04,18,2
2012-04-10 19:00:00,2,0,1,1,21.32,25.0,20,23.9994,51,428,479,12041010.,07PM00.,04,19,2
2012-04-10 20:00:00,2,0,1,1,18.86,22.725,28,26.0027,34,248,282,12041010.,08PM00.,04,20,2
2012-04-10 21:00:00,2,0,1,1,18.04,21.97,30,30.0026,15,191,206,12041010.,09PM00.,04,21,2
2012-04-10 22:00:00,2,0,1,1,16.4,20.455,37,32.9975,9,118,127,12041010.,10PM00.,04,22,2
2012-04-10 23:00:00,2,0,1,1,14.76,16.665,40,27.9993,14,48,62,12041010.,11PM00.,04,23,2
2012-04-11 00:00:00,2,0,1,1,13.94,15.15,36,27.9993,8,22,30,12041110.,12AM00.,04,00,3
2012-04-11 01:00:00,2,0,1,1,13.94,15.91,39,19.0012,3,9,12,12041110.,01AM00.,04,01,3
2012-04-11 02:00:00,2,0,1,1,13.12,15.15,45,19.0012,0,2,2,12041110.,02AM00.,04,02,3
2012-04-11 03:00:00,2,0,1,1,12.3,14.395,49,15.0013,0,2,2,12041110.,03AM00.,04,03,3
2012-04-11 05:00:00,2,0,1,1,11.48,13.635,56,12.998,1,26,27,12041110.,05AM00.,04,05,3
2012-04-11 06:00:00,2,0,1,1,11.48,14.395,56,7.0015,3,103,106,12041110.,06AM00.,04,06,3
2012-04-11 07:00:00,2,0,1,1,11.48,14.395,52,8.9981,18,303,321,12041110.,07AM00.,04,07,3
2012-04-11 08:00:00,2,0,1,1,12.3,14.395,49,15.0013,14,581,595,12041110.,08AM00.,04,08,3
2012-04-11 09:00:00,2,0,1,2,13.12,15.15,49,19.9995,20,282,302,12041110.,09AM00.,04,09,3
2012-04-11 10:00:00,2,0,1,2,13.94,15.15,49,22.0028,26,127,153,12041110.,10AM00.,04,10,3
2012-04-11 11:00:00,2,0,1,2,15.58,19.695,43,22.0028,38,142,180,12041110.,11AM00.,04,11,3
2012-04-11 12:00:00,2,0,1,2,14.76,16.665,46,26.0027,35,147,182,12041110.,12PM00.,04,12,3
2012-04-11 13:00:00,2,0,1,2,16.4,20.455,40,23.9994,16,147,163,12041110.,01PM00.,04,13,3
2012-04-11 14:00:00,2,0,1,1,14.76,17.425,57,12.998,34,101,135,12041110.,02PM00.,04,14,3
2012-04-11 15:00:00,2,0,1,3,15.58,19.695,46,15.0013,50,152,202,12041110.,03PM00.,04,15,3
2012-04-11 16:00:00,2,0,1,1,18.04,21.97,33,19.9995,51,256,307,12041110.,04PM00.,04,16,3
2012-04-11 17:00:00,2,0,1,1,17.22,21.21,35,26.0027,52,527,579,12041110.,05PM00.,04,17,3
2012-04-11 18:00:00,2,0,1,3,16.4,20.455,43,27.9993,39,546,585,12041110.,06PM00.,04,18,3
2012-04-11 19:00:00,2,0,1,1,16.4,20.455,40,23.9994,28,356,384,12041110.,07PM00.,04,19,3
2012-04-11 20:00:00,2,0,1,1,14.76,16.665,46,22.0028,22,213,235,12041110.,08PM00.,04,20,3
2012-04-11 21:00:00,2,0,1,1,13.94,15.15,57,26.0027,11,154,165,12041110.,09PM00.,04,21,3
2012-04-11 22:00:00,2,0,1,1,13.94,15.15,57,22.0028,4,130,134,12041110.,10PM00.,04,22,3
2012-04-11 23:00:00,2,0,1,1,13.94,15.15,57,19.9995,9,52,61,12041110.,11PM00.,04,23,3
2012-04-12 00:00:00,2,0,1,1,13.12,15.15,66,19.0012,1,22,23,12041210.,12AM00.,04,00,4
2012-04-12 01:00:00,2,0,1,1,13.12,15.15,66,15.0013,2,7,9,12041210.,01AM00.,04,01,4
2012-04-12 02:00:00,2,0,1,1,13.12,15.15,61,19.0012,0,4,4,12041210.,02AM00.,04,02,4
2012-04-12 03:00:00,2,0,1,1,13.12,15.15,61,16.9979,2,3,5,12041210.,03AM00.,04,03,4
2012-04-12 04:00:00,2,0,1,1,12.3,14.395,61,15.0013,0,1,1,12041210.,04AM00.,04,04,4
2012-04-12 05:00:00,2,0,1,1,12.3,14.395,61,15.0013,0,21,21,12041210.,05AM00.,04,05,4
2012-04-12 06:00:00,2,0,1,1,12.3,14.395,65,16.9979,2,94,96,12041210.,06AM00.,04,06,4
2012-04-12 07:00:00,2,0,1,1,12.3,13.635,65,22.0028,12,294,306,12041210.,07AM00.,04,07,4
2012-04-12 08:00:00,2,0,1,1,13.12,15.15,66,22.0028,20,604,624,12041210.,08AM00.,04,08,4
2012-04-12 09:00:00,2,0,1,1,14.76,16.665,57,23.9994,16,271,287,12041210.,09AM00.,04,09,4
2012-04-12 10:00:00,2,0,1,1,16.4,20.455,50,19.9995,38,103,141,12041210.,10AM00.,04,10,4
2012-04-12 11:00:00,2,0,1,1,17.22,21.21,47,19.9995,50,174,224,12041210.,11AM00.,04,11,4
2012-04-12 12:00:00,2,0,1,1,18.86,22.725,41,30.0026,60,199,259,12041210.,12PM00.,04,12,4
2012-04-12 13:00:00,2,0,1,1,19.68,23.485,36,30.0026,55,148,203,12041210.,01PM00.,04,13,4
2012-04-12 14:00:00,2,0,1,1,20.5,24.24,31,22.0028,74,150,224,12041210.,02PM00.,04,14,4
2012-04-12 15:00:00,2,0,1,1,19.68,23.485,31,16.9979,42,169,211,12041210.,03PM00.,04,15,4
2012-04-12 16:00:00,2,0,1,1,19.68,23.485,31,19.0012,54,299,353,12041210.,04PM00.,04,16,4
2012-04-12 17:00:00,2,0,1,1,20.5,24.24,27,26.0027,60,596,656,12041210.,05PM00.,04,17,4
2012-04-12 18:00:00,2,0,1,1,20.5,24.24,27,26.0027,63,547,610,12041210.,06PM00.,04,18,4
2012-04-12 19:00:00,2,0,1,1,18.86,22.725,31,19.9995,50,383,433,12041210.,07PM00.,04,19,4
2012-04-12 20:00:00,2,0,1,1,18.04,21.97,33,16.9979,26,254,280,12041210.,08PM00.,04,20,4
2012-04-12 21:00:00,2,0,1,1,17.22,21.21,35,8.9981,13,174,187,12041210.,09PM00.,04,21,4
2012-04-12 22:00:00,2,0,1,1,17.22,21.21,35,12.998,15,143,158,12041210.,10PM00.,04,22,4
2012-04-12 23:00:00,2,0,1,1,17.22,21.21,35,12.998,8,86,94,12041210.,11PM00.,04,23,4
2012-04-13 00:00:00,2,0,1,1,16.4,20.455,37,16.9979,14,41,55,12041310.,12AM00.,04,00,5
2012-04-13 01:00:00,2,0,1,1,14.76,17.425,46,12.998,2,28,30,12041310.,01AM00.,04,01,5
2012-04-13 02:00:00,2,0,1,1,13.94,16.665,49,12.998,6,5,11,12041310.,02AM00.,04,02,5
2012-04-13 03:00:00,2,0,1,1,13.94,16.665,61,11.0014,3,8,11,12041310.,03AM00.,04,03,5
2012-04-13 04:00:00,2,0,1,2,13.94,16.665,53,8.9981,1,4,5,12041310.,04AM00.,04,04,5
2012-04-13 05:00:00,2,0,1,2,13.94,16.665,53,11.0014,2,19,21,12041310.,05AM00.,04,05,5
2012-04-13 06:00:00,2,0,1,1,13.12,15.91,57,11.0014,0,84,84,12041310.,06AM00.,04,06,5
2012-04-13 07:00:00,2,0,1,1,13.94,15.91,61,15.0013,13,283,296,12041310.,07AM00.,04,07,5
2012-04-13 08:00:00,2,0,1,1,15.58,19.695,46,11.0014,24,539,563,12041310.,08AM00.,04,08,5
2012-04-13 09:00:00,2,0,1,1,17.22,21.21,41,11.0014,36,294,330,12041310.,09AM00.,04,09,5
2012-04-13 10:00:00,2,0,1,1,18.04,21.97,38,12.998,59,133,192,12041310.,10AM00.,04,10,5
2012-04-13 11:00:00,2,0,1,1,18.86,22.725,36,8.9981,75,158,233,12041310.,11AM00.,04,11,5
2012-04-13 12:00:00,2,0,1,1,20.5,24.24,31,0.0,104,218,322,12041310.,12PM00.,04,12,5
2012-04-13 13:00:00,2,0,1,1,21.32,25.0,27,19.0012,112,246,358,12041310.,01PM00.,04,13,5
2012-04-13 14:00:00,2,0,1,1,21.32,25.0,27,0.0,125,223,348,12041310.,02PM00.,04,14,5
2012-04-13 15:00:00,2,0,1,1,22.14,25.76,28,16.9979,115,237,352,12041310.,03PM00.,04,15,5
2012-04-13 16:00:00,2,0,1,1,22.96,26.515,26,16.9979,113,350,463,12041310.,04PM00.,04,16,5
2012-04-13 17:00:00,2,0,1,1,22.96,26.515,24,11.0014,117,621,738,12041310.,05PM00.,04,17,5
2012-04-13 18:00:00,2,0,1,1,22.14,25.76,26,8.9981,107,564,671,12041310.,06PM00.,04,18,5
2012-04-13 19:00:00,2,0,1,1,22.14,25.76,24,11.0014,75,352,427,12041310.,07PM00.,04,19,5
2012-04-13 20:00:00,2,0,1,1,20.5,24.24,29,8.9981,44,242,286,12041310.,08PM00.,04,20,5
2012-04-13 21:00:00,2,0,1,1,20.5,24.24,36,0.0,36,153,189,12041310.,09PM00.,04,21,5
2012-04-13 22:00:00,2,0,1,1,18.04,21.97,62,7.0015,34,181,215,12041310.,10PM00.,04,22,5
2012-04-13 23:00:00,2,0,1,1,17.22,21.21,62,6.0032,35,163,198,12041310.,11PM00.,04,23,5
2012-04-14 00:00:00,2,0,0,1,16.4,20.455,58,8.9981,11,85,96,12041410.,12AM00.,04,00,6
2012-04-14 01:00:00,2,0,0,1,16.4,20.455,58,8.9981,10,60,70,12041410.,01AM00.,04,01,6
2012-04-14 02:00:00,2,0,0,1,15.58,19.695,66,8.9981,3,53,56,12041410.,02AM00.,04,02,6
2012-04-14 03:00:00,2,0,0,1,14.76,18.18,66,6.0032,6,26,32,12041410.,03AM00.,04,03,6
2012-04-14 04:00:00,2,0,0,1,14.76,18.18,71,7.0015,5,9,14,12041410.,04AM00.,04,04,6
2012-04-14 05:00:00,2,0,0,1,14.76,18.18,66,7.0015,2,5,7,12041410.,05AM00.,04,05,6
2012-04-14 06:00:00,2,0,0,1,13.94,16.665,76,11.0014,2,19,21,12041410.,06AM00.,04,06,6
2012-04-14 07:00:00,2,0,0,1,14.76,18.18,71,7.0015,8,56,64,12041410.,07AM00.,04,07,6
2012-04-14 08:00:00,2,0,0,1,14.76,17.425,71,8.9981,24,136,160,12041410.,08AM00.,04,08,6
2012-04-14 09:00:00,2,0,0,1,17.22,21.21,54,8.9981,59,206,265,12041410.,09AM00.,04,09,6
2012-04-14 10:00:00,2,0,0,1,18.86,22.725,51,11.0014,139,267,406,12041410.,10AM00.,04,10,6
2012-04-14 11:00:00,2,0,0,1,21.32,25.0,45,12.998,207,357,564,12041410.,11AM00.,04,11,6
2012-04-14 12:00:00,2,0,0,1,23.78,27.275,35,16.9979,274,404,678,12041410.,12PM00.,04,12,6
2012-04-14 13:00:00,2,0,0,1,25.42,31.06,33,19.9995,308,370,678,12041410.,01PM00.,04,13,6
2012-04-14 14:00:00,2,0,0,2,26.24,31.06,27,30.0026,288,372,660,12041410.,02PM00.,04,14,6
2012-04-14 15:00:00,2,0,0,2,26.24,31.06,27,23.9994,311,347,658,12041410.,03PM00.,04,15,6
2012-04-14 16:00:00,2,0,0,2,26.24,31.06,27,23.9994,253,329,582,12041410.,04PM00.,04,16,6
2012-04-14 17:00:00,2,0,0,2,25.42,31.06,33,16.9979,251,309,560,12041410.,05PM00.,04,17,6
2012-04-14 18:00:00,2,0,0,2,25.42,31.06,35,15.0013,197,284,481,12041410.,06PM00.,04,18,6
2012-04-14 19:00:00,2,0,0,2,24.6,31.06,40,11.0014,163,296,459,12041410.,07PM00.,04,19,6
2012-04-14 20:00:00,2,0,0,2,22.96,26.515,46,8.9981,112,209,321,12041410.,08PM00.,04,20,6
2012-04-14 21:00:00,2,0,0,2,22.96,26.515,43,8.9981,53,167,220,12041410.,09PM00.,04,21,6
2012-04-14 22:00:00,2,0,0,2,22.14,25.76,52,11.0014,64,148,212,12041410.,10PM00.,04,22,6
2012-04-14 23:00:00,2,0,0,2,22.14,25.76,56,12.998,45,151,196,12041410.,11PM00.,04,23,6
2012-04-15 00:00:00,2,0,0,2,22.14,25.76,56,12.998,30,94,124,12041510.,12AM00.,04,00,7
2012-04-15 01:00:00,2,0,0,2,22.14,25.76,56,11.0014,17,89,106,12041510.,01AM00.,04,01,7
2012-04-15 02:00:00,2,0,0,2,22.14,25.76,56,7.0015,20,54,74,12041510.,02AM00.,04,02,7
2012-04-15 03:00:00,2,0,0,2,21.32,25.0,59,8.9981,18,27,45,12041510.,03AM00.,04,03,7
2012-04-15 04:00:00,2,0,0,2,22.14,25.76,52,0.0,2,10,12,12041510.,04AM00.,04,04,7
2012-04-15 05:00:00,2,0,0,1,20.5,24.24,68,11.0014,4,6,10,12041510.,05AM00.,04,05,7
2012-04-15 06:00:00,2,0,0,1,20.5,24.24,63,8.9981,5,11,16,12041510.,06AM00.,04,06,7
2012-04-15 07:00:00,2,0,0,1,20.5,24.24,63,7.0015,16,30,46,12041510.,07AM00.,04,07,7
2012-04-15 08:00:00,2,0,0,1,21.32,25.0,59,0.0,33,64,97,12041510.,08AM00.,04,08,7
2012-04-15 09:00:00,2,0,0,1,22.14,25.76,56,15.0013,97,154,251,12041510.,09AM00.,04,09,7
2012-04-15 10:00:00,2,0,0,1,23.78,27.275,53,15.0013,186,235,421,12041510.,10AM00.,04,10,7
2012-04-15 11:00:00,2,0,0,1,25.42,31.06,46,19.9995,227,301,528,12041510.,11AM00.,04,11,7
2012-04-15 12:00:00,2,0,0,1,26.24,31.06,44,19.0012,275,360,635,12041510.,12PM00.,04,12,7
2012-04-15 13:00:00,2,0,0,1,27.06,31.06,44,19.0012,298,383,681,12041510.,01PM00.,04,13,7
2012-04-15 14:00:00,2,0,0,1,28.7,31.82,39,19.0012,282,346,628,12041510.,02PM00.,04,14,7
2012-04-15 15:00:00,2,0,0,1,28.7,31.82,39,26.0027,266,351,617,12041510.,03PM00.,04,15,7
2012-04-15 16:00:00,2,0,0,1,29.52,32.575,39,23.9994,286,330,616,12041510.,04PM00.,04,16,7
2012-04-15 17:00:00,2,0,0,1,28.7,31.82,42,22.0028,262,361,623,12041510.,05PM00.,04,17,7
2012-04-15 18:00:00,2,0,0,1,28.7,31.82,42,16.9979,184,295,479,12041510.,06PM00.,04,18,7
2012-04-15 19:00:00,2,0,0,1,28.7,31.82,42,16.9979,114,265,379,12041510.,07PM00.,04,19,7
2012-04-15 20:00:00,2,0,0,1,26.24,31.06,50,15.0013,86,205,291,12041510.,08PM00.,04,20,7
2012-04-15 21:00:00,2,0,0,1,25.42,31.06,57,16.9979,76,153,229,12041510.,09PM00.,04,21,7
2012-04-15 22:00:00,2,0,0,1,27.88,31.82,44,23.9994,37,97,134,12041510.,10PM00.,04,22,7
2012-04-15 23:00:00,2,0,0,1,27.06,31.06,50,26.0027,25,65,90,12041510.,11PM00.,04,23,7
2012-04-16 00:00:00,2,1,0,1,26.24,31.06,53,22.0028,15,26,41,12041610.,12AM00.,04,00,1
2012-04-16 01:00:00,2,1,0,1,25.42,30.305,61,23.9994,7,21,28,12041610.,01AM00.,04,01,1
2012-04-16 02:00:00,2,1,0,1,24.6,30.305,64,16.9979,5,9,14,12041610.,02AM00.,04,02,1
2012-04-16 03:00:00,2,1,0,1,23.78,27.275,68,12.998,3,5,8,12041610.,03AM00.,04,03,1
2012-04-16 04:00:00,2,1,0,1,22.14,25.76,77,15.0013,0,6,6,12041610.,04AM00.,04,04,1
2012-04-16 05:00:00,2,1,0,1,22.14,25.76,77,15.0013,4,34,38,12041610.,05AM00.,04,05,1
2012-04-16 06:00:00,2,1,0,1,21.32,25.0,83,11.0014,10,123,133,12041610.,06AM00.,04,06,1
2012-04-16 07:00:00,2,1,0,1,21.32,25.0,83,8.9981,20,367,387,12041610.,07AM00.,04,07,1
2012-04-16 08:00:00,2,1,0,2,22.96,26.515,83,11.0014,48,549,597,12041610.,08AM00.,04,08,1
2012-04-16 09:00:00,2,1,0,1,25.42,30.305,69,15.0013,59,238,297,12041610.,09AM00.,04,09,1
2012-04-16 10:00:00,2,1,0,1,25.42,30.305,69,16.9979,75,149,224,12041610.,10AM00.,04,10,1
2012-04-16 11:00:00,2,1,0,1,26.24,30.305,65,16.9979,115,136,251,12041610.,11AM00.,04,11,1
2012-04-16 12:00:00,2,1,0,1,27.88,31.82,57,16.9979,75,196,271,12041610.,12PM00.,04,12,1
2012-04-16 13:00:00,2,1,0,1,30.34,33.335,45,19.9995,79,184,263,12041610.,01PM00.,04,13,1
2012-04-16 14:00:00,2,1,0,1,31.16,34.09,45,22.0028,105,183,288,12041610.,02PM00.,04,14,1
2012-04-16 15:00:00,2,1,0,1,32.8,34.85,33,30.0026,81,194,275,12041610.,03PM00.,04,15,1
2012-04-16 16:00:00,2,1,0,1,32.8,34.85,33,31.0009,92,266,358,12041610.,04PM00.,04,16,1
2012-04-16 17:00:00,2,1,0,1,32.8,34.85,33,26.0027,111,601,712,12041610.,05PM00.,04,17,1
2012-04-16 18:00:00,2,1,0,1,32.8,34.85,31,26.0027,87,589,676,12041610.,06PM00.,04,18,1
2012-04-16 19:00:00,2,1,0,1,31.16,33.335,35,26.0027,61,461,522,12041610.,07PM00.,04,19,1
2012-04-16 20:00:00,2,1,0,1,30.34,32.575,37,19.9995,48,327,375,12041610.,08PM00.,04,20,1
2012-04-16 21:00:00,2,1,0,1,27.88,31.82,51,16.9979,39,232,271,12041610.,09PM00.,04,21,1
2012-04-16 22:00:00,2,1,0,1,27.88,31.82,51,16.9979,35,179,214,12041610.,10PM00.,04,22,1
2012-04-16 23:00:00,2,1,0,1,28.7,31.82,45,19.9995,24,97,121,12041610.,11PM00.,04,23,1
2012-04-17 00:00:00,2,0,1,1,27.06,31.06,54,12.998,10,33,43,12041710.,12AM00.,04,00,2
2012-04-17 01:00:00,2,0,1,1,26.24,31.06,57,11.0014,6,5,11,12041710.,01AM00.,04,01,2
2012-04-17 02:00:00,2,0,1,1,22.96,26.515,83,7.0015,1,3,4,12041710.,02AM00.,04,02,2
2012-04-17 03:00:00,2,0,1,1,22.96,26.515,83,6.0032,0,6,6,12041710.,03AM00.,04,03,2
2012-04-17 04:00:00,2,0,1,1,27.06,31.06,44,15.0013,3,6,9,12041710.,04AM00.,04,04,2
2012-04-17 05:00:00,2,0,1,1,24.6,31.06,53,16.9979,1,29,30,12041710.,05AM00.,04,05,2
2012-04-17 06:00:00,2,0,1,1,24.6,31.06,46,16.9979,8,136,144,12041710.,06AM00.,04,06,2
2012-04-17 07:00:00,2,0,1,1,24.6,31.06,43,16.9979,18,443,461,12041710.,07AM00.,04,07,2
2012-04-17 08:00:00,2,0,1,1,24.6,31.06,43,15.0013,42,631,673,12041710.,08AM00.,04,08,2
2012-04-17 09:00:00,2,0,1,1,24.6,31.06,38,32.9975,71,329,400,12041710.,09AM00.,04,09,2
2012-04-17 10:00:00,2,0,1,1,24.6,31.06,38,27.9993,52,165,217,12041710.,10AM00.,04,10,2
2012-04-17 11:00:00,2,0,1,1,24.6,31.06,33,27.9993,65,174,239,12041710.,11AM00.,04,11,2
2012-04-17 12:00:00,2,0,1,1,24.6,31.06,33,23.9994,65,179,244,12041710.,12PM00.,04,12,2
2012-04-17 13:00:00,2,0,1,1,25.42,31.06,29,16.9979,52,187,239,12041710.,01PM00.,04,13,2
2012-04-17 14:00:00,2,0,1,1,26.24,31.06,27,19.0012,59,198,257,12041710.,02PM00.,04,14,2
2012-04-17 15:00:00,2,0,1,1,27.06,31.06,24,22.0028,91,217,308,12041710.,03PM00.,04,15,2
2012-04-17 16:00:00,2,0,1,1,27.88,31.06,22,23.9994,50,320,370,12041710.,04PM00.,04,16,2
2012-04-17 17:00:00,2,0,1,1,26.24,30.305,25,19.9995,108,673,781,12041710.,05PM00.,04,17,2
2012-04-17 18:00:00,2,0,1,1,26.24,30.305,25,19.0012,105,670,775,12041710.,06PM00.,04,18,2
2012-04-17 19:00:00,2,0,1,1,24.6,30.305,26,16.9979,73,464,537,12041710.,07PM00.,04,19,2
2012-04-17 20:00:00,2,0,1,1,24.6,30.305,23,19.0012,44,358,402,12041710.,08PM00.,04,20,2
2012-04-17 21:00:00,2,0,1,1,22.96,26.515,26,19.9995,37,260,297,12041710.,09PM00.,04,21,2
2012-04-17 22:00:00,2,0,1,1,22.14,25.76,30,16.9979,18,144,162,12041710.,10PM00.,04,22,2
2012-04-17 23:00:00,2,0,1,1,22.14,25.76,32,15.0013,10,72,82,12041710.,11PM00.,04,23,2
2012-04-18 00:00:00,2,0,1,1,22.14,25.76,32,11.0014,3,35,38,12041810.,12AM00.,04,00,3
2012-04-18 01:00:00,2,0,1,1,21.32,25.0,34,12.998,1,13,14,12041810.,01AM00.,04,01,3
2012-04-18 02:00:00,2,0,1,2,20.5,24.24,42,12.998,1,8,9,12041810.,02AM00.,04,02,3
2012-04-18 03:00:00,2,0,1,2,20.5,24.24,42,15.0013,0,6,6,12041810.,03AM00.,04,03,3
2012-04-18 04:00:00,2,0,1,2,20.5,24.24,42,19.0012,0,7,7,12041810.,04AM00.,04,04,3
2012-04-18 05:00:00,2,0,1,2,20.5,24.24,39,19.0012,0,34,34,12041810.,05AM00.,04,05,3
2012-04-18 06:00:00,2,0,1,2,20.5,24.24,39,19.0012,6,128,134,12041810.,06AM00.,04,06,3
2012-04-18 07:00:00,2,0,1,2,20.5,24.24,39,12.998,10,408,418,12041810.,07AM00.,04,07,3
2012-04-18 08:00:00,2,0,1,3,20.5,24.24,39,12.998,25,551,576,12041810.,08AM00.,04,08,3
2012-04-18 09:00:00,2,0,1,3,19.68,23.485,44,19.9995,20,245,265,12041810.,09AM00.,04,09,3
2012-04-18 10:00:00,2,0,1,3,19.68,23.485,47,15.0013,31,116,147,12041810.,10AM00.,04,10,3
2012-04-18 11:00:00,2,0,1,3,18.86,22.725,47,16.9979,14,105,119,12041810.,11AM00.,04,11,3
2012-04-18 12:00:00,2,0,1,3,18.86,22.725,51,7.0015,15,95,110,12041810.,12PM00.,04,12,3
2012-04-18 13:00:00,2,0,1,3,18.86,22.725,59,0.0,13,51,64,12041810.,01PM00.,04,13,3
2012-04-18 14:00:00,2,0,1,3,18.04,21.97,72,7.0015,8,43,51,12041810.,02PM00.,04,14,3
2012-04-18 15:00:00,2,0,1,3,17.22,21.21,77,12.998,10,88,98,12041810.,03PM00.,04,15,3
2012-04-18 16:00:00,2,0,1,2,17.22,21.21,77,15.0013,36,199,235,12041810.,04PM00.,04,16,3
2012-04-18 17:00:00,2,0,1,2,17.22,21.21,77,12.998,46,442,488,12041810.,05PM00.,04,17,3
2012-04-18 18:00:00,2,0,1,2,17.22,21.21,77,0.0,27,478,505,12041810.,06PM00.,04,18,3
2012-04-18 19:00:00,2,0,1,2,17.22,21.21,77,8.9981,26,342,368,12041810.,07PM00.,04,19,3
2012-04-18 20:00:00,2,0,1,2,17.22,21.21,77,7.0015,8,252,260,12041810.,08PM00.,04,20,3
2012-04-18 21:00:00,2,0,1,2,17.22,21.21,82,6.0032,24,165,189,12041810.,09PM00.,04,21,3
2012-04-18 22:00:00,2,0,1,2,17.22,21.21,77,6.0032,9,153,162,12041810.,10PM00.,04,22,3
2012-04-18 23:00:00,2,0,1,2,17.22,21.21,77,0.0,14,56,70,12041810.,11PM00.,04,23,3
2012-04-19 00:00:00,2,0,1,3,17.22,21.21,77,0.0,5,20,25,12041910.,12AM00.,04,00,4
2012-04-19 01:00:00,2,0,1,3,17.22,21.21,77,7.0015,2,11,13,12041910.,01AM00.,04,01,4
2012-04-19 02:00:00,2,0,1,2,17.22,21.21,77,0.0,2,4,6,12041910.,02AM00.,04,02,4
2012-04-19 03:00:00,2,0,1,2,17.22,21.21,77,0.0,1,3,4,12041910.,03AM00.,04,03,4
2012-04-19 04:00:00,2,0,1,2,17.22,21.21,71,0.0,0,4,4,12041910.,04AM00.,04,04,4
2012-04-19 05:00:00,2,0,1,1,16.4,20.455,82,0.0,0,30,30,12041910.,05AM00.,04,05,4
2012-04-19 06:00:00,2,0,1,2,16.4,20.455,82,7.0015,4,116,120,12041910.,06AM00.,04,06,4
2012-04-19 07:00:00,2,0,1,2,16.4,20.455,82,8.9981,15,391,406,12041910.,07AM00.,04,07,4
2012-04-19 08:00:00,2,0,1,2,17.22,21.21,82,7.0015,26,651,677,12041910.,08AM00.,04,08,4
2012-04-19 09:00:00,2,0,1,2,18.86,22.725,72,0.0,31,270,301,12041910.,09AM00.,04,09,4
2012-04-19 10:00:00,2,0,1,1,19.68,23.485,63,6.0032,46,143,189,12041910.,10AM00.,04,10,4
2012-04-19 11:00:00,2,0,1,1,21.32,25.0,48,0.0,46,183,229,12041910.,11AM00.,04,11,4
2012-04-19 12:00:00,2,0,1,1,22.14,25.76,49,0.0,51,213,264,12041910.,12PM00.,04,12,4
2012-04-19 13:00:00,2,0,1,1,22.96,26.515,46,0.0,52,186,238,12041910.,01PM00.,04,13,4
2012-04-19 14:00:00,2,0,1,1,23.78,27.275,43,0.0,54,183,237,12041910.,02PM00.,04,14,4
2012-04-19 15:00:00,2,0,1,1,24.6,31.06,43,0.0,66,196,262,12041910.,03PM00.,04,15,4
2012-04-19 16:00:00,2,0,1,1,25.42,31.06,41,7.0015,63,324,387,12041910.,04PM00.,04,16,4
2012-04-19 17:00:00,2,0,1,1,24.6,31.06,43,6.0032,85,663,748,12041910.,05PM00.,04,17,4
2012-04-19 18:00:00,2,0,1,1,24.6,31.06,43,6.0032,99,677,776,12041910.,06PM00.,04,18,4
2012-04-19 19:00:00,2,0,1,1,23.78,27.275,46,8.9981,70,516,586,12041910.,07PM00.,04,19,4
2012-04-19 20:00:00,2,0,1,1,22.96,26.515,49,15.0013,52,352,404,12041910.,08PM00.,04,20,4
2012-04-19 21:00:00,2,0,1,1,21.32,25.0,55,7.0015,27,240,267,12041910.,09PM00.,04,21,4
2012-04-19 22:00:00,2,0,1,1,21.32,25.0,59,12.998,29,219,248,12041910.,10PM00.,04,22,4
2012-04-19 23:00:00,2,0,1,1,20.5,24.24,63,7.0015,20,124,144,12041910.,11PM00.,04,23,4
2012-05-01 00:00:00,2,0,1,2,20.5,24.24,59,12.998,7,28,35,12050110.,12AM00.,05,00,2
2012-05-01 01:00:00,2,0,1,2,20.5,24.24,63,8.9981,0,21,21,12050110.,01AM00.,05,01,2
2012-05-01 02:00:00,2,0,1,2,20.5,24.24,72,6.0032,1,7,8,12050110.,02AM00.,05,02,2
2012-05-01 03:00:00,2,0,1,2,20.5,24.24,77,0.0,1,2,3,12050110.,03AM00.,05,03,2
2012-05-01 04:00:00,2,0,1,2,21.32,25.0,72,6.0032,1,7,8,12050110.,04AM00.,05,04,2
2012-05-01 05:00:00,2,0,1,2,21.32,25.0,72,6.0032,0,17,17,12050110.,05AM00.,05,05,2
2012-05-01 06:00:00,2,0,1,3,21.32,25.0,77,7.0015,2,24,26,12050110.,06AM00.,05,06,2
2012-05-01 07:00:00,2,0,1,2,20.5,24.24,94,16.9979,8,161,169,12050110.,07AM00.,05,07,2
2012-05-01 08:00:00,2,0,1,2,21.32,25.0,94,19.0012,19,538,557,12050110.,08AM00.,05,08,2
2012-05-01 09:00:00,2,0,1,2,22.14,25.76,88,12.998,18,331,349,12050110.,09AM00.,05,09,2
2012-05-01 10:00:00,2,0,1,1,25.42,29.545,78,16.9979,30,144,174,12050110.,10AM00.,05,10,2
2012-05-01 11:00:00,2,0,1,2,27.06,31.06,65,19.0012,50,179,229,12050110.,11AM00.,05,11,2
2012-05-01 12:00:00,2,0,1,2,28.7,32.575,58,15.0013,41,228,269,12050110.,12PM00.,05,12,2
2012-05-01 13:00:00,2,0,1,2,29.52,33.335,51,15.0013,41,208,249,12050110.,01PM00.,05,13,2
2012-05-01 14:00:00,2,0,1,2,30.34,33.335,48,16.9979,37,167,204,12050110.,02PM00.,05,14,2
2012-05-01 15:00:00,2,0,1,2,30.34,33.335,45,15.0013,48,186,234,12050110.,03PM00.,05,15,2
2012-05-01 16:00:00,2,0,1,1,30.34,33.335,45,12.998,41,313,354,12050110.,04PM00.,05,16,2
2012-05-01 17:00:00,2,0,1,1,30.34,33.335,48,6.0032,65,616,681,12050110.,05PM00.,05,17,2
2012-05-01 18:00:00,2,0,1,1,28.7,32.575,54,8.9981,81,662,743,12050110.,06PM00.,05,18,2
2012-05-01 19:00:00,2,0,1,1,28.7,32.575,54,8.9981,58,429,487,12050110.,07PM00.,05,19,2
2012-05-01 20:00:00,2,0,1,1,27.06,31.06,61,11.0014,36,299,335,12050110.,08PM00.,05,20,2
2012-05-01 21:00:00,2,0,1,1,26.24,30.305,65,8.9981,31,251,282,12050110.,09PM00.,05,21,2
2012-05-01 22:00:00,2,0,1,1,26.24,30.305,65,0.0,21,190,211,12050110.,10PM00.,05,22,2
2012-05-01 23:00:00,2,0,1,1,24.6,28.79,78,0.0,16,79,95,12050110.,11PM00.,05,23,2
2012-05-02 00:00:00,2,0,1,1,24.6,28.79,78,7.0015,4,43,47,12050210.,12AM00.,05,00,3
2012-05-02 01:00:00,2,0,1,1,22.96,26.515,83,0.0,8,7,15,12050210.,01AM00.,05,01,3
2012-05-02 02:00:00,2,0,1,1,22.96,26.515,83,0.0,7,9,16,12050210.,02AM00.,05,02,3
2012-05-02 03:00:00,2,0,1,1,22.96,26.515,83,6.0032,0,6,6,12050210.,03AM00.,05,03,3
2012-05-02 04:00:00,2,0,1,1,22.14,25.76,88,0.0,2,2,4,12050210.,04AM00.,05,04,3
2012-05-02 05:00:00,2,0,1,1,22.14,25.76,90,8.9981,2,31,33,12050210.,05AM00.,05,05,3
2012-05-02 06:00:00,2,0,1,3,22.96,26.515,84,0.0,3,117,120,12050210.,06AM00.,05,06,3
2012-05-02 07:00:00,2,0,1,2,22.14,25.76,88,12.998,14,344,358,12050210.,07AM00.,05,07,3
2012-05-02 08:00:00,2,0,1,2,22.96,26.515,88,0.0,26,640,666,12050210.,08AM00.,05,08,3
2012-05-02 09:00:00,2,0,1,2,22.96,26.515,88,0.0,26,289,315,12050210.,09AM00.,05,09,3
2012-05-02 10:00:00,2,0,1,2,23.78,27.275,83,7.0015,28,147,175,12050210.,10AM00.,05,10,3
2012-05-02 11:00:00,2,0,1,2,23.78,27.275,81,8.9981,39,145,184,12050210.,11AM00.,05,11,3
2012-05-02 12:00:00,2,0,1,2,23.78,27.275,83,15.0013,35,210,245,12050210.,12PM00.,05,12,3
2012-05-02 13:00:00,2,0,1,2,23.78,27.275,78,12.998,49,179,228,12050210.,01PM00.,05,13,3
2012-05-02 14:00:00,2,0,1,1,25.42,30.305,69,6.0032,51,189,240,12050210.,02PM00.,05,14,3
2012-05-02 15:00:00,2,0,1,1,26.24,30.305,65,12.998,52,204,256,12050210.,03PM00.,05,15,3
2012-05-02 16:00:00,2,0,1,1,26.24,30.305,65,11.0014,54,313,367,12050210.,04PM00.,05,16,3
2012-05-02 17:00:00,2,0,1,1,24.6,29.545,73,16.9979,70,659,729,12050210.,05PM00.,05,17,3
2012-05-02 18:00:00,2,0,1,1,22.96,26.515,73,15.0013,43,770,813,12050210.,06PM00.,05,18,3
2012-05-02 19:00:00,2,0,1,1,22.14,25.76,77,16.9979,43,461,504,12050210.,07PM00.,05,19,3
2012-05-02 20:00:00,2,0,1,1,21.32,25.0,77,16.9979,42,296,338,12050210.,08PM00.,05,20,3
2012-05-02 21:00:00,2,0,1,1,21.32,25.0,77,15.0013,21,218,239,12050210.,09PM00.,05,21,3
2012-05-02 22:00:00,2,0,1,1,20.5,24.24,82,15.0013,27,146,173,12050210.,10PM00.,05,22,3
2012-05-02 23:00:00,2,0,1,2,20.5,24.24,77,16.9979,21,77,98,12050210.,11PM00.,05,23,3
2012-05-03 00:00:00,2,0,1,2,19.68,23.485,82,15.0013,15,75,90,12050310.,12AM00.,05,00,4
2012-05-03 01:00:00,2,0,1,2,18.86,22.725,88,7.0015,9,15,24,12050310.,01AM00.,05,01,4
2012-05-03 02:00:00,2,0,1,2,18.86,22.725,88,8.9981,4,13,17,12050310.,02AM00.,05,02,4
2012-05-03 03:00:00,2,0,1,2,18.86,22.725,88,0.0,2,4,6,12050310.,03AM00.,05,03,4
2012-05-03 04:00:00,2,0,1,2,18.86,22.725,88,16.9979,0,2,2,12050310.,04AM00.,05,04,4
2012-05-03 05:00:00,2,0,1,2,18.86,22.725,88,16.9979,1,20,21,12050310.,05AM00.,05,05,4
2012-05-03 06:00:00,2,0,1,2,18.86,22.725,88,11.0014,8,128,136,12050310.,06AM00.,05,06,4
2012-05-03 07:00:00,2,0,1,3,18.04,21.97,94,7.0015,8,376,384,12050310.,07AM00.,05,07,4
2012-05-03 08:00:00,2,0,1,3,18.86,22.725,88,12.998,19,608,627,12050310.,08AM00.,05,08,4
2012-05-03 09:00:00,2,0,1,2,19.68,23.485,88,7.0015,25,279,304,12050310.,09AM00.,05,09,4
2012-05-03 10:00:00,2,0,1,2,21.32,25.0,77,0.0,36,132,168,12050310.,10AM00.,05,10,4
2012-05-03 11:00:00,2,0,1,1,22.14,25.76,77,0.0,34,167,201,12050310.,11AM00.,05,11,4
2012-05-03 12:00:00,2,0,1,1,22.96,26.515,73,8.9981,64,237,301,12050310.,12PM00.,05,12,4
2012-05-03 13:00:00,2,0,1,1,24.6,29.545,69,12.998,48,217,265,12050310.,01PM00.,05,13,4
2012-05-03 14:00:00,2,0,1,1,26.24,30.305,65,12.998,33,171,204,12050310.,02PM00.,05,14,4
2012-05-03 15:00:00,2,0,1,1,27.06,31.06,61,12.998,63,220,283,12050310.,03PM00.,05,15,4
2012-05-03 16:00:00,2,0,1,1,27.88,31.82,57,11.0014,45,325,370,12050310.,04PM00.,05,16,4
2012-05-03 17:00:00,2,0,1,1,29.52,33.335,54,8.9981,87,617,704,12050310.,05PM00.,05,17,4
2012-05-03 18:00:00,2,0,1,1,29.52,33.335,58,8.9981,64,642,706,12050310.,06PM00.,05,18,4
2012-05-03 19:00:00,2,0,1,1,28.7,32.575,61,12.998,55,467,522,12050310.,07PM00.,05,19,4
2012-05-03 20:00:00,2,0,1,1,26.24,30.305,73,12.998,52,368,420,12050310.,08PM00.,05,20,4
2012-05-03 21:00:00,2,0,1,1,25.42,29.545,78,8.9981,42,257,299,12050310.,09PM00.,05,21,4
2012-05-03 22:00:00,2,0,1,1,25.42,29.545,78,0.0,29,217,246,12050310.,10PM00.,05,22,4
2012-05-03 23:00:00,2,0,1,1,24.6,28.03,83,0.0,21,100,121,12050310.,11PM00.,05,23,4
2012-05-04 00:00:00,2,0,1,1,24.6,28.79,78,22.0028,19,70,89,12050410.,12AM00.,05,00,5
2012-05-04 01:00:00,2,0,1,1,24.6,28.79,78,7.0015,15,33,48,12050410.,01AM00.,05,01,5
2012-05-04 02:00:00,2,0,1,1,23.78,27.275,83,8.9981,0,11,11,12050410.,02AM00.,05,02,5
2012-05-04 03:00:00,2,0,1,1,22.96,26.515,88,15.0013,0,14,14,12050410.,03AM00.,05,03,5
2012-05-04 04:00:00,2,0,1,1,22.96,26.515,88,12.998,0,4,4,12050410.,04AM00.,05,04,5
2012-05-04 05:00:00,2,0,1,1,22.96,26.515,88,12.998,0,24,24,12050410.,05AM00.,05,05,5
2012-05-04 06:00:00,2,0,1,1,22.14,25.76,94,7.0015,8,127,135,12050410.,06AM00.,05,06,5
2012-05-04 07:00:00,2,0,1,1,22.96,26.515,88,0.0,9,347,356,12050410.,07AM00.,05,07,5
2012-05-04 08:00:00,2,0,1,1,22.96,26.515,88,0.0,34,584,618,12050410.,08AM00.,05,08,5
2012-05-04 09:00:00,2,0,1,1,24.6,28.79,78,0.0,32,262,294,12050410.,09AM00.,05,09,5
2012-05-04 10:00:00,2,0,1,2,25.42,29.545,73,8.9981,45,154,199,12050410.,10AM00.,05,10,5
2012-05-04 11:00:00,2,0,1,2,28.7,32.575,61,0.0,77,181,258,12050410.,11AM00.,05,11,5
2012-05-04 12:00:00,2,0,1,3,25.42,29.545,78,23.9994,46,125,171,12050410.,12PM00.,05,12,5
2012-05-04 13:00:00,2,0,1,2,26.24,30.305,73,0.0,71,207,278,12050410.,01PM00.,05,13,5
2012-05-04 14:00:00,2,0,1,2,27.06,31.06,74,19.0012,83,159,242,12050410.,02PM00.,05,14,5
2012-05-04 15:00:00,2,0,1,2,29.52,34.09,62,7.0015,103,240,343,12050410.,03PM00.,05,15,5
2012-05-04 16:00:00,2,0,1,1,31.16,34.09,48,11.0014,82,358,440,12050410.,04PM00.,05,16,5
2012-05-04 17:00:00,2,0,1,1,28.7,32.575,54,31.0009,96,547,643,12050410.,05PM00.,05,17,5
2012-05-04 18:00:00,2,0,1,1,28.7,32.575,54,31.0009,77,564,641,12050410.,06PM00.,05,18,5
2012-05-04 19:00:00,2,0,1,1,28.7,32.575,51,8.9981,64,388,452,12050410.,07PM00.,05,19,5
2012-05-04 20:00:00,2,0,1,1,27.88,31.82,51,7.0015,58,255,313,12050410.,08PM00.,05,20,5
2012-05-04 21:00:00,2,0,1,1,26.24,30.305,69,12.998,49,186,235,12050410.,09PM00.,05,21,5
2012-05-04 22:00:00,2,0,1,1,24.6,28.03,83,8.9981,50,182,232,12050410.,10PM00.,05,22,5
2012-05-04 23:00:00,2,0,1,1,24.6,28.03,83,6.0032,51,205,256,12050410.,11PM00.,05,23,5
2012-05-05 00:00:00,2,0,0,1,24.6,28.03,83,0.0,42,111,153,12050510.,12AM00.,05,00,6
2012-05-05 01:00:00,2,0,0,1,24.6,28.03,83,0.0,28,79,107,12050510.,01AM00.,05,01,6
2012-05-05 02:00:00,2,0,0,1,23.78,27.275,88,0.0,24,51,75,12050510.,02AM00.,05,02,6
2012-05-05 03:00:00,2,0,0,1,23.78,27.275,83,0.0,11,21,32,12050510.,03AM00.,05,03,6
2012-05-05 04:00:00,2,0,0,1,22.96,26.515,88,7.0015,0,9,9,12050510.,04AM00.,05,04,6
2012-05-05 05:00:00,2,0,0,1,22.96,26.515,88,6.0032,8,14,22,12050510.,05AM00.,05,05,6
2012-05-05 06:00:00,2,0,0,2,22.14,25.76,94,0.0,9,33,42,12050510.,06AM00.,05,06,6
2012-05-05 07:00:00,2,0,0,1,22.96,26.515,88,0.0,8,79,87,12050510.,07AM00.,05,07,6
2012-05-05 08:00:00,2,0,0,1,23.78,27.275,83,6.0032,42,155,197,12050510.,08AM00.,05,08,6
2012-05-05 09:00:00,2,0,0,1,25.42,29.545,78,7.0015,61,223,284,12050510.,09AM00.,05,09,6
2012-05-05 10:00:00,2,0,0,1,27.06,31.06,65,8.9981,148,284,432,12050510.,10AM00.,05,10,6
2012-05-05 11:00:00,2,0,0,1,28.7,32.575,58,6.0032,221,354,575,12050510.,11AM00.,05,11,6
2012-05-05 12:00:00,2,0,0,1,29.52,33.335,58,7.0015,220,330,550,12050510.,12PM00.,05,12,6
2012-05-05 13:00:00,2,0,0,1,30.34,34.09,55,8.9981,217,307,524,12050510.,01PM00.,05,13,6
2012-05-05 14:00:00,2,0,0,3,28.7,32.575,61,19.9995,187,241,428,12050510.,02PM00.,05,14,6
2012-05-05 15:00:00,2,0,0,3,27.06,31.06,74,12.998,241,300,541,12050510.,03PM00.,05,15,6
2012-05-05 16:00:00,2,0,0,2,27.88,31.82,65,26.0027,230,310,540,12050510.,04PM00.,05,16,6
2012-05-05 17:00:00,2,0,0,2,27.88,31.82,65,19.9995,204,298,502,12050510.,05PM00.,05,17,6
2012-05-05 18:00:00,2,0,0,2,27.06,31.06,69,23.9994,156,278,434,12050510.,06PM00.,05,18,6
2012-05-05 19:00:00,2,0,0,2,25.42,29.545,73,22.0028,151,254,405,12050510.,07PM00.,05,19,6
2012-05-05 20:00:00,2,0,0,1,24.6,28.79,78,16.9979,100,209,309,12050510.,08PM00.,05,20,6
2012-05-05 21:00:00,2,0,0,2,23.78,27.275,78,15.0013,86,183,269,12050510.,09PM00.,05,21,6
2012-05-05 22:00:00,2,0,0,2,23.78,27.275,78,12.998,67,150,217,12050510.,10PM00.,05,22,6
2012-05-05 23:00:00,2,0,0,2,22.96,26.515,83,19.0012,35,114,149,12050510.,11PM00.,05,23,6
2012-05-06 00:00:00,2,0,0,2,22.96,26.515,83,8.9981,23,111,134,12050610.,12AM00.,05,00,7
2012-05-06 01:00:00,2,0,0,2,22.14,25.76,83,15.0013,37,84,121,12050610.,01AM00.,05,01,7
2012-05-06 02:00:00,2,0,0,2,22.14,25.76,83,19.0012,29,64,93,12050610.,02AM00.,05,02,7
2012-05-06 03:00:00,2,0,0,2,22.14,25.76,83,12.998,9,19,28,12050610.,03AM00.,05,03,7
2012-05-06 04:00:00,2,0,0,3,21.32,25.0,83,11.0014,9,7,16,12050610.,04AM00.,05,04,7
2012-05-06 05:00:00,2,0,0,3,21.32,25.0,83,11.0014,1,10,11,12050610.,05AM00.,05,05,7
2012-05-06 06:00:00,2,0,0,3,21.32,25.0,83,15.0013,3,14,17,12050610.,06AM00.,05,06,7
2012-05-06 07:00:00,2,0,0,3,21.32,25.0,83,11.0014,5,31,36,12050610.,07AM00.,05,07,7
2012-05-06 08:00:00,2,0,0,2,20.5,24.24,88,8.9981,23,91,114,12050610.,08AM00.,05,08,7
2012-05-06 09:00:00,2,0,0,2,21.32,25.0,83,11.0014,63,128,191,12050610.,09AM00.,05,09,7
2012-05-06 10:00:00,2,0,0,2,22.14,25.76,77,7.0015,112,221,333,12050610.,10AM00.,05,10,7
2012-05-06 11:00:00,2,0,0,1,22.96,26.515,73,7.0015,144,270,414,12050610.,11AM00.,05,11,7
2012-05-06 12:00:00,2,0,0,2,24.6,30.305,64,6.0032,207,351,558,12050610.,12PM00.,05,12,7
2012-05-06 13:00:00,2,0,0,2,24.6,30.305,64,0.0,197,368,565,12050610.,01PM00.,05,13,7
2012-05-06 14:00:00,2,0,0,2,24.6,30.305,64,7.0015,226,292,518,12050610.,02PM00.,05,14,7
2012-05-06 15:00:00,2,0,0,2,25.42,30.305,61,7.0015,229,342,571,12050610.,03PM00.,05,15,7
2012-05-06 16:00:00,2,0,0,2,25.42,30.305,61,0.0,181,363,544,12050610.,04PM00.,05,16,7
2012-05-06 17:00:00,2,0,0,2,25.42,30.305,65,8.9981,195,316,511,12050610.,05PM00.,05,17,7
2012-05-06 18:00:00,2,0,0,2,25.42,30.305,61,12.998,131,332,463,12050610.,06PM00.,05,18,7
2012-05-06 19:00:00,2,0,0,2,24.6,30.305,64,11.0014,117,266,383,12050610.,07PM00.,05,19,7
2012-05-06 20:00:00,2,0,0,1,24.6,30.305,64,12.998,73,203,276,12050610.,08PM00.,05,20,7
2012-05-06 21:00:00,2,0,0,1,22.96,26.515,73,12.998,55,148,203,12050610.,09PM00.,05,21,7
2012-05-06 22:00:00,2,0,0,1,22.96,26.515,73,11.0014,44,113,157,12050610.,10PM00.,05,22,7
2012-05-06 23:00:00,2,0,0,1,21.32,25.0,77,12.998,22,80,102,12050610.,11PM00.,05,23,7
2012-05-07 00:00:00,2,0,1,2,21.32,25.0,77,8.9981,13,21,34,12050710.,12AM00.,05,00,1
2012-05-07 01:00:00,2,0,1,2,21.32,25.0,77,12.998,1,8,9,12050710.,01AM00.,05,01,1
2012-05-07 02:00:00,2,0,1,1,20.5,24.24,77,12.998,1,5,6,12050710.,02AM00.,05,02,1
2012-05-07 03:00:00,2,0,1,1,20.5,24.24,77,12.998,2,3,5,12050710.,03AM00.,05,03,1
2012-05-07 04:00:00,2,0,1,2,18.86,22.725,88,8.9981,0,2,2,12050710.,04AM00.,05,04,1
2012-05-07 05:00:00,2,0,1,1,18.86,22.725,88,7.0015,2,21,23,12050710.,05AM00.,05,05,1
2012-05-07 06:00:00,2,0,1,1,18.86,22.725,88,7.0015,8,134,142,12050710.,06AM00.,05,06,1
2012-05-07 07:00:00,2,0,1,2,19.68,23.485,82,7.0015,18,367,385,12050710.,07AM00.,05,07,1
2012-05-07 08:00:00,2,0,1,2,20.5,24.24,82,12.998,31,608,639,12050710.,08AM00.,05,08,1
2012-05-07 09:00:00,2,0,1,2,20.5,24.24,82,15.0013,61,289,350,12050710.,09AM00.,05,09,1
2012-05-07 10:00:00,2,0,1,2,21.32,25.0,77,12.998,62,128,190,12050710.,10AM00.,05,10,1
2012-05-07 11:00:00,2,0,1,2,22.14,25.76,73,12.998,64,149,213,12050710.,11AM00.,05,11,1
2012-05-07 12:00:00,2,0,1,2,22.96,26.515,68,15.0013,74,189,263,12050710.,12PM00.,05,12,1
2012-05-07 13:00:00,2,0,1,2,24.6,31.06,53,22.0028,75,197,272,12050710.,01PM00.,05,13,1
2012-05-07 14:00:00,2,0,1,2,25.42,31.06,50,23.9994,59,180,239,12050710.,02PM00.,05,14,1
2012-05-07 15:00:00,2,0,1,2,25.42,31.06,53,19.9995,76,186,262,12050710.,03PM00.,05,15,1
2012-05-07 16:00:00,2,0,1,2,24.6,31.06,53,26.0027,68,320,388,12050710.,04PM00.,05,16,1
2012-05-07 17:00:00,2,0,1,2,24.6,31.06,53,22.0028,102,667,769,12050710.,05PM00.,05,17,1
2012-05-07 18:00:00,2,0,1,2,24.6,31.06,53,23.9994,78,602,680,12050710.,06PM00.,05,18,1
2012-05-07 19:00:00,2,0,1,1,23.78,27.275,56,22.0028,83,463,546,12050710.,07PM00.,05,19,1
2012-05-07 20:00:00,2,0,1,1,22.14,25.76,52,19.0012,46,277,323,12050710.,08PM00.,05,20,1
2012-05-07 21:00:00,2,0,1,2,22.14,25.76,45,15.0013,37,210,247,12050710.,09PM00.,05,21,1
2012-05-07 22:00:00,2,0,1,2,22.14,25.76,45,16.9979,26,147,173,12050710.,10PM00.,05,22,1
2012-05-07 23:00:00,2,0,1,2,22.14,25.76,45,12.998,21,92,113,12050710.,11PM00.,05,23,1
2012-05-08 00:00:00,2,0,1,2,21.32,25.0,52,16.9979,10,28,38,12050810.,12AM00.,05,00,2
2012-05-08 01:00:00,2,0,1,2,21.32,25.0,59,15.0013,6,3,9,12050810.,01AM00.,05,01,2
2012-05-08 02:00:00,2,0,1,2,21.32,25.0,63,19.9995,9,7,16,12050810.,02AM00.,05,02,2
2012-05-08 03:00:00,2,0,1,2,21.32,25.0,68,19.0012,2,4,6,12050810.,03AM00.,05,03,2
2012-05-08 04:00:00,2,0,1,2,21.32,25.0,68,22.0028,0,5,5,12050810.,04AM00.,05,04,2
2012-05-08 05:00:00,2,0,1,2,21.32,25.0,72,19.0012,0,20,20,12050810.,05AM00.,05,05,2
2012-05-08 06:00:00,2,0,1,1,20.5,24.24,77,19.9995,7,158,165,12050810.,06AM00.,05,06,2
2012-05-08 07:00:00,2,0,1,1,21.32,25.0,72,19.0012,21,442,463,12050810.,07AM00.,05,07,2
2012-05-08 08:00:00,2,0,1,2,22.14,25.76,73,19.9995,36,605,641,12050810.,08AM00.,05,08,2
2012-05-08 09:00:00,2,0,1,2,22.96,26.515,68,23.9994,37,258,295,12050810.,09AM00.,05,09,2
2012-05-08 10:00:00,2,0,1,2,23.78,27.275,68,27.9993,46,111,157,12050810.,10AM00.,05,10,2
2012-05-08 11:00:00,2,0,1,2,24.6,30.305,64,26.0027,60,157,217,12050810.,11AM00.,05,11,2
2012-05-08 12:00:00,2,0,1,2,25.42,30.305,65,22.0028,60,203,263,12050810.,12PM00.,05,12,2
2012-05-08 13:00:00,2,0,1,3,26.24,30.305,65,16.9979,53,166,219,12050810.,01PM00.,05,13,2
2012-05-08 14:00:00,2,0,1,3,25.42,30.305,69,22.0028,8,63,71,12050810.,02PM00.,05,14,2
2012-05-08 15:00:00,2,0,1,3,25.42,29.545,73,16.9979,40,94,134,12050810.,03PM00.,05,15,2
2012-05-08 16:00:00,2,0,1,3,26.24,30.305,73,15.0013,54,335,389,12050810.,04PM00.,05,16,2
2012-05-08 17:00:00,2,0,1,2,26.24,30.305,69,19.0012,77,640,717,12050810.,05PM00.,05,17,2
2012-05-08 18:00:00,2,0,1,2,26.24,30.305,69,19.0012,69,641,710,12050810.,06PM00.,05,18,2
2012-05-08 19:00:00,2,0,1,2,26.24,30.305,69,19.0012,59,399,458,12050810.,07PM00.,05,19,2
2012-05-08 20:00:00,2,0,1,2,26.24,30.305,69,19.0012,40,262,302,12050810.,08PM00.,05,20,2
2012-05-08 21:00:00,2,0,1,2,26.24,30.305,65,19.0012,21,202,223,12050810.,09PM00.,05,21,2
2012-05-08 22:00:00,2,0,1,3,24.6,28.79,78,16.9979,13,134,147,12050810.,10PM00.,05,22,2
2012-05-08 23:00:00,2,0,1,3,24.6,28.79,78,22.0028,10,53,63,12050810.,11PM00.,05,23,2
2012-05-09 00:00:00,2,0,1,2,23.78,27.275,83,12.998,8,27,35,12050910.,12AM00.,05,00,3
2012-05-09 01:00:00,2,0,1,2,24.6,28.79,78,16.9979,3,11,14,12050910.,01AM00.,05,01,3
2012-05-09 02:00:00,2,0,1,3,22.96,26.515,88,30.0026,0,1,1,12050910.,02AM00.,05,02,3
2012-05-09 03:00:00,2,0,1,3,22.96,26.515,88,11.0014,0,2,2,12050910.,03AM00.,05,03,3
2012-05-09 04:00:00,2,0,1,3,22.96,26.515,88,15.0013,0,5,5,12050910.,04AM00.,05,04,3
2012-05-09 05:00:00,2,0,1,2,22.96,26.515,88,8.9981,1,27,28,12050910.,05AM00.,05,05,3
2012-05-09 06:00:00,2,0,1,2,22.96,26.515,88,7.0015,5,121,126,12050910.,06AM00.,05,06,3
2012-05-09 07:00:00,2,0,1,2,22.96,26.515,94,12.998,17,401,418,12050910.,07AM00.,05,07,3
2012-05-09 08:00:00,2,0,1,2,24.6,28.03,83,8.9981,28,594,622,12050910.,08AM00.,05,08,3
2012-05-09 09:00:00,2,0,1,2,24.6,28.03,83,0.0,40,285,325,12050910.,09AM00.,05,09,3
2012-05-09 10:00:00,2,0,1,2,25.42,30.305,65,16.9979,40,113,153,12050910.,10AM00.,05,10,3
2012-05-09 11:00:00,2,0,1,2,25.42,31.06,59,19.9995,45,156,201,12050910.,11AM00.,05,11,3
2012-05-09 12:00:00,2,0,1,2,25.42,31.06,57,15.0013,58,222,280,12050910.,12PM00.,05,12,3
2012-05-09 13:00:00,2,0,1,2,26.24,31.06,53,16.9979,50,216,266,12050910.,01PM00.,05,13,3
2012-05-09 14:00:00,2,0,1,2,26.24,31.06,53,16.9979,68,175,243,12050910.,02PM00.,05,14,3
2012-05-09 15:00:00,2,0,1,2,26.24,31.06,53,7.0015,68,191,259,12050910.,03PM00.,05,15,3
2012-05-09 16:00:00,2,0,1,2,27.06,31.06,50,12.998,68,289,357,12050910.,04PM00.,05,16,3
2012-05-09 17:00:00,2,0,1,2,26.24,31.06,53,8.9981,76,629,705,12050910.,05PM00.,05,17,3
2012-05-09 18:00:00,2,0,1,3,21.32,25.0,77,39.0007,23,349,372,12050910.,06PM00.,05,18,3
2012-05-09 19:00:00,2,0,1,3,20.5,24.24,77,23.9994,2,96,98,12050910.,07PM00.,05,19,3
2012-05-09 20:00:00,2,0,1,3,20.5,24.24,82,15.0013,3,48,51,12050910.,08PM00.,05,20,3
2012-05-09 21:00:00,2,0,1,3,20.5,24.24,82,11.0014,4,30,34,12050910.,09PM00.,05,21,3
2012-05-09 22:00:00,2,0,1,3,19.68,23.485,82,7.0015,5,62,67,12050910.,10PM00.,05,22,3
2012-05-09 23:00:00,2,0,1,3,19.68,23.485,82,12.998,8,47,55,12050910.,11PM00.,05,23,3
2012-05-10 00:00:00,2,0,1,3,20.5,24.24,77,11.0014,2,31,33,12051010.,12AM00.,05,00,4
2012-05-10 01:00:00,2,0,1,2,19.68,23.485,88,8.9981,2,9,11,12051010.,01AM00.,05,01,4
2012-05-10 02:00:00,2,0,1,2,19.68,23.485,88,7.0015,0,3,3,12051010.,02AM00.,05,02,4
2012-05-10 03:00:00,2,0,1,1,18.86,22.725,88,15.0013,0,3,3,12051010.,03AM00.,05,03,4
2012-05-10 04:00:00,2,0,1,1,18.86,22.725,77,12.998,0,2,2,12051010.,04AM00.,05,04,4
2012-05-10 05:00:00,2,0,1,1,18.86,22.725,72,19.9995,1,23,24,12051010.,05AM00.,05,05,4
2012-05-10 06:00:00,2,0,1,1,18.04,21.97,72,15.0013,9,130,139,12051010.,06AM00.,05,06,4
2012-05-10 07:00:00,2,0,1,1,18.04,21.97,72,19.9995,8,393,401,12051010.,07AM00.,05,07,4
2012-05-10 08:00:00,2,0,1,1,18.86,22.725,67,23.9994,27,603,630,12051010.,08AM00.,05,08,4
2012-05-10 09:00:00,2,0,1,1,20.5,24.24,59,31.0009,62,299,361,12051010.,09AM00.,05,09,4
2012-05-10 10:00:00,2,0,1,1,20.5,24.24,51,27.9993,42,112,154,12051010.,10AM00.,05,10,4
2012-05-10 11:00:00,2,0,1,1,21.32,25.0,48,35.0008,77,179,256,12051010.,11AM00.,05,11,4
2012-05-10 12:00:00,2,0,1,1,21.32,25.0,48,27.9993,65,207,272,12051010.,12PM00.,05,12,4
2012-05-10 13:00:00,2,0,1,1,22.14,25.76,39,30.0026,90,228,318,12051010.,01PM00.,05,13,4
2012-05-10 14:00:00,2,0,1,1,22.96,26.515,37,27.9993,61,186,247,12051010.,02PM00.,05,14,4
2012-05-10 15:00:00,2,0,1,1,22.14,25.76,37,26.0027,79,192,271,12051010.,03PM00.,05,15,4
2012-05-10 16:00:00,2,0,1,1,23.78,27.275,30,31.0009,87,334,421,12051010.,04PM00.,05,16,4
2012-05-10 17:00:00,2,0,1,1,24.6,31.06,31,26.0027,84,648,732,12051010.,05PM00.,05,17,4
2012-05-10 18:00:00,2,0,1,1,22.96,26.515,35,35.0008,109,661,770,12051010.,06PM00.,05,18,4
2012-05-10 19:00:00,2,0,1,1,22.14,25.76,37,23.9994,84,469,553,12051010.,07PM00.,05,19,4
2012-05-10 20:00:00,2,0,1,1,21.32,25.0,40,22.0028,59,315,374,12051010.,08PM00.,05,20,4
2012-05-10 21:00:00,2,0,1,1,20.5,24.24,42,12.998,19,211,230,12051010.,09PM00.,05,21,4
2012-05-10 22:00:00,2,0,1,1,20.5,24.24,42,7.0015,36,196,232,12051010.,10PM00.,05,22,4
2012-05-10 23:00:00,2,0,1,1,19.68,23.485,48,7.0015,23,112,135,12051010.,11PM00.,05,23,4
2012-05-11 00:00:00,2,0,1,1,18.86,22.725,55,7.0015,17,47,64,12051110.,12AM00.,05,00,5
2012-05-11 01:00:00,2,0,1,1,18.86,22.725,51,8.9981,14,32,46,12051110.,01AM00.,05,01,5
2012-05-11 02:00:00,2,0,1,1,18.86,22.725,44,11.0014,15,16,31,12051110.,02AM00.,05,02,5
2012-05-11 03:00:00,2,0,1,1,18.86,22.725,41,19.0012,5,8,13,12051110.,03AM00.,05,03,5
2012-05-11 04:00:00,2,0,1,1,17.22,21.21,50,12.998,3,6,9,12051110.,04AM00.,05,04,5
2012-05-11 05:00:00,2,0,1,1,17.22,21.21,47,11.0014,3,23,26,12051110.,05AM00.,05,05,5
2012-05-11 06:00:00,2,0,1,1,17.22,21.21,50,16.9979,7,128,135,12051110.,06AM00.,05,06,5
2012-05-11 07:00:00,2,0,1,1,17.22,21.21,50,16.9979,6,345,351,12051110.,07AM00.,05,07,5
2012-05-11 08:00:00,2,0,1,1,18.86,22.725,44,16.9979,41,579,620,12051110.,08AM00.,05,08,5
2012-05-11 09:00:00,2,0,1,1,19.68,23.485,41,19.9995,34,288,322,12051110.,09AM00.,05,09,5
2012-05-11 10:00:00,2,0,1,1,21.32,25.0,36,22.0028,69,141,210,12051110.,10AM00.,05,10,5
2012-05-11 11:00:00,2,0,1,1,22.96,26.515,35,16.9979,88,203,291,12051110.,11AM00.,05,11,5
2012-05-11 12:00:00,2,0,1,1,22.96,26.515,28,27.9993,89,259,348,12051110.,12PM00.,05,12,5
2012-05-11 13:00:00,2,0,1,1,24.6,30.305,26,26.0027,100,263,363,12051110.,01PM00.,05,13,5
2012-05-11 14:00:00,2,0,1,1,25.42,30.305,23,15.0013,116,218,334,12051110.,02PM00.,05,14,5
2012-05-11 15:00:00,2,0,1,1,25.42,30.305,25,12.998,140,299,439,12051110.,03PM00.,05,15,5
2012-05-11 16:00:00,2,0,1,1,25.42,30.305,25,22.0028,128,397,525,12051110.,04PM00.,05,16,5
2012-05-11 17:00:00,2,0,1,1,26.24,30.305,23,16.9979,102,677,779,12051110.,05PM00.,05,17,5
2012-05-11 18:00:00,2,0,1,1,26.24,30.305,23,19.0012,78,518,596,12051110.,06PM00.,05,18,5
2012-05-11 19:00:00,2,0,1,1,26.24,30.305,23,16.9979,73,430,503,12051110.,07PM00.,05,19,5
2012-05-11 20:00:00,2,0,1,1,25.42,30.305,25,8.9981,64,277,341,12051110.,08PM00.,05,20,5
2012-05-11 21:00:00,2,0,1,1,24.6,30.305,28,7.0015,45,225,270,12051110.,09PM00.,05,21,5
2012-05-11 22:00:00,2,0,1,1,22.96,26.515,35,15.0013,44,190,234,12051110.,10PM00.,05,22,5
2012-05-11 23:00:00,2,0,1,1,22.14,25.76,37,12.998,38,142,180,12051110.,11PM00.,05,23,5
2012-05-12 00:00:00,2,0,0,1,21.32,25.0,42,11.0014,25,111,136,12051210.,12AM00.,05,00,6
2012-05-12 01:00:00,2,0,0,1,20.5,24.24,48,0.0,14,79,93,12051210.,01AM00.,05,01,6
2012-05-12 02:00:00,2,0,0,1,18.86,22.725,59,8.9981,10,46,56,12051210.,02AM00.,05,02,6
2012-05-12 03:00:00,2,0,0,1,19.68,23.485,59,0.0,14,20,34,12051210.,03AM00.,05,03,6
2012-05-12 04:00:00,2,0,0,1,18.04,21.97,67,7.0015,3,6,9,12051210.,04AM00.,05,04,6
2012-05-12 05:00:00,2,0,0,1,17.22,21.21,67,8.9981,5,8,13,12051210.,05AM00.,05,05,6
2012-05-12 06:00:00,2,0,0,1,17.22,21.21,67,6.0032,10,23,33,12051210.,06AM00.,05,06,6
2012-05-12 07:00:00,2,0,0,1,17.22,21.21,71,8.9981,10,57,67,12051210.,07AM00.,05,07,6
2012-05-12 08:00:00,2,0,0,1,21.32,25.0,48,0.0,22,156,178,12051210.,08AM00.,05,08,6
2012-05-12 09:00:00,2,0,0,1,22.14,25.76,49,0.0,87,248,335,12051210.,09AM00.,05,09,6
2012-05-12 10:00:00,2,0,0,1,22.96,26.515,49,6.0032,132,279,411,12051210.,10AM00.,05,10,6
2012-05-12 11:00:00,2,0,0,1,25.42,31.06,41,6.0032,157,365,522,12051210.,11AM00.,05,11,6
2012-05-12 12:00:00,2,0,0,1,26.24,31.06,36,11.0014,206,353,559,12051210.,12PM00.,05,12,6
2012-05-12 13:00:00,2,0,0,1,26.24,31.06,36,12.998,293,366,659,12051210.,01PM00.,05,13,6
2012-05-12 14:00:00,2,0,0,1,27.06,31.06,36,12.998,257,358,615,12051210.,02PM00.,05,14,6
2012-05-12 15:00:00,2,0,0,1,27.88,31.06,24,12.998,269,321,590,12051210.,03PM00.,05,15,6
2012-05-12 16:00:00,2,0,0,2,28.7,31.82,21,12.998,254,337,591,12051210.,04PM00.,05,16,6
2012-05-12 17:00:00,2,0,0,2,27.06,31.06,36,12.998,233,343,576,12051210.,05PM00.,05,17,6
2012-05-12 18:00:00,2,0,0,2,27.06,31.06,31,12.998,164,382,546,12051210.,06PM00.,05,18,6
2012-05-12 19:00:00,2,0,0,2,26.24,31.06,36,11.0014,166,273,439,12051210.,07PM00.,05,19,6
2012-05-12 20:00:00,2,0,0,1,25.42,31.06,46,11.0014,113,174,287,12051210.,08PM00.,05,20,6
2012-05-12 21:00:00,2,0,0,2,24.6,30.305,60,8.9981,74,156,230,12051210.,09PM00.,05,21,6
2012-05-12 22:00:00,2,0,0,1,22.96,26.515,68,8.9981,62,212,274,12051210.,10PM00.,05,22,6
2012-05-12 23:00:00,2,0,0,1,23.78,27.275,56,6.0032,42,134,176,12051210.,11PM00.,05,23,6
2012-05-13 00:00:00,2,0,0,1,22.96,26.515,64,11.0014,19,79,98,12051310.,12AM00.,05,00,7
2012-05-13 01:00:00,2,0,0,2,22.14,25.76,68,8.9981,22,72,94,12051310.,01AM00.,05,01,7
2012-05-13 02:00:00,2,0,0,2,22.14,25.76,68,11.0014,22,60,82,12051310.,02AM00.,05,02,7
2012-05-13 03:00:00,2,0,0,2,22.14,25.76,64,8.9981,2,26,28,12051310.,03AM00.,05,03,7
2012-05-13 04:00:00,2,0,0,2,22.14,25.76,68,12.998,2,7,9,12051310.,04AM00.,05,04,7
2012-05-13 05:00:00,2,0,0,1,21.32,25.0,72,12.998,4,8,12,12051310.,05AM00.,05,05,7
2012-05-13 06:00:00,2,0,0,1,21.32,25.0,68,11.0014,6,15,21,12051310.,06AM00.,05,06,7
2012-05-13 07:00:00,2,0,0,1,21.32,25.0,68,11.0014,18,42,60,12051310.,07AM00.,05,07,7
2012-05-13 08:00:00,2,0,0,1,22.96,26.515,64,11.0014,32,124,156,12051310.,08AM00.,05,08,7
2012-05-13 09:00:00,2,0,0,1,24.6,31.06,56,8.9981,79,143,222,12051310.,09AM00.,05,09,7
2012-05-13 10:00:00,2,0,0,1,24.6,30.305,60,16.9979,128,222,350,12051310.,10AM00.,05,10,7
2012-05-13 11:00:00,2,0,0,1,25.42,31.06,57,16.9979,150,278,428,12051310.,11AM00.,05,11,7
2012-05-13 12:00:00,2,0,0,1,26.24,31.06,57,15.0013,189,342,531,12051310.,12PM00.,05,12,7
2012-05-13 13:00:00,2,0,0,1,27.88,31.82,54,16.9979,255,347,602,12051310.,01PM00.,05,13,7
2012-05-13 14:00:00,2,0,0,1,28.7,32.575,48,8.9981,228,324,552,12051310.,02PM00.,05,14,7
2012-05-13 15:00:00,2,0,0,1,29.52,32.575,45,23.9994,190,309,499,12051310.,03PM00.,05,15,7
2012-05-13 16:00:00,2,0,0,1,29.52,32.575,42,16.9979,225,339,564,12051310.,04PM00.,05,16,7
2012-05-13 17:00:00,2,0,0,1,28.7,31.82,45,27.9993,191,287,478,12051310.,05PM00.,05,17,7
2012-05-13 18:00:00,2,0,0,2,27.88,31.82,44,23.9994,129,260,389,12051310.,06PM00.,05,18,7
2012-05-13 19:00:00,2,0,0,2,27.06,31.06,50,27.9993,107,232,339,12051310.,07PM00.,05,19,7
2012-05-13 20:00:00,2,0,0,2,27.06,31.06,50,19.0012,67,163,230,12051310.,08PM00.,05,20,7
2012-05-13 21:00:00,2,0,0,2,26.24,31.06,53,12.998,48,121,169,12051310.,09PM00.,05,21,7
2012-05-13 22:00:00,2,0,0,2,25.42,30.305,61,11.0014,42,89,131,12051310.,10PM00.,05,22,7
2012-05-13 23:00:00,2,0,0,2,25.42,31.06,57,15.0013,17,57,74,12051310.,11PM00.,05,23,7
2012-05-14 00:00:00,2,0,1,2,24.6,31.06,56,16.9979,21,14,35,12051410.,12AM00.,05,00,1
2012-05-14 01:00:00,2,0,1,2,24.6,30.305,60,19.0012,5,6,11,12051410.,01AM00.,05,01,1
2012-05-14 02:00:00,2,0,1,1,24.6,30.305,60,19.9995,1,1,2,12051410.,02AM00.,05,02,1
2012-05-14 03:00:00,2,0,1,2,23.78,27.275,68,22.0028,0,2,2,12051410.,03AM00.,05,03,1
2012-05-14 04:00:00,2,0,1,2,22.14,25.76,77,15.0013,3,3,6,12051410.,04AM00.,05,04,1
2012-05-14 05:00:00,2,0,1,2,22.14,25.76,77,11.0014,1,25,26,12051410.,05AM00.,05,05,1
2012-05-14 06:00:00,2,0,1,3,21.32,25.0,94,19.9995,3,62,65,12051410.,06AM00.,05,06,1
2012-05-14 07:00:00,2,0,1,3,21.32,25.0,94,12.998,3,72,75,12051410.,07AM00.,05,07,1
2012-05-14 08:00:00,2,0,1,3,22.14,25.76,88,15.0013,1,155,156,12051410.,08AM00.,05,08,1
2012-05-14 09:00:00,2,0,1,3,22.14,25.76,88,19.0012,5,105,110,12051410.,09AM00.,05,09,1
2012-05-14 10:00:00,2,0,1,3,22.14,25.76,88,16.9979,6,53,59,12051410.,10AM00.,05,10,1
2012-05-14 11:00:00,2,0,1,2,22.96,26.515,83,15.0013,12,67,79,12051410.,11AM00.,05,11,1
2012-05-14 12:00:00,2,0,1,2,22.96,26.515,88,19.0012,53,132,185,12051410.,12PM00.,05,12,1
2012-05-14 13:00:00,2,0,1,2,25.42,29.545,73,15.0013,33,143,176,12051410.,01PM00.,05,13,1
2012-05-14 14:00:00,2,0,1,2,25.42,29.545,73,16.9979,43,128,171,12051410.,02PM00.,05,14,1
2012-05-14 15:00:00,2,0,1,2,25.42,29.545,73,11.0014,40,156,196,12051410.,03PM00.,05,15,1
2012-05-14 16:00:00,2,0,1,3,25.42,30.305,69,19.0012,20,91,111,12051410.,04PM00.,05,16,1
2012-05-14 17:00:00,2,0,1,3,22.96,26.515,88,16.9979,25,204,229,12051410.,05PM00.,05,17,1
2012-05-14 18:00:00,2,0,1,2,23.78,27.275,83,0.0,17,283,300,12051410.,06PM00.,05,18,1
2012-05-14 19:00:00,2,0,1,3,23.78,27.275,88,8.9981,10,294,304,12051410.,07PM00.,05,19,1
2012-05-14 20:00:00,2,0,1,2,23.78,27.275,88,12.998,11,178,189,12051410.,08PM00.,05,20,1
2012-05-14 21:00:00,2,0,1,2,23.78,27.275,83,6.0032,7,145,152,12051410.,09PM00.,05,21,1
2012-05-14 22:00:00,2,0,1,2,23.78,27.275,78,6.0032,11,118,129,12051410.,10PM00.,05,22,1
2012-05-14 23:00:00,2,0,1,2,23.78,27.275,78,7.0015,11,64,75,12051410.,11PM00.,05,23,1
2012-05-15 00:00:00,2,0,1,2,22.96,26.515,88,8.9981,7,25,32,12051510.,12AM00.,05,00,2
2012-05-15 01:00:00,2,0,1,3,22.96,26.515,88,8.9981,5,14,19,12051510.,01AM00.,05,01,2
2012-05-15 02:00:00,2,0,1,2,22.96,26.515,88,8.9981,1,3,4,12051510.,02AM00.,05,02,2
2012-05-15 03:00:00,2,0,1,3,23.78,27.275,83,8.9981,1,5,6,12051510.,03AM00.,05,03,2
2012-05-15 04:00:00,2,0,1,3,22.96,26.515,94,0.0,1,4,5,12051510.,04AM00.,05,04,2
2012-05-15 05:00:00,2,0,1,3,22.96,26.515,94,15.0013,0,8,8,12051510.,05AM00.,05,05,2
2012-05-15 06:00:00,2,0,1,3,22.96,26.515,94,15.0013,2,22,24,12051510.,06AM00.,05,06,2
2012-05-15 07:00:00,2,0,1,3,22.96,26.515,94,8.9981,1,91,92,12051510.,07AM00.,05,07,2
2012-05-15 08:00:00,2,0,1,2,23.78,27.275,88,6.0032,8,401,409,12051510.,08AM00.,05,08,2
2012-05-15 09:00:00,2,0,1,2,23.78,27.275,88,6.0032,28,327,355,12051510.,09AM00.,05,09,2
2012-05-15 10:00:00,2,0,1,1,25.42,29.545,78,7.0015,27,144,171,12051510.,10AM00.,05,10,2
2012-05-15 11:00:00,2,0,1,1,26.24,29.545,78,12.998,38,186,224,12051510.,11AM00.,05,11,2
2012-05-15 12:00:00,2,0,1,1,26.24,30.305,73,12.998,44,220,264,12051510.,12PM00.,05,12,2
2012-05-15 13:00:00,2,0,1,3,26.24,30.305,73,12.998,35,204,239,12051510.,01PM00.,05,13,2
2012-05-15 14:00:00,2,0,1,2,26.24,30.305,73,12.998,39,145,184,12051510.,02PM00.,05,14,2
2012-05-15 15:00:00,2,0,1,2,28.7,32.575,61,6.0032,51,205,256,12051510.,03PM00.,05,15,2
2012-05-15 16:00:00,2,0,1,1,27.88,31.82,65,11.0014,74,300,374,12051510.,04PM00.,05,16,2
2012-05-15 17:00:00,2,0,1,1,27.88,31.82,65,7.0015,75,603,678,12051510.,05PM00.,05,17,2
2012-05-15 18:00:00,2,0,1,1,28.7,32.575,61,6.0032,68,665,733,12051510.,06PM00.,05,18,2
2012-05-15 19:00:00,2,0,1,1,27.06,31.06,69,11.0014,57,455,512,12051510.,07PM00.,05,19,2
2012-05-15 20:00:00,2,0,1,3,26.24,30.305,73,8.9981,30,233,263,12051510.,08PM00.,05,20,2
2012-05-15 21:00:00,2,0,1,3,26.24,30.305,73,19.0012,11,98,109,12051510.,09PM00.,05,21,2
2012-05-15 22:00:00,2,0,1,1,23.78,27.275,78,15.0013,9,74,83,12051510.,10PM00.,05,22,2
2012-05-15 23:00:00,2,0,1,3,22.96,26.515,88,7.0015,13,58,71,12051510.,11PM00.,05,23,2
2012-05-16 00:00:00,2,0,1,2,23.78,27.275,88,0.0,12,27,39,12051610.,12AM00.,05,00,3
2012-05-16 01:00:00,2,0,1,2,23.78,27.275,88,8.9981,7,14,21,12051610.,01AM00.,05,01,3
2012-05-16 02:00:00,2,0,1,1,22.96,26.515,94,12.998,5,14,19,12051610.,02AM00.,05,02,3
2012-05-16 03:00:00,2,0,1,1,22.96,26.515,88,7.0015,1,5,6,12051610.,03AM00.,05,03,3
2012-05-16 04:00:00,2,0,1,1,22.14,25.76,94,8.9981,1,3,4,12051610.,04AM00.,05,04,3
2012-05-16 05:00:00,2,0,1,1,22.14,25.76,94,7.0015,4,34,38,12051610.,05AM00.,05,05,3
2012-05-16 06:00:00,2,0,1,1,22.14,25.76,94,6.0032,8,150,158,12051610.,06AM00.,05,06,3
2012-05-16 07:00:00,2,0,1,1,22.96,26.515,83,0.0,14,426,440,12051610.,07AM00.,05,07,3
2012-05-16 08:00:00,2,0,1,1,23.78,27.275,83,0.0,33,617,650,12051610.,08AM00.,05,08,3
2012-05-16 09:00:00,2,0,1,2,24.6,28.79,78,8.9981,33,314,347,12051610.,09AM00.,05,09,3
2012-05-16 10:00:00,2,0,1,1,27.06,31.06,61,0.0,43,149,192,12051610.,10AM00.,05,10,3
2012-05-16 11:00:00,2,0,1,1,28.7,32.575,54,8.9981,55,212,267,12051610.,11AM00.,05,11,3
2012-05-16 12:00:00,2,0,1,1,28.7,32.575,54,12.998,59,271,330,12051610.,12PM00.,05,12,3
2012-05-16 13:00:00,2,0,1,1,29.52,32.575,42,0.0,77,273,350,12051610.,01PM00.,05,13,3
2012-05-16 14:00:00,2,0,1,1,29.52,32.575,42,6.0032,42,221,263,12051610.,02PM00.,05,14,3
2012-05-16 15:00:00,2,0,1,2,29.52,33.335,48,7.0015,52,222,274,12051610.,03PM00.,05,15,3
2012-05-16 16:00:00,2,0,1,1,29.52,32.575,45,7.0015,70,376,446,12051610.,04PM00.,05,16,3
2012-05-16 17:00:00,2,0,1,1,29.52,33.335,51,12.998,104,769,873,12051610.,05PM00.,05,17,3
2012-05-16 18:00:00,2,0,1,1,29.52,33.335,51,15.0013,97,749,846,12051610.,06PM00.,05,18,3
2012-05-16 19:00:00,2,0,1,1,28.7,32.575,54,19.0012,91,499,590,12051610.,07PM00.,05,19,3
2012-05-16 20:00:00,2,0,1,1,27.06,31.06,65,16.9979,61,398,459,12051610.,08PM00.,05,20,3
2012-05-16 21:00:00,2,0,1,1,26.24,30.305,73,12.998,63,330,393,12051610.,09PM00.,05,21,3
2012-05-16 22:00:00,2,0,1,1,26.24,30.305,73,11.0014,33,253,286,12051610.,10PM00.,05,22,3
2012-05-16 23:00:00,2,0,1,1,25.42,29.545,78,7.0015,26,107,133,12051610.,11PM00.,05,23,3
2012-05-17 00:00:00,2,0,1,1,24.6,28.79,78,8.9981,30,49,79,12051710.,12AM00.,05,00,4
2012-05-17 01:00:00,2,0,1,1,24.6,28.03,83,11.0014,12,16,28,12051710.,01AM00.,05,01,4
2012-05-17 02:00:00,2,0,1,1,24.6,28.79,78,11.0014,8,8,16,12051710.,02AM00.,05,02,4
2012-05-17 03:00:00,2,0,1,1,24.6,29.545,73,16.9979,0,3,3,12051710.,03AM00.,05,03,4
2012-05-17 04:00:00,2,0,1,1,24.6,30.305,64,22.0028,3,13,16,12051710.,04AM00.,05,04,4
2012-05-17 05:00:00,2,0,1,1,22.96,26.515,68,22.0028,1,34,35,12051710.,05AM00.,05,05,4
2012-05-17 06:00:00,2,0,1,1,22.14,25.76,73,23.9994,10,149,159,12051710.,06AM00.,05,06,4
2012-05-17 07:00:00,2,0,1,1,22.14,25.76,73,26.0027,25,449,474,12051710.,07AM00.,05,07,4
2012-05-17 08:00:00,2,0,1,1,21.32,25.0,55,30.0026,29,605,634,12051710.,08AM00.,05,08,4
2012-05-17 09:00:00,2,0,1,1,22.14,25.76,52,27.9993,57,289,346,12051710.,09AM00.,05,09,4
2012-05-17 10:00:00,2,0,1,1,22.96,26.515,52,16.9979,43,162,205,12051710.,10AM00.,05,10,4
2012-05-17 11:00:00,2,0,1,1,23.78,27.275,49,15.0013,77,202,279,12051710.,11AM00.,05,11,4
2012-05-17 12:00:00,2,0,1,1,24.6,31.06,43,12.998,72,276,348,12051710.,12PM00.,05,12,4
2012-05-17 13:00:00,2,0,1,1,25.42,31.06,41,12.998,86,241,327,12051710.,01PM00.,05,13,4
2012-05-17 14:00:00,2,0,1,1,26.24,31.06,38,12.998,68,202,270,12051710.,02PM00.,05,14,4
2012-05-17 15:00:00,2,0,1,1,26.24,31.06,36,16.9979,83,233,316,12051710.,03PM00.,05,15,4
2012-05-17 16:00:00,2,0,1,1,27.06,31.06,31,12.998,86,344,430,12051710.,04PM00.,05,16,4
2012-05-17 17:00:00,2,0,1,1,27.06,31.06,31,8.9981,133,719,852,12051710.,05PM00.,05,17,4
2012-05-17 18:00:00,2,0,1,1,27.06,31.06,27,11.0014,134,734,868,12051710.,06PM00.,05,18,4
2012-05-17 19:00:00,2,0,1,1,26.24,31.06,31,12.998,86,451,537,12051710.,07PM00.,05,19,4
2012-05-17 20:00:00,2,0,1,1,24.6,31.06,40,12.998,83,363,446,12051710.,08PM00.,05,20,4
2012-05-17 21:00:00,2,0,1,1,23.78,27.275,40,7.0015,45,254,299,12051710.,09PM00.,05,21,4
2012-05-17 22:00:00,2,0,1,1,22.96,26.515,43,6.0032,42,209,251,12051710.,10PM00.,05,22,4
2012-05-17 23:00:00,2,0,1,1,22.14,25.76,49,8.9981,29,137,166,12051710.,11PM00.,05,23,4
2012-05-18 00:00:00,2,0,1,1,21.32,25.0,59,7.0015,13,57,70,12051810.,12AM00.,05,00,5
2012-05-18 01:00:00,2,0,1,1,20.5,24.24,59,6.0032,16,33,49,12051810.,01AM00.,05,01,5
2012-05-18 02:00:00,2,0,1,1,19.68,23.485,67,8.9981,12,9,21,12051810.,02AM00.,05,02,5
2012-05-18 03:00:00,2,0,1,1,18.86,22.725,72,6.0032,6,8,14,12051810.,03AM00.,05,03,5
2012-05-18 04:00:00,2,0,1,1,18.86,22.725,77,11.0014,0,11,11,12051810.,04AM00.,05,04,5
2012-05-18 05:00:00,2,0,1,1,18.86,22.725,77,7.0015,1,33,34,12051810.,05AM00.,05,05,5
2012-05-18 06:00:00,2,0,1,1,18.04,21.97,77,8.9981,14,168,182,12051810.,06AM00.,05,06,5
2012-05-18 07:00:00,2,0,1,1,18.86,22.725,82,7.0015,40,475,515,12051810.,07AM00.,05,07,5
2012-05-18 08:00:00,2,0,1,1,21.32,25.0,59,8.9981,49,696,745,12051810.,08AM00.,05,08,5
2012-05-18 09:00:00,2,0,1,1,22.96,26.515,56,7.0015,57,304,361,12051810.,09AM00.,05,09,5
2012-05-18 10:00:00,2,0,1,1,24.6,31.06,46,8.9981,74,181,255,12051810.,10AM00.,05,10,5
2012-05-18 11:00:00,2,0,1,1,25.42,31.06,43,0.0,109,225,334,12051810.,11AM00.,05,11,5
2012-05-18 12:00:00,2,0,1,1,25.42,31.06,41,12.998,108,252,360,12051810.,12PM00.,05,12,5
2012-05-18 13:00:00,2,0,1,1,26.24,31.06,36,11.0014,98,297,395,12051810.,01PM00.,05,13,5
2012-05-18 14:00:00,2,0,1,1,27.06,31.06,34,8.9981,108,242,350,12051810.,02PM00.,05,14,5
2012-05-18 15:00:00,2,0,1,1,27.06,31.06,36,12.998,131,260,391,12051810.,03PM00.,05,15,5
2012-05-18 16:00:00,2,0,1,1,27.06,31.06,34,16.9979,151,417,568,12051810.,04PM00.,05,16,5
2012-05-18 17:00:00,2,0,1,1,27.06,31.06,34,8.9981,124,688,812,12051810.,05PM00.,05,17,5
2012-05-18 18:00:00,2,0,1,1,26.24,31.06,38,15.0013,99,570,669,12051810.,06PM00.,05,18,5
2012-05-18 19:00:00,2,0,1,1,25.42,31.06,41,12.998,91,392,483,12051810.,07PM00.,05,19,5
2012-05-18 20:00:00,2,0,1,1,25.42,31.06,41,11.0014,73,264,337,12051810.,08PM00.,05,20,5
2012-05-18 21:00:00,2,0,1,1,24.6,31.06,40,0.0,49,209,258,12051810.,09PM00.,05,21,5
2012-05-18 22:00:00,2,0,1,1,22.96,26.515,52,22.0028,57,194,251,12051810.,10PM00.,05,22,5
2012-05-18 23:00:00,2,0,1,1,21.32,25.0,55,0.0,41,133,174,12051810.,11PM00.,05,23,5
2012-05-19 00:00:00,2,0,0,1,21.32,25.0,48,7.0015,30,118,148,12051910.,12AM00.,05,00,6
2012-05-19 01:00:00,2,0,0,1,20.5,24.24,48,0.0,20,84,104,12051910.,01AM00.,05,01,6
2012-05-19 02:00:00,2,0,0,1,20.5,24.24,51,7.0015,13,56,69,12051910.,02AM00.,05,02,6
2012-05-19 03:00:00,2,0,0,1,20.5,24.24,48,7.0015,10,23,33,12051910.,03AM00.,05,03,6
2012-05-19 04:00:00,2,0,0,1,19.68,23.485,59,6.0032,6,8,14,12051910.,04AM00.,05,04,6
2012-05-19 05:00:00,2,0,0,1,18.86,22.725,67,0.0,1,11,12,12051910.,05AM00.,05,05,6
2012-05-19 06:00:00,2,0,0,1,18.04,21.97,72,6.0032,12,38,50,12051910.,06AM00.,05,06,6
2012-05-19 07:00:00,2,0,0,1,18.86,22.725,67,7.0015,28,67,95,12051910.,07AM00.,05,07,6
2012-05-19 08:00:00,2,0,0,1,21.32,25.0,52,11.0014,33,162,195,12051910.,08AM00.,05,08,6
2012-05-19 09:00:00,2,0,0,1,22.96,26.515,43,11.0014,79,213,292,12051910.,09AM00.,05,09,6
2012-05-19 10:00:00,2,0,0,1,22.96,26.515,43,0.0,177,275,452,12051910.,10AM00.,05,10,6
2012-05-19 11:00:00,2,0,0,1,25.42,31.06,38,6.0032,235,351,586,12051910.,11AM00.,05,11,6
2012-05-19 12:00:00,2,0,0,1,27.06,31.06,36,0.0,276,366,642,12051910.,12PM00.,05,12,6
2012-05-19 13:00:00,2,0,0,1,28.7,31.82,37,8.9981,332,372,704,12051910.,01PM00.,05,13,6
2012-05-19 14:00:00,2,0,0,1,29.52,32.575,30,6.0032,361,369,730,12051910.,02PM00.,05,14,6
2012-05-19 15:00:00,2,0,0,1,29.52,32.575,30,7.0015,356,316,672,12051910.,03PM00.,05,15,6
2012-05-19 16:00:00,2,0,0,1,30.34,32.575,30,7.0015,331,311,642,12051910.,04PM00.,05,16,6
2012-05-19 17:00:00,2,0,0,1,30.34,32.575,30,6.0032,279,347,626,12051910.,05PM00.,05,17,6
2012-05-19 18:00:00,2,0,0,1,30.34,32.575,33,6.0032,254,391,645,12051910.,06PM00.,05,18,6
2012-05-19 19:00:00,2,0,0,1,28.7,31.82,39,8.9981,203,229,432,12051910.,07PM00.,05,19,6
2012-05-19 20:00:00,2,0,0,1,27.88,31.82,41,6.0032,118,197,315,12051910.,08PM00.,05,20,6
2012-05-19 21:00:00,2,0,0,1,26.24,31.06,50,0.0,81,178,259,12051910.,09PM00.,05,21,6
2012-05-19 22:00:00,2,0,0,1,26.24,31.06,47,0.0,104,234,338,12051910.,10PM00.,05,22,6
2012-05-19 23:00:00,2,0,0,1,24.6,31.06,56,11.0014,71,168,239,12051910.,11PM00.,05,23,6
2012-06-01 00:00:00,2,0,1,1,27.06,31.06,50,16.9979,10,76,86,12060110.,12AM00.,06,00,5
2012-06-01 01:00:00,2,0,1,1,26.24,31.06,53,15.0013,0,34,34,12060110.,01AM00.,06,01,5
2012-06-01 02:00:00,2,0,1,1,26.24,31.06,57,15.0013,3,13,16,12060110.,02AM00.,06,02,5
2012-06-01 03:00:00,2,0,1,2,25.42,29.545,73,6.0032,0,4,4,12060110.,03AM00.,06,03,5
2012-06-01 04:00:00,2,0,1,2,25.42,29.545,73,6.0032,1,5,6,12060110.,04AM00.,06,04,5
2012-06-01 05:00:00,2,0,1,2,25.42,29.545,78,6.0032,4,41,45,12060110.,05AM00.,06,05,5
2012-06-01 06:00:00,2,0,1,3,25.42,28.03,88,8.9981,5,136,141,12060110.,06AM00.,06,06,5
2012-06-01 07:00:00,2,0,1,2,26.24,28.79,89,12.998,33,369,402,12060110.,07AM00.,06,07,5
2012-06-01 08:00:00,2,0,1,2,26.24,28.79,89,12.998,19,675,694,12060110.,08AM00.,06,08,5
2012-06-01 09:00:00,2,0,1,2,26.24,28.79,83,15.0013,24,274,298,12060110.,09AM00.,06,09,5
2012-06-01 10:00:00,2,0,1,2,27.06,30.305,78,19.0012,49,155,204,12060110.,10AM00.,06,10,5
2012-06-01 11:00:00,2,0,1,2,28.7,33.335,74,19.0012,42,193,235,12060110.,11AM00.,06,11,5
2012-06-01 12:00:00,2,0,1,2,28.7,33.335,74,23.9994,72,238,310,12060110.,12PM00.,06,12,5
2012-06-01 13:00:00,2,0,1,1,29.52,34.09,70,19.9995,76,240,316,12060110.,01PM00.,06,13,5
2012-06-01 14:00:00,2,0,1,3,29.52,34.09,66,19.0012,55,199,254,12060110.,02PM00.,06,14,5
2012-06-01 15:00:00,2,0,1,3,29.52,34.09,66,19.0012,45,213,258,12060110.,03PM00.,06,15,5
2012-06-01 16:00:00,2,0,1,3,30.34,34.09,58,30.0026,36,186,222,12060110.,04PM00.,06,16,5
2012-06-01 17:00:00,2,0,1,3,28.7,32.575,70,16.9979,25,202,227,12060110.,05PM00.,06,17,5
2012-06-01 18:00:00,2,0,1,3,25.42,28.03,88,23.9994,10,100,110,12060110.,06PM00.,06,18,5
2012-06-01 19:00:00,2,0,1,3,25.42,28.03,88,23.9994,4,41,45,12060110.,07PM00.,06,19,5
2012-06-01 20:00:00,2,0,1,3,25.42,27.275,94,16.9979,1,38,39,12060110.,08PM00.,06,20,5
2012-06-01 21:00:00,2,0,1,3,26.24,29.545,78,16.9979,12,73,85,12060110.,09PM00.,06,21,5
2012-06-01 22:00:00,2,0,1,3,24.6,27.275,88,8.9981,1,22,23,12060110.,10PM00.,06,22,5
2012-06-01 23:00:00,2,0,1,3,24.6,27.275,88,8.9981,6,67,73,12060110.,11PM00.,06,23,5
2012-06-02 00:00:00,2,0,0,2,22.96,26.515,83,8.9981,5,81,86,12060210.,12AM00.,06,00,6
2012-06-02 01:00:00,2,0,0,2,22.96,26.515,83,7.0015,15,61,76,12060210.,01AM00.,06,01,6
2012-06-02 02:00:00,2,0,0,2,22.14,25.76,88,0.0,3,38,41,12060210.,02AM00.,06,02,6
2012-06-02 03:00:00,2,0,0,1,22.96,26.515,73,16.9979,8,18,26,12060210.,03AM00.,06,03,6
2012-06-02 04:00:00,2,0,0,1,22.14,25.76,68,19.0012,2,11,13,12060210.,04AM00.,06,04,6
2012-06-02 05:00:00,2,0,0,1,20.5,24.24,72,12.998,1,11,12,12060210.,05AM00.,06,05,6
2012-06-02 06:00:00,2,0,0,2,20.5,24.24,77,12.998,5,31,36,12060210.,06AM00.,06,06,6
2012-06-02 07:00:00,2,0,0,1,21.32,25.0,72,7.0015,9,77,86,12060210.,07AM00.,06,07,6
2012-06-02 08:00:00,2,0,0,1,22.14,25.76,64,11.0014,30,180,210,12060210.,08AM00.,06,08,6
2012-06-02 09:00:00,2,0,0,1,22.96,26.515,60,16.9979,89,243,332,12060210.,09AM00.,06,09,6
2012-06-02 10:00:00,2,0,0,1,24.6,31.06,53,19.9995,145,348,493,12060210.,10AM00.,06,10,6
2012-06-02 11:00:00,2,0,0,1,23.78,27.275,46,19.0012,179,357,536,12060210.,11AM00.,06,11,6
2012-06-02 12:00:00,2,0,0,1,25.42,31.06,43,23.9994,250,418,668,12060210.,12PM00.,06,12,6
2012-06-02 13:00:00,2,0,0,1,25.42,31.06,41,16.9979,279,400,679,12060210.,01PM00.,06,13,6
2012-06-02 14:00:00,2,0,0,1,26.24,31.06,38,19.9995,259,388,647,12060210.,02PM00.,06,14,6
2012-06-02 15:00:00,2,0,0,1,26.24,31.06,38,16.9979,297,405,702,12060210.,03PM00.,06,15,6
2012-06-02 16:00:00,2,0,0,1,26.24,31.06,38,16.9979,275,369,644,12060210.,04PM00.,06,16,6
2012-06-02 17:00:00,2,0,0,1,26.24,31.06,36,0.0,248,338,586,12060210.,05PM00.,06,17,6
2012-06-02 18:00:00,2,0,0,1,26.24,31.06,36,0.0,171,341,512,12060210.,06PM00.,06,18,6
2012-06-02 19:00:00,2,0,0,1,26.24,31.06,36,11.0014,185,369,554,12060210.,07PM00.,06,19,6
2012-06-02 20:00:00,2,0,0,1,25.42,31.06,35,19.0012,139,260,399,12060210.,08PM00.,06,20,6
2012-06-02 21:00:00,2,0,0,1,24.6,31.06,40,7.0015,96,220,316,12060210.,09PM00.,06,21,6
2012-06-02 22:00:00,2,0,0,1,23.78,27.275,46,8.9981,52,176,228,12060210.,10PM00.,06,22,6
2012-06-02 23:00:00,2,0,0,1,22.96,26.515,52,7.0015,53,185,238,12060210.,11PM00.,06,23,6
2012-06-03 00:00:00,2,0,0,1,22.14,25.76,60,11.0014,27,142,169,12060310.,12AM00.,06,00,7
2012-06-03 01:00:00,2,0,0,1,22.14,25.76,56,8.9981,21,100,121,12060310.,01AM00.,06,01,7
2012-06-03 02:00:00,2,0,0,1,21.32,25.0,59,7.0015,22,67,89,12060310.,02AM00.,06,02,7
2012-06-03 03:00:00,2,0,0,1,21.32,25.0,63,7.0015,16,34,50,12060310.,03AM00.,06,03,7
2012-06-03 04:00:00,2,0,0,1,20.5,24.24,72,6.0032,1,12,13,12060310.,04AM00.,06,04,7
2012-06-03 05:00:00,2,0,0,1,20.5,24.24,68,0.0,1,11,12,12060310.,05AM00.,06,05,7
2012-06-03 06:00:00,2,0,0,1,18.86,22.725,82,7.0015,6,16,22,12060310.,06AM00.,06,06,7
2012-06-03 07:00:00,2,0,0,1,20.5,24.24,68,7.0015,6,29,35,12060310.,07AM00.,06,07,7
2012-06-03 08:00:00,2,0,0,1,22.14,25.76,60,6.0032,30,110,140,12060310.,08AM00.,06,08,7
2012-06-03 09:00:00,2,0,0,1,24.6,31.06,46,12.998,70,230,300,12060310.,09AM00.,06,09,7
2012-06-03 10:00:00,2,0,0,1,25.42,31.06,43,15.0013,127,277,404,12060310.,10AM00.,06,10,7
2012-06-03 11:00:00,2,0,0,1,26.24,31.06,41,16.9979,199,312,511,12060310.,11AM00.,06,11,7
2012-06-03 12:00:00,2,0,0,1,27.06,31.06,39,19.9995,276,408,684,12060310.,12PM00.,06,12,7
2012-06-03 13:00:00,2,0,0,1,27.88,31.82,36,19.0012,265,421,686,12060310.,01PM00.,06,13,7
2012-06-03 14:00:00,2,0,0,1,27.88,31.82,36,22.0028,267,411,678,12060310.,02PM00.,06,14,7
2012-06-03 15:00:00,2,0,0,1,28.7,31.82,34,0.0,236,408,644,12060310.,03PM00.,06,15,7
2012-06-03 16:00:00,2,0,0,1,28.7,31.82,34,19.9995,226,436,662,12060310.,04PM00.,06,16,7
2012-06-03 17:00:00,2,0,0,1,28.7,31.82,34,16.9979,192,386,578,12060310.,05PM00.,06,17,7
2012-06-03 18:00:00,2,0,0,1,28.7,31.82,34,16.9979,153,343,496,12060310.,06PM00.,06,18,7
2012-06-03 19:00:00,2,0,0,1,27.88,31.82,34,19.0012,116,337,453,12060310.,07PM00.,06,19,7
2012-06-03 20:00:00,2,0,0,1,27.06,31.06,39,12.998,84,230,314,12060310.,08PM00.,06,20,7
2012-06-03 21:00:00,2,0,0,1,25.42,31.06,43,11.0014,66,180,246,12060310.,09PM00.,06,21,7
2012-06-03 22:00:00,2,0,0,1,25.42,31.06,50,26.0027,61,165,226,12060310.,10PM00.,06,22,7
2012-06-03 23:00:00,2,0,0,1,23.78,27.275,53,7.0015,26,82,108,12060310.,11PM00.,06,23,7
2012-06-04 00:00:00,2,0,1,1,23.78,27.275,53,0.0,11,38,49,12060410.,12AM00.,06,00,1
2012-06-04 01:00:00,2,0,1,3,22.96,26.515,60,11.0014,4,10,14,12060410.,01AM00.,06,01,1
2012-06-04 02:00:00,2,0,1,1,22.96,26.515,60,15.0013,1,10,11,12060410.,02AM00.,06,02,1
2012-06-04 03:00:00,2,0,1,2,22.96,26.515,60,11.0014,0,5,5,12060410.,03AM00.,06,03,1
2012-06-04 04:00:00,2,0,1,1,22.14,25.76,64,6.0032,2,6,8,12060410.,04AM00.,06,04,1
2012-06-04 05:00:00,2,0,1,1,21.32,25.0,68,0.0,2,33,35,12060410.,05AM00.,06,05,1
2012-06-04 06:00:00,2,0,1,1,21.32,25.0,68,0.0,4,135,139,12060410.,06AM00.,06,06,1
2012-06-04 07:00:00,2,0,1,1,22.96,26.515,60,15.0013,13,504,517,12060410.,07AM00.,06,07,1
2012-06-04 08:00:00,2,0,1,1,24.6,31.06,49,15.0013,22,643,665,12060410.,08AM00.,06,08,1
2012-06-04 09:00:00,2,0,1,1,25.42,31.06,43,19.0012,38,244,282,12060410.,09AM00.,06,09,1
2012-06-04 10:00:00,2,0,1,1,26.24,31.06,41,31.0009,67,120,187,12060410.,10AM00.,06,10,1
2012-06-04 11:00:00,2,0,1,1,26.24,31.06,38,32.9975,71,168,239,12060410.,11AM00.,06,11,1
2012-06-04 12:00:00,2,0,1,1,26.24,31.06,41,30.0026,62,220,282,12060410.,12PM00.,06,12,1
2012-06-04 13:00:00,2,0,1,1,26.24,31.06,41,23.9994,85,189,274,12060410.,01PM00.,06,13,1
2012-06-04 14:00:00,2,0,1,1,25.42,31.06,41,32.9975,84,186,270,12060410.,02PM00.,06,14,1
2012-06-04 15:00:00,2,0,1,1,27.06,31.06,39,19.9995,77,215,292,12060410.,03PM00.,06,15,1
2012-06-04 16:00:00,2,0,1,1,27.06,31.06,39,31.0009,73,375,448,12060410.,04PM00.,06,16,1
2012-06-04 17:00:00,2,0,1,1,26.24,31.06,38,30.0026,101,733,834,12060410.,05PM00.,06,17,1
2012-06-04 18:00:00,2,0,1,1,26.24,31.06,38,26.0027,103,719,822,12060410.,06PM00.,06,18,1
2012-06-04 19:00:00,2,0,1,1,25.42,31.06,38,27.9993,91,554,645,12060410.,07PM00.,06,19,1
2012-06-04 20:00:00,2,0,1,1,24.6,31.06,40,23.9994,71,390,461,12060410.,08PM00.,06,20,1
2012-06-04 21:00:00,2,0,1,1,23.78,27.275,49,16.9979,40,225,265,12060410.,09PM00.,06,21,1
2012-06-04 22:00:00,2,0,1,1,22.96,26.515,52,19.0012,41,127,168,12060410.,10PM00.,06,22,1
2012-06-04 23:00:00,2,0,1,1,23.78,27.275,49,19.9995,8,78,86,12060410.,11PM00.,06,23,1
2012-06-05 00:00:00,2,0,1,1,22.14,25.76,68,27.9993,6,28,34,12060510.,12AM00.,06,00,2
2012-06-05 01:00:00,2,0,1,2,21.32,25.0,77,22.0028,2,18,20,12060510.,01AM00.,06,01,2
2012-06-05 02:00:00,2,0,1,3,21.32,25.0,72,19.9995,0,8,8,12060510.,02AM00.,06,02,2
2012-06-05 03:00:00,2,0,1,3,20.5,24.24,82,12.998,0,5,5,12060510.,03AM00.,06,03,2
2012-06-05 04:00:00,2,0,1,3,20.5,24.24,82,12.998,1,4,5,12060510.,04AM00.,06,04,2
2012-06-05 05:00:00,2,0,1,3,19.68,23.485,82,11.0014,1,35,36,12060510.,05AM00.,06,05,2
2012-06-05 06:00:00,2,0,1,1,19.68,23.485,82,16.9979,7,177,184,12060510.,06AM00.,06,06,2
2012-06-05 07:00:00,2,0,1,1,19.68,23.485,77,19.9995,29,540,569,12060510.,07AM00.,06,07,2
2012-06-05 08:00:00,2,0,1,2,19.68,23.485,77,15.0013,30,680,710,12060510.,08AM00.,06,08,2
2012-06-05 09:00:00,2,0,1,2,21.32,25.0,72,16.9979,50,285,335,12060510.,09AM00.,06,09,2
2012-06-05 10:00:00,2,0,1,2,21.32,25.0,63,19.9995,58,118,176,12060510.,10AM00.,06,10,2
2012-06-05 11:00:00,2,0,1,2,22.96,26.515,56,12.998,65,162,227,12060510.,11AM00.,06,11,2
2012-06-05 12:00:00,2,0,1,2,22.14,25.76,56,15.0013,45,202,247,12060510.,12PM00.,06,12,2
2012-06-05 13:00:00,2,0,1,2,24.6,31.06,46,11.0014,66,201,267,12060510.,01PM00.,06,13,2
2012-06-05 14:00:00,2,0,1,2,23.78,27.275,46,11.0014,82,194,276,12060510.,02PM00.,06,14,2
2012-06-05 15:00:00,2,0,1,2,23.78,27.275,46,8.9981,54,218,272,12060510.,03PM00.,06,15,2
2012-06-05 16:00:00,2,0,1,1,24.6,31.06,43,12.998,91,382,473,12060510.,04PM00.,06,16,2
2012-06-05 17:00:00,2,0,1,1,24.6,31.06,43,0.0,86,764,850,12060510.,05PM00.,06,17,2
2012-06-05 18:00:00,2,0,1,1,24.6,31.06,43,12.998,111,679,790,12060510.,06PM00.,06,18,2
2012-06-05 19:00:00,2,0,1,1,23.78,27.275,46,16.9979,68,445,513,12060510.,07PM00.,06,19,2
2012-06-05 20:00:00,2,0,1,1,22.96,26.515,49,15.0013,44,371,415,12060510.,08PM00.,06,20,2
2012-06-05 21:00:00,2,0,1,1,22.14,25.76,56,11.0014,30,253,283,12060510.,09PM00.,06,21,2
2012-06-05 22:00:00,2,0,1,1,22.96,26.515,52,7.0015,22,171,193,12060510.,10PM00.,06,22,2
2012-06-05 23:00:00,2,0,1,1,22.14,25.76,56,6.0032,20,93,113,12060510.,11PM00.,06,23,2
2012-06-06 00:00:00,2,0,1,1,21.32,25.0,59,6.0032,3,46,49,12060610.,12AM00.,06,00,3
2012-06-06 01:00:00,2,0,1,1,21.32,25.0,68,0.0,6,21,27,12060610.,01AM00.,06,01,3
2012-06-06 02:00:00,2,0,1,1,20.5,24.24,68,0.0,4,7,11,12060610.,02AM00.,06,02,3
2012-06-06 03:00:00,2,0,1,1,18.86,22.725,82,0.0,0,8,8,12060610.,03AM00.,06,03,3
2012-06-06 04:00:00,2,0,1,1,18.86,22.725,82,7.0015,3,7,10,12060610.,04AM00.,06,04,3
2012-06-06 05:00:00,2,0,1,1,19.68,23.485,77,0.0,1,37,38,12060610.,05AM00.,06,05,3
2012-06-06 06:00:00,2,0,1,1,19.68,23.485,77,0.0,7,165,172,12060610.,06AM00.,06,06,3
2012-06-06 07:00:00,2,0,1,1,20.5,24.24,72,0.0,16,531,547,12060610.,07AM00.,06,07,3
2012-06-06 08:00:00,2,0,1,1,22.14,25.76,68,0.0,31,637,668,12060610.,08AM00.,06,08,3
2012-06-06 09:00:00,2,0,1,1,22.96,26.515,60,6.0032,35,268,303,12060610.,09AM00.,06,09,3
2012-06-06 10:00:00,2,0,1,1,24.6,31.06,46,6.0032,55,148,203,12060610.,10AM00.,06,10,3
2012-06-06 11:00:00,2,0,1,1,25.42,31.06,43,6.0032,65,161,226,12060610.,11AM00.,06,11,3
2012-06-06 12:00:00,2,0,1,1,25.42,31.06,38,0.0,80,235,315,12060610.,12PM00.,06,12,3
2012-06-06 13:00:00,2,0,1,1,25.42,31.06,41,6.0032,73,230,303,12060610.,01PM00.,06,13,3
2012-06-06 14:00:00,2,0,1,1,26.24,31.06,38,0.0,111,191,302,12060610.,02PM00.,06,14,3
2012-06-06 15:00:00,2,0,1,1,26.24,31.06,38,0.0,75,225,300,12060610.,03PM00.,06,15,3
2012-06-06 16:00:00,2,0,1,1,26.24,31.06,41,8.9981,107,345,452,12060610.,04PM00.,06,16,3
2012-06-06 17:00:00,2,0,1,1,25.42,31.06,43,8.9981,72,652,724,12060610.,05PM00.,06,17,3
2012-06-06 18:00:00,2,0,1,3,24.6,31.06,53,12.998,94,688,782,12060610.,06PM00.,06,18,3
2012-06-06 19:00:00,2,0,1,1,22.96,26.515,73,19.9995,52,486,538,12060610.,07PM00.,06,19,3
2012-06-06 20:00:00,2,0,1,1,22.14,25.76,73,19.0012,59,349,408,12060610.,08PM00.,06,20,3
2012-06-06 21:00:00,2,0,1,1,22.14,25.76,73,11.0014,38,260,298,12060610.,09PM00.,06,21,3
2012-06-06 22:00:00,2,0,1,1,21.32,25.0,77,6.0032,27,221,248,12060610.,10PM00.,06,22,3
2012-06-06 23:00:00,2,0,1,1,21.32,25.0,77,0.0,13,110,123,12060610.,11PM00.,06,23,3
2012-06-07 00:00:00,2,0,1,1,21.32,25.0,77,8.9981,9,50,59,12060710.,12AM00.,06,00,4
2012-06-07 01:00:00,2,0,1,1,21.32,25.0,77,11.0014,5,17,22,12060710.,01AM00.,06,01,4
2012-06-07 02:00:00,2,0,1,1,21.32,25.0,77,6.0032,0,12,12,12060710.,02AM00.,06,02,4
2012-06-07 03:00:00,2,0,1,1,20.5,24.24,77,7.0015,0,5,5,12060710.,03AM00.,06,03,4
2012-06-07 04:00:00,2,0,1,1,18.86,22.725,88,7.0015,0,6,6,12060710.,04AM00.,06,04,4
2012-06-07 05:00:00,2,0,1,1,19.68,23.485,82,6.0032,0,34,34,12060710.,05AM00.,06,05,4
2012-06-07 06:00:00,2,0,1,1,18.86,22.725,88,7.0015,5,165,170,12060710.,06AM00.,06,06,4
2012-06-07 07:00:00,2,0,1,1,20.5,24.24,82,11.0014,20,506,526,12060710.,07AM00.,06,07,4
2012-06-07 08:00:00,2,0,1,1,21.32,25.0,77,0.0,20,661,681,12060710.,08AM00.,06,08,4
2012-06-07 09:00:00,2,0,1,1,23.78,27.275,68,0.0,37,300,337,12060710.,09AM00.,06,09,4
2012-06-07 10:00:00,2,0,1,1,24.6,30.305,64,6.0032,56,154,210,12060710.,10AM00.,06,10,4
2012-06-07 11:00:00,2,0,1,1,27.06,31.06,47,15.0013,67,170,237,12060710.,11AM00.,06,11,4
2012-06-07 12:00:00,2,0,1,1,28.7,31.82,42,0.0,62,274,336,12060710.,12PM00.,06,12,4
2012-06-07 13:00:00,2,0,1,1,28.7,31.82,37,19.0012,65,250,315,12060710.,01PM00.,06,13,4
2012-06-07 14:00:00,2,0,1,1,29.52,32.575,37,16.9979,67,198,265,12060710.,02PM00.,06,14,4
2012-06-07 15:00:00,2,0,1,1,30.34,32.575,30,0.0,99,234,333,12060710.,03PM00.,06,15,4
2012-06-07 16:00:00,2,0,1,1,29.52,32.575,34,15.0013,77,389,466,12060710.,04PM00.,06,16,4
2012-06-07 17:00:00,2,0,1,1,29.52,32.575,34,16.9979,91,778,869,12060710.,05PM00.,06,17,4
2012-06-07 18:00:00,2,0,1,1,28.7,31.82,34,19.0012,110,703,813,12060710.,06PM00.,06,18,4
2012-06-07 19:00:00,2,0,1,1,28.7,31.82,34,19.0012,65,537,602,12060710.,07PM00.,06,19,4
2012-06-07 20:00:00,2,0,1,1,27.06,31.06,36,19.9995,76,402,478,12060710.,08PM00.,06,20,4
2012-06-07 21:00:00,2,0,1,1,25.42,31.06,41,22.0028,30,283,313,12060710.,09PM00.,06,21,4
2012-06-07 22:00:00,2,0,1,1,24.6,31.06,46,11.0014,35,193,228,12060710.,10PM00.,06,22,4
2012-06-07 23:00:00,2,0,1,1,22.96,26.515,52,8.9981,42,135,177,12060710.,11PM00.,06,23,4
2012-06-08 00:00:00,2,0,1,1,22.96,26.515,56,11.0014,18,59,77,12060810.,12AM00.,06,00,5
2012-06-08 01:00:00,2,0,1,1,22.96,26.515,56,11.0014,4,25,29,12060810.,01AM00.,06,01,5
2012-06-08 02:00:00,2,0,1,1,22.96,26.515,56,0.0,2,17,19,12060810.,02AM00.,06,02,5
2012-06-08 03:00:00,2,0,1,1,22.14,25.76,60,6.0032,0,8,8,12060810.,03AM00.,06,03,5
2012-06-08 04:00:00,2,0,1,1,21.32,25.0,63,0.0,1,9,10,12060810.,04AM00.,06,04,5
2012-06-08 05:00:00,2,0,1,1,20.5,24.24,72,7.0015,1,28,29,12060810.,05AM00.,06,05,5
2012-06-08 06:00:00,2,0,1,1,21.32,25.0,68,6.0032,8,131,139,12060810.,06AM00.,06,06,5
2012-06-08 07:00:00,2,0,1,1,21.32,25.0,72,7.0015,19,409,428,12060810.,07AM00.,06,07,5
2012-06-08 08:00:00,2,0,1,1,23.78,27.275,60,6.0032,37,663,700,12060810.,08AM00.,06,08,5
2012-06-08 09:00:00,2,0,1,1,25.42,31.06,53,11.0014,47,335,382,12060810.,09AM00.,06,09,5
2012-06-08 10:00:00,2,0,1,1,27.06,31.06,47,16.9979,62,187,249,12060810.,10AM00.,06,10,5
2012-06-08 11:00:00,2,0,1,1,28.7,31.82,42,16.9979,65,199,264,12060810.,11AM00.,06,11,5
2012-06-08 12:00:00,2,0,1,1,29.52,32.575,39,22.0028,89,280,369,12060810.,12PM00.,06,12,5
2012-06-08 13:00:00,2,0,1,1,30.34,32.575,37,16.9979,129,287,416,12060810.,01PM00.,06,13,5
2012-06-08 14:00:00,2,0,1,1,31.16,33.335,31,26.0027,128,245,373,12060810.,02PM00.,06,14,5
2012-06-08 15:00:00,2,0,1,1,31.16,33.335,29,19.0012,98,299,397,12060810.,03PM00.,06,15,5
2012-06-08 16:00:00,2,0,1,1,31.16,33.335,29,19.9995,111,412,523,12060810.,04PM00.,06,16,5
2012-06-08 17:00:00,2,0,1,1,31.16,33.335,29,12.998,114,679,793,12060810.,05PM00.,06,17,5
2012-06-08 18:00:00,2,0,1,1,31.16,33.335,27,15.0013,147,576,723,12060810.,06PM00.,06,18,5
2012-06-08 19:00:00,2,0,1,1,30.34,32.575,30,15.0013,95,460,555,12060810.,07PM00.,06,19,5
2012-06-08 20:00:00,2,0,1,1,29.52,32.575,32,8.9981,117,291,408,12060810.,08PM00.,06,20,5
2012-06-08 21:00:00,2,0,1,1,28.7,31.82,37,8.9981,83,256,339,12060810.,09PM00.,06,21,5
2012-06-08 22:00:00,2,0,1,1,27.88,31.82,41,7.0015,61,230,291,12060810.,10PM00.,06,22,5
2012-06-08 23:00:00,2,0,1,1,26.24,31.06,57,11.0014,52,163,215,12060810.,11PM00.,06,23,5
2012-06-09 00:00:00,2,0,0,1,26.24,31.06,53,7.0015,54,152,206,12060910.,12AM00.,06,00,6
2012-06-09 01:00:00,2,0,0,1,26.24,31.06,53,6.0032,34,89,123,12060910.,01AM00.,06,01,6
2012-06-09 02:00:00,2,0,0,1,26.24,31.06,50,15.0013,21,68,89,12060910.,02AM00.,06,02,6
2012-06-09 03:00:00,2,0,0,1,25.42,31.06,57,0.0,12,28,40,12060910.,03AM00.,06,03,6
2012-06-09 04:00:00,2,0,0,1,25.42,31.06,57,0.0,2,6,8,12060910.,04AM00.,06,04,6
2012-06-09 05:00:00,2,0,0,1,24.6,31.06,56,7.0015,4,15,19,12060910.,05AM00.,06,05,6
2012-06-09 06:00:00,2,0,0,1,22.96,26.515,64,7.0015,17,63,80,12060910.,06AM00.,06,06,6
2012-06-09 07:00:00,2,0,0,1,23.78,27.275,64,7.0015,26,61,87,12060910.,07AM00.,06,07,6
2012-06-09 08:00:00,2,0,0,1,25.42,30.305,61,7.0015,42,202,244,12060910.,08AM00.,06,08,6
2012-06-09 09:00:00,2,0,0,1,26.24,31.06,57,11.0014,99,241,340,12060910.,09AM00.,06,09,6
2012-06-09 10:00:00,2,0,0,1,28.7,32.575,51,7.0015,168,298,466,12060910.,10AM00.,06,10,6
2012-06-09 11:00:00,2,0,0,1,31.16,33.335,35,0.0,218,351,569,12060910.,11AM00.,06,11,6
2012-06-09 12:00:00,2,0,0,1,32.8,34.85,29,16.9979,196,335,531,12060910.,12PM00.,06,12,6
2012-06-09 13:00:00,2,0,0,1,33.62,34.85,24,19.0012,236,349,585,12060910.,01PM00.,06,13,6
2012-06-09 14:00:00,2,0,0,1,33.62,34.85,23,12.998,239,354,593,12060910.,02PM00.,06,14,6
2012-06-09 15:00:00,2,0,0,1,34.44,35.605,20,19.9995,218,337,555,12060910.,03PM00.,06,15,6
2012-06-09 16:00:00,2,0,0,1,33.62,34.85,24,12.998,219,315,534,12060910.,04PM00.,06,16,6
2012-06-09 17:00:00,2,0,0,1,34.44,35.605,24,0.0,238,257,495,12060910.,05PM00.,06,17,6
2012-06-09 18:00:00,2,0,0,1,33.62,34.85,24,15.0013,175,276,451,12060910.,06PM00.,06,18,6
2012-06-09 19:00:00,2,0,0,1,32.8,34.85,29,11.0014,128,232,360,12060910.,07PM00.,06,19,6
2012-06-09 20:00:00,2,0,0,1,31.16,33.335,35,15.0013,125,238,363,12060910.,08PM00.,06,20,6
2012-06-09 21:00:00,2,0,0,1,30.34,32.575,40,12.998,105,211,316,12060910.,09PM00.,06,21,6
2012-06-09 22:00:00,2,0,0,1,28.7,32.575,58,11.0014,63,151,214,12060910.,10PM00.,06,22,6
2012-06-09 23:00:00,2,0,0,1,27.88,31.82,61,11.0014,69,161,230,12060910.,11PM00.,06,23,6
2012-06-10 00:00:00,2,0,0,1,27.06,31.06,69,7.0015,33,125,158,12061010.,12AM00.,06,00,7
2012-06-10 01:00:00,2,0,0,1,26.24,30.305,73,8.9981,32,84,116,12061010.,01AM00.,06,01,7
2012-06-10 02:00:00,2,0,0,1,26.24,30.305,69,8.9981,17,56,73,12061010.,02AM00.,06,02,7
2012-06-10 03:00:00,2,0,0,1,26.24,30.305,73,7.0015,6,23,29,12061010.,03AM00.,06,03,7
2012-06-10 04:00:00,2,0,0,1,25.42,29.545,78,6.0032,1,9,10,12061010.,04AM00.,06,04,7
2012-06-10 05:00:00,2,0,0,1,25.42,30.305,69,6.0032,3,10,13,12061010.,05AM00.,06,05,7
2012-06-10 06:00:00,2,0,0,1,25.42,29.545,73,0.0,3,27,30,12061010.,06AM00.,06,06,7
2012-06-10 07:00:00,2,0,0,1,24.6,28.79,78,7.0015,21,41,62,12061010.,07AM00.,06,07,7
2012-06-10 08:00:00,2,0,0,1,26.24,30.305,73,6.0032,59,122,181,12061010.,08AM00.,06,08,7
2012-06-10 09:00:00,2,0,0,1,28.7,32.575,58,0.0,91,175,266,12061010.,09AM00.,06,09,7
2012-06-10 10:00:00,2,0,0,1,31.16,34.09,40,7.0015,148,265,413,12061010.,10AM00.,06,10,7
2012-06-10 11:00:00,2,0,0,1,31.16,34.09,45,6.0032,184,315,499,12061010.,11AM00.,06,11,7
2012-06-10 12:00:00,2,0,0,1,33.62,35.605,30,0.0,173,329,502,12061010.,12PM00.,06,12,7
2012-06-10 13:00:00,2,0,0,1,34.44,36.365,28,8.9981,204,288,492,12061010.,01PM00.,06,13,7
2012-06-10 14:00:00,2,0,0,1,34.44,36.365,30,8.9981,186,314,500,12061010.,02PM00.,06,14,7
2012-06-10 15:00:00,2,0,0,1,34.44,36.365,30,15.0013,159,316,475,12061010.,03PM00.,06,15,7
2012-06-10 16:00:00,2,0,0,1,34.44,37.12,36,19.0012,173,335,508,12061010.,04PM00.,06,16,7
2012-06-10 17:00:00,2,0,0,1,33.62,37.12,41,19.0012,184,337,521,12061010.,05PM00.,06,17,7
2012-06-10 18:00:00,2,0,0,1,33.62,36.365,38,15.0013,164,326,490,12061010.,06PM00.,06,18,7
2012-06-10 19:00:00,2,0,0,1,33.62,35.605,28,19.0012,115,260,375,12061010.,07PM00.,06,19,7
2012-06-10 20:00:00,2,0,0,1,31.16,34.09,48,11.0014,113,250,363,12061010.,08PM00.,06,20,7
2012-06-10 21:00:00,2,0,0,1,29.52,34.09,62,11.0014,83,170,253,12061010.,09PM00.,06,21,7
2012-06-10 22:00:00,2,0,0,1,28.7,32.575,65,11.0014,42,117,159,12061010.,10PM00.,06,22,7
2012-06-10 23:00:00,2,0,0,1,29.52,33.335,58,7.0015,30,80,110,12061010.,11PM00.,06,23,7
2012-06-11 00:00:00,2,0,1,1,28.7,32.575,65,7.0015,8,33,41,12061110.,12AM00.,06,00,1
2012-06-11 01:00:00,2,0,1,1,27.06,31.06,74,11.0014,9,15,24,12061110.,01AM00.,06,01,1
2012-06-11 02:00:00,2,0,1,1,27.06,31.06,74,7.0015,5,12,17,12061110.,02AM00.,06,02,1
2012-06-11 03:00:00,2,0,1,1,26.24,29.545,78,7.0015,2,4,6,12061110.,03AM00.,06,03,1
2012-06-11 04:00:00,2,0,1,1,26.24,29.545,78,8.9981,0,7,7,12061110.,04AM00.,06,04,1
2012-06-11 05:00:00,2,0,1,1,26.24,29.545,78,8.9981,1,36,37,12061110.,05AM00.,06,05,1
2012-06-11 06:00:00,2,0,1,1,25.42,28.79,83,7.0015,8,136,144,12061110.,06AM00.,06,06,1
2012-06-11 07:00:00,2,0,1,1,26.24,29.545,78,7.0015,25,478,503,12061110.,07AM00.,06,07,1
2012-06-11 08:00:00,2,0,1,1,27.06,31.06,74,8.9981,38,613,651,12061110.,08AM00.,06,08,1
2012-06-11 09:00:00,2,0,1,1,28.7,32.575,65,8.9981,57,259,316,12061110.,09AM00.,06,09,1
2012-06-11 10:00:00,2,0,1,1,29.52,34.09,62,11.0014,52,95,147,12061110.,10AM00.,06,10,1
2012-06-11 11:00:00,2,0,1,2,31.16,34.09,48,15.0013,59,143,202,12061110.,11AM00.,06,11,1
2012-06-11 12:00:00,2,0,1,2,32.8,36.365,43,12.998,63,198,261,12061110.,12PM00.,06,12,1
2012-06-11 13:00:00,2,0,1,2,32.8,35.605,41,19.9995,63,185,248,12061110.,01PM00.,06,13,1
2012-06-11 14:00:00,2,0,1,2,33.62,36.365,34,19.0012,66,193,259,12061110.,02PM00.,06,14,1
2012-06-11 15:00:00,2,0,1,1,32.8,35.605,41,23.9994,72,187,259,12061110.,03PM00.,06,15,1
2012-06-11 16:00:00,2,0,1,2,32.8,35.605,41,27.9993,87,340,427,12061110.,04PM00.,06,16,1
2012-06-11 17:00:00,2,0,1,2,32.8,35.605,41,23.9994,85,715,800,12061110.,05PM00.,06,17,1
2012-06-11 18:00:00,2,0,1,2,32.8,36.365,43,19.9995,105,726,831,12061110.,06PM00.,06,18,1
2012-06-11 19:00:00,2,0,1,2,31.16,34.09,48,22.0028,89,507,596,12061110.,07PM00.,06,19,1
2012-06-11 20:00:00,2,0,1,2,30.34,33.335,48,15.0013,61,333,394,12061110.,08PM00.,06,20,1
2012-06-11 21:00:00,2,0,1,2,29.52,33.335,58,12.998,32,218,250,12061110.,09PM00.,06,21,1
2012-06-11 22:00:00,2,0,1,2,29.52,33.335,58,12.998,22,142,164,12061110.,10PM00.,06,22,1
2012-06-11 23:00:00,2,0,1,2,28.7,32.575,58,15.0013,8,72,80,12061110.,11PM00.,06,23,1
2012-06-12 00:00:00,2,0,1,2,28.7,32.575,58,15.0013,2,26,28,12061210.,12AM00.,06,00,2
2012-06-12 01:00:00,2,0,1,2,27.88,31.82,65,11.0014,5,11,16,12061210.,01AM00.,06,01,2
2012-06-12 02:00:00,2,0,1,2,27.88,31.82,65,12.998,0,6,6,12061210.,02AM00.,06,02,2
2012-06-12 03:00:00,2,0,1,2,27.06,31.06,69,16.9979,3,9,12,12061210.,03AM00.,06,03,2
2012-06-12 04:00:00,2,0,1,3,24.6,27.275,88,11.0014,0,4,4,12061210.,04AM00.,06,04,2
2012-06-12 05:00:00,2,0,1,3,24.6,27.275,88,8.9981,1,28,29,12061210.,05AM00.,06,05,2
2012-06-12 06:00:00,2,0,1,2,24.6,27.275,88,8.9981,6,130,136,12061210.,06AM00.,06,06,2
2012-06-12 07:00:00,2,0,1,3,25.42,28.03,88,16.9979,16,287,303,12061210.,07AM00.,06,07,2
2012-06-12 08:00:00,2,0,1,2,25.42,28.03,88,15.0013,15,598,613,12061210.,08AM00.,06,08,2
2012-06-12 09:00:00,2,0,1,2,26.24,28.79,89,19.0012,31,254,285,12061210.,09AM00.,06,09,2
2012-06-12 10:00:00,2,0,1,3,26.24,28.79,89,19.0012,29,96,125,12061210.,10AM00.,06,10,2
2012-06-12 11:00:00,2,0,1,3,27.06,30.305,83,23.9994,8,57,65,12061210.,11AM00.,06,11,2
2012-06-12 12:00:00,2,0,1,3,27.06,30.305,83,16.9979,19,76,95,12061210.,12PM00.,06,12,2
2012-06-12 13:00:00,2,0,1,3,27.06,30.305,83,12.998,11,48,59,12061210.,01PM00.,06,13,2
2012-06-12 14:00:00,2,0,1,3,26.24,28.79,89,16.9979,12,48,60,12061210.,02PM00.,06,14,2
2012-06-12 15:00:00,2,0,1,3,27.06,29.545,89,12.998,22,94,116,12061210.,03PM00.,06,15,2
2012-06-12 16:00:00,2,0,1,2,27.06,29.545,89,19.0012,30,209,239,12061210.,04PM00.,06,16,2
2012-06-12 17:00:00,2,0,1,2,27.06,29.545,89,19.0012,56,625,681,12061210.,05PM00.,06,17,2
2012-06-12 18:00:00,2,0,1,1,27.88,31.82,83,12.998,57,596,653,12061210.,06PM00.,06,18,2
2012-06-12 19:00:00,2,0,1,1,27.88,31.82,83,12.998,47,444,491,12061210.,07PM00.,06,19,2
2012-06-12 20:00:00,2,0,1,1,27.88,31.82,83,12.998,36,350,386,12061210.,08PM00.,06,20,2
2012-06-12 21:00:00,2,0,1,1,27.88,31.82,83,7.0015,41,233,274,12061210.,09PM00.,06,21,2
2012-06-12 22:00:00,2,0,1,1,27.06,29.545,94,7.0015,19,188,207,12061210.,10PM00.,06,22,2
2012-06-12 23:00:00,2,0,1,3,27.06,29.545,94,15.0013,11,78,89,12061210.,11PM00.,06,23,2
2012-06-13 00:00:00,2,0,1,2,27.06,29.545,94,12.998,7,27,34,12061310.,12AM00.,06,00,3
2012-06-13 01:00:00,2,0,1,1,26.24,29.545,78,0.0,7,21,28,12061310.,01AM00.,06,01,3
2012-06-13 02:00:00,2,0,1,1,25.42,28.79,83,8.9981,0,4,4,12061310.,02AM00.,06,02,3
2012-06-13 03:00:00,2,0,1,1,25.42,28.79,83,12.998,1,7,8,12061310.,03AM00.,06,03,3
2012-06-13 04:00:00,2,0,1,1,24.6,28.03,83,8.9981,1,9,10,12061310.,04AM00.,06,04,3
2012-06-13 05:00:00,2,0,1,1,24.6,28.03,83,12.998,2,38,40,12061310.,05AM00.,06,05,3
2012-06-13 06:00:00,2,0,1,1,24.6,28.03,83,15.0013,6,188,194,12061310.,06AM00.,06,06,3
2012-06-13 07:00:00,2,0,1,1,24.6,28.03,83,19.9995,25,480,505,12061310.,07AM00.,06,07,3
2012-06-13 08:00:00,2,0,1,2,25.42,29.545,73,35.0008,41,672,713,12061310.,08AM00.,06,08,3
2012-06-13 09:00:00,2,0,1,2,26.24,30.305,69,39.0007,54,298,352,12061310.,09AM00.,06,09,3
2012-06-13 10:00:00,2,0,1,2,26.24,30.305,65,27.9993,64,134,198,12061310.,10AM00.,06,10,3
2012-06-13 11:00:00,2,0,1,2,27.06,31.06,54,30.0026,64,182,246,12061310.,11AM00.,06,11,3
2012-06-13 12:00:00,2,0,1,2,27.88,31.82,44,27.9993,93,241,334,12061310.,12PM00.,06,12,3
2012-06-13 13:00:00,2,0,1,2,28.7,31.82,45,26.0027,52,203,255,12061310.,01PM00.,06,13,3
2012-06-13 14:00:00,2,0,1,2,29.52,32.575,37,27.9993,98,222,320,12061310.,02PM00.,06,14,3
2012-06-13 15:00:00,2,0,1,1,29.52,32.575,32,32.9975,65,216,281,12061310.,03PM00.,06,15,3
2012-06-13 16:00:00,2,0,1,1,29.52,32.575,30,32.9975,72,320,392,12061310.,04PM00.,06,16,3
2012-06-13 17:00:00,2,0,1,1,29.52,32.575,32,32.9975,75,782,857,12061310.,05PM00.,06,17,3
2012-06-13 18:00:00,2,0,1,1,29.52,32.575,32,30.0026,104,640,744,12061310.,06PM00.,06,18,3
2012-06-13 19:00:00,2,0,1,1,28.7,31.82,34,26.0027,123,548,671,12061310.,07PM00.,06,19,3
2012-06-13 20:00:00,2,0,1,1,27.88,31.82,36,27.9993,86,362,448,12061310.,08PM00.,06,20,3
2012-06-13 21:00:00,2,0,1,1,26.24,31.06,44,23.9994,79,317,396,12061310.,09PM00.,06,21,3
2012-06-13 22:00:00,2,0,1,1,25.42,31.06,50,19.9995,29,209,238,12061310.,10PM00.,06,22,3
2012-06-13 23:00:00,2,0,1,1,25.42,31.06,50,19.0012,25,128,153,12061310.,11PM00.,06,23,3
2012-06-14 00:00:00,2,0,1,1,24.6,31.06,53,19.9995,3,45,48,12061410.,12AM00.,06,00,4
2012-06-14 01:00:00,2,0,1,1,24.6,31.06,56,15.0013,4,17,21,12061410.,01AM00.,06,01,4
2012-06-14 02:00:00,2,0,1,2,25.42,31.06,53,16.9979,1,8,9,12061410.,02AM00.,06,02,4
2012-06-14 03:00:00,2,0,1,2,25.42,31.06,53,19.0012,1,4,5,12061410.,03AM00.,06,03,4
2012-06-14 04:00:00,2,0,1,2,24.6,31.06,56,16.9979,0,6,6,12061410.,04AM00.,06,04,4
2012-06-14 05:00:00,2,0,1,2,24.6,31.06,56,16.9979,0,40,40,12061410.,05AM00.,06,05,4
2012-06-14 06:00:00,2,0,1,1,23.78,27.275,60,19.0012,12,169,181,12061410.,06AM00.,06,06,4
2012-06-14 07:00:00,2,0,1,1,24.6,30.305,60,19.0012,26,480,506,12061410.,07AM00.,06,07,4
2012-06-14 08:00:00,2,0,1,1,24.6,30.305,64,22.0028,37,682,719,12061410.,08AM00.,06,08,4
2012-06-14 09:00:00,2,0,1,1,25.42,30.305,61,15.0013,45,312,357,12061410.,09AM00.,06,09,4
2012-06-14 10:00:00,2,0,1,1,26.24,30.305,65,27.9993,47,132,179,12061410.,10AM00.,06,10,4
2012-06-14 11:00:00,2,0,1,1,27.06,31.06,57,16.9979,60,168,228,12061410.,11AM00.,06,11,4
2012-06-14 12:00:00,2,0,1,2,27.06,31.06,61,15.0013,55,210,265,12061410.,12PM00.,06,12,4
2012-06-14 13:00:00,2,0,1,1,27.88,31.82,57,11.0014,71,213,284,12061410.,01PM00.,06,13,4
2012-06-14 14:00:00,2,0,1,1,28.7,32.575,54,19.0012,84,214,298,12061410.,02PM00.,06,14,4
2012-06-14 15:00:00,2,0,1,1,30.34,33.335,48,19.9995,111,213,324,12061410.,03PM00.,06,15,4
2012-06-14 16:00:00,2,0,1,1,29.52,33.335,51,19.0012,70,368,438,12061410.,04PM00.,06,16,4
2012-06-14 17:00:00,2,0,1,1,29.52,33.335,48,15.0013,117,750,867,12061410.,05PM00.,06,17,4
2012-06-14 18:00:00,2,0,1,1,30.34,33.335,42,12.998,107,716,823,12061410.,06PM00.,06,18,4
2012-06-14 19:00:00,2,0,1,1,28.7,32.575,48,16.9979,96,483,579,12061410.,07PM00.,06,19,4
2012-06-14 20:00:00,2,0,1,1,27.06,31.06,65,16.9979,84,351,435,12061410.,08PM00.,06,20,4
2012-06-14 21:00:00,2,0,1,1,26.24,30.305,65,11.0014,67,270,337,12061410.,09PM00.,06,21,4
2012-06-14 22:00:00,2,0,1,2,26.24,30.305,65,15.0013,46,196,242,12061410.,10PM00.,06,22,4
2012-06-14 23:00:00,2,0,1,2,25.42,30.305,69,11.0014,36,136,172,12061410.,11PM00.,06,23,4
2012-06-15 00:00:00,2,0,1,1,24.6,29.545,73,11.0014,26,68,94,12061510.,12AM00.,06,00,5
2012-06-15 01:00:00,2,0,1,1,23.78,27.275,78,12.998,9,42,51,12061510.,01AM00.,06,01,5
2012-06-15 02:00:00,2,0,1,1,22.96,26.515,83,7.0015,0,15,15,12061510.,02AM00.,06,02,5
2012-06-15 03:00:00,2,0,1,1,22.96,26.515,83,11.0014,2,3,5,12061510.,03AM00.,06,03,5
2012-06-15 04:00:00,2,0,1,1,22.96,26.515,83,11.0014,1,13,14,12061510.,04AM00.,06,04,5
2012-06-15 05:00:00,2,0,1,1,22.14,25.76,88,7.0015,2,31,33,12061510.,05AM00.,06,05,5
2012-06-15 06:00:00,2,0,1,1,22.14,25.76,83,8.9981,9,142,151,12061510.,06AM00.,06,06,5
2012-06-15 07:00:00,2,0,1,1,22.96,26.515,83,11.0014,17,413,430,12061510.,07AM00.,06,07,5
2012-06-15 08:00:00,2,0,1,1,24.6,29.545,69,11.0014,44,609,653,12061510.,08AM00.,06,08,5
2012-06-15 09:00:00,2,0,1,1,25.42,30.305,65,11.0014,58,308,366,12061510.,09AM00.,06,09,5
2012-06-15 10:00:00,2,0,1,1,26.24,31.06,57,11.0014,56,160,216,12061510.,10AM00.,06,10,5
2012-06-15 11:00:00,2,0,1,1,27.06,31.06,50,12.998,106,180,286,12061510.,11AM00.,06,11,5
2012-06-15 12:00:00,2,0,1,1,28.7,31.82,45,11.0014,111,292,403,12061510.,12PM00.,06,12,5
2012-06-15 13:00:00,2,0,1,1,28.7,31.82,42,16.9979,121,272,393,12061510.,01PM00.,06,13,5
2012-06-15 14:00:00,2,0,1,1,29.52,32.575,39,12.998,121,255,376,12061510.,02PM00.,06,14,5
2012-06-15 15:00:00,2,0,1,1,29.52,32.575,39,12.998,107,270,377,12061510.,03PM00.,06,15,5
2012-06-15 16:00:00,2,0,1,1,29.52,32.575,37,12.998,132,426,558,12061510.,04PM00.,06,16,5
2012-06-15 17:00:00,2,0,1,1,30.34,32.575,37,19.0012,125,698,823,12061510.,05PM00.,06,17,5
2012-06-15 18:00:00,2,0,1,1,29.52,32.575,39,15.0013,121,572,693,12061510.,06PM00.,06,18,5
2012-06-15 19:00:00,2,0,1,1,28.7,31.82,42,11.0014,98,369,467,12061510.,07PM00.,06,19,5
2012-06-15 20:00:00,2,0,1,1,27.88,31.82,44,12.998,89,296,385,12061510.,08PM00.,06,20,5
2012-06-15 21:00:00,2,0,1,1,27.06,31.06,50,7.0015,83,250,333,12061510.,09PM00.,06,21,5
2012-06-15 22:00:00,2,0,1,1,26.24,31.06,53,8.9981,79,242,321,12061510.,10PM00.,06,22,5
2012-06-15 23:00:00,2,0,1,1,25.42,31.06,53,16.9979,46,176,222,12061510.,11PM00.,06,23,5
2012-06-16 00:00:00,2,0,0,1,23.78,27.275,56,8.9981,25,112,137,12061610.,12AM00.,06,00,6
2012-06-16 01:00:00,2,0,0,1,22.96,26.515,56,0.0,16,79,95,12061610.,01AM00.,06,01,6
2012-06-16 02:00:00,2,0,0,1,23.78,27.275,53,0.0,12,55,67,12061610.,02AM00.,06,02,6
2012-06-16 03:00:00,2,0,0,1,22.96,26.515,60,6.0032,8,19,27,12061610.,03AM00.,06,03,6
2012-06-16 04:00:00,2,0,0,1,22.14,25.76,68,8.9981,3,5,8,12061610.,04AM00.,06,04,6
2012-06-16 05:00:00,2,0,0,1,22.14,25.76,68,7.0015,2,21,23,12061610.,05AM00.,06,05,6
2012-06-16 06:00:00,2,0,0,1,22.14,25.76,68,12.998,11,36,47,12061610.,06AM00.,06,06,6
2012-06-16 07:00:00,2,0,0,1,22.14,25.76,68,12.998,10,68,78,12061610.,07AM00.,06,07,6
2012-06-16 08:00:00,2,0,0,1,23.78,27.275,64,11.0014,47,157,204,12061610.,08AM00.,06,08,6
2012-06-16 09:00:00,2,0,0,1,24.6,30.305,60,6.0032,88,279,367,12061610.,09AM00.,06,09,6
2012-06-16 10:00:00,2,0,0,1,26.24,31.06,47,12.998,139,296,435,12061610.,10AM00.,06,10,6
2012-06-16 11:00:00,2,0,0,1,27.06,31.06,39,11.0014,213,353,566,12061610.,11AM00.,06,11,6
2012-06-16 12:00:00,2,0,0,1,27.88,31.82,41,7.0015,254,349,603,12061610.,12PM00.,06,12,6
2012-06-16 13:00:00,2,0,0,1,29.52,32.575,34,11.0014,293,324,617,12061610.,01PM00.,06,13,6
2012-06-16 14:00:00,2,0,0,1,29.52,32.575,37,15.0013,264,309,573,12061610.,02PM00.,06,14,6
2012-06-16 15:00:00,2,0,0,1,30.34,32.575,35,16.9979,295,288,583,12061610.,03PM00.,06,15,6
2012-06-16 16:00:00,2,0,0,2,29.52,32.575,37,7.0015,238,304,542,12061610.,04PM00.,06,16,6
2012-06-16 17:00:00,2,0,0,2,29.52,32.575,37,16.9979,244,349,593,12061610.,05PM00.,06,17,6
2012-06-16 18:00:00,2,0,0,2,29.52,32.575,37,15.0013,256,315,571,12061610.,06PM00.,06,18,6
2012-06-16 19:00:00,2,0,0,2,28.7,31.82,42,12.998,184,277,461,12061610.,07PM00.,06,19,6
2012-06-16 20:00:00,2,0,0,2,27.06,31.06,47,12.998,123,229,352,12061610.,08PM00.,06,20,6
2012-06-16 21:00:00,2,0,0,2,26.24,31.06,50,15.0013,98,192,290,12061610.,09PM00.,06,21,6
2012-06-16 22:00:00,2,0,0,1,25.42,31.06,53,19.9995,91,189,280,12061610.,10PM00.,06,22,6
2012-06-16 23:00:00,2,0,0,1,24.6,31.06,53,19.9995,49,134,183,12061610.,11PM00.,06,23,6
2012-06-17 00:00:00,2,0,0,1,22.96,26.515,56,8.9981,31,117,148,12061710.,12AM00.,06,00,7
2012-06-17 01:00:00,2,0,0,1,22.96,26.515,60,11.0014,21,67,88,12061710.,01AM00.,06,01,7
2012-06-17 02:00:00,2,0,0,1,22.96,26.515,56,6.0032,19,55,74,12061710.,02AM00.,06,02,7
2012-06-17 03:00:00,2,0,0,1,22.14,25.76,64,7.0015,6,22,28,12061710.,03AM00.,06,03,7
2012-06-17 04:00:00,2,0,0,1,22.14,25.76,64,6.0032,2,16,18,12061710.,04AM00.,06,04,7
2012-06-17 05:00:00,2,0,0,1,22.14,25.76,68,8.9981,4,13,17,12061710.,05AM00.,06,05,7
2012-06-17 06:00:00,2,0,0,1,21.32,25.0,72,7.0015,7,16,23,12061710.,06AM00.,06,06,7
2012-06-17 07:00:00,2,0,0,1,21.32,25.0,72,6.0032,18,30,48,12061710.,07AM00.,06,07,7
2012-06-17 08:00:00,2,0,0,1,22.96,26.515,68,16.9979,24,95,119,12061710.,08AM00.,06,08,7
2012-06-17 09:00:00,2,0,0,1,22.96,26.515,68,11.0014,91,183,274,12061710.,09AM00.,06,09,7
2012-06-17 10:00:00,2,0,0,1,23.78,27.275,64,0.0,148,288,436,12061710.,10AM00.,06,10,7
2012-06-17 11:00:00,2,0,0,1,25.42,31.06,57,7.0015,196,350,546,12061710.,11AM00.,06,11,7
2012-06-17 12:00:00,2,0,0,1,25.42,31.06,57,0.0,260,355,615,12061710.,12PM00.,06,12,7
2012-06-17 13:00:00,2,0,0,1,26.24,31.06,53,11.0014,267,347,614,12061710.,01PM00.,06,13,7
2012-06-17 14:00:00,2,0,0,1,26.24,31.06,53,0.0,255,327,582,12061710.,02PM00.,06,14,7
2012-06-17 15:00:00,2,0,0,1,27.06,31.06,50,15.0013,203,260,463,12061710.,03PM00.,06,15,7
2012-06-17 16:00:00,2,0,0,1,27.06,31.06,54,19.9995,240,340,580,12061710.,04PM00.,06,16,7
2012-06-17 17:00:00,2,0,0,1,26.24,31.06,57,15.0013,232,361,593,12061710.,05PM00.,06,17,7
2012-06-17 18:00:00,2,0,0,1,26.24,31.06,53,12.998,203,310,513,12061710.,06PM00.,06,18,7
2012-06-17 19:00:00,2,0,0,1,26.24,31.06,53,11.0014,146,244,390,12061710.,07PM00.,06,19,7
2012-06-17 20:00:00,2,0,0,1,25.42,31.06,57,12.998,101,201,302,12061710.,08PM00.,06,20,7
2012-06-17 21:00:00,2,0,0,1,25.42,31.06,57,12.998,76,170,246,12061710.,09PM00.,06,21,7
2012-06-17 22:00:00,2,0,0,1,24.6,30.305,60,12.998,55,98,153,12061710.,10PM00.,06,22,7
2012-06-17 23:00:00,2,0,0,1,23.78,27.275,64,12.998,29,79,108,12061710.,11PM00.,06,23,7
2012-06-18 00:00:00,2,0,1,1,22.96,26.515,73,16.9979,12,28,40,12061810.,12AM00.,06,00,1
2012-06-18 01:00:00,2,0,1,1,22.14,25.76,77,15.0013,9,5,14,12061810.,01AM00.,06,01,1
2012-06-18 02:00:00,2,0,1,1,22.14,25.76,77,15.0013,3,6,9,12061810.,02AM00.,06,02,1
2012-06-18 03:00:00,2,0,1,2,21.32,25.0,83,15.0013,1,3,4,12061810.,03AM00.,06,03,1
2012-06-18 04:00:00,2,0,1,2,22.14,25.76,77,12.998,0,9,9,12061810.,04AM00.,06,04,1
2012-06-18 05:00:00,2,0,1,3,21.32,25.0,83,8.9981,1,22,23,12061810.,05AM00.,06,05,1
2012-06-18 06:00:00,2,0,1,3,21.32,25.0,88,8.9981,0,37,37,12061810.,06AM00.,06,06,1
2012-06-18 07:00:00,2,0,1,3,21.32,25.0,94,15.0013,10,135,145,12061810.,07AM00.,06,07,1
2012-06-18 08:00:00,2,0,1,2,22.14,25.76,83,12.998,27,447,474,12061810.,08AM00.,06,08,1
2012-06-18 09:00:00,2,0,1,2,22.14,25.76,83,15.0013,28,222,250,12061810.,09AM00.,06,09,1
2012-06-18 10:00:00,2,0,1,3,22.14,25.76,88,7.0015,13,78,91,12061810.,10AM00.,06,10,1
2012-06-18 11:00:00,2,0,1,2,22.14,25.76,88,11.0014,25,96,121,12061810.,11AM00.,06,11,1
2012-06-18 12:00:00,2,0,1,3,22.96,26.515,78,8.9981,29,139,168,12061810.,12PM00.,06,12,1
2012-06-18 13:00:00,2,0,1,2,23.78,27.275,73,8.9981,51,174,225,12061810.,01PM00.,06,13,1
2012-06-18 14:00:00,2,0,1,2,23.78,27.275,68,12.998,59,160,219,12061810.,02PM00.,06,14,1
2012-06-18 15:00:00,2,0,1,2,24.6,29.545,69,12.998,61,176,237,12061810.,03PM00.,06,15,1
2012-06-18 16:00:00,2,0,1,2,24.6,29.545,73,12.998,53,279,332,12061810.,04PM00.,06,16,1
2012-06-18 17:00:00,2,0,1,2,24.6,29.545,73,12.998,54,669,723,12061810.,05PM00.,06,17,1
2012-06-18 18:00:00,2,0,1,2,25.42,30.305,69,11.0014,47,595,642,12061810.,06PM00.,06,18,1
2012-06-18 19:00:00,2,0,1,2,25.42,29.545,73,6.0032,52,411,463,12061810.,07PM00.,06,19,1
2012-06-18 20:00:00,2,0,1,2,25.42,29.545,73,8.9981,45,317,362,12061810.,08PM00.,06,20,1
2012-06-18 21:00:00,2,0,1,2,25.42,29.545,73,7.0015,35,238,273,12061810.,09PM00.,06,21,1
2012-06-18 22:00:00,2,0,1,2,25.42,29.545,73,11.0014,21,143,164,12061810.,10PM00.,06,22,1
2012-06-18 23:00:00,2,0,1,3,24.6,28.79,78,12.998,17,57,74,12061810.,11PM00.,06,23,1
2012-06-19 00:00:00,2,0,1,2,24.6,28.79,78,11.0014,5,30,35,12061910.,12AM00.,06,00,2
2012-06-19 01:00:00,2,0,1,2,24.6,28.79,78,11.0014,1,13,14,12061910.,01AM00.,06,01,2
2012-06-19 02:00:00,2,0,1,2,24.6,28.79,78,8.9981,1,14,15,12061910.,02AM00.,06,02,2
2012-06-19 03:00:00,2,0,1,2,24.6,28.79,78,7.0015,1,7,8,12061910.,03AM00.,06,03,2
2012-06-19 04:00:00,2,0,1,2,24.6,28.79,78,8.9981,1,9,10,12061910.,04AM00.,06,04,2
2012-06-19 05:00:00,2,0,1,2,24.6,28.79,78,12.998,3,34,37,12061910.,05AM00.,06,05,2
2012-06-19 06:00:00,2,0,1,2,24.6,28.79,78,7.0015,9,152,161,12061910.,06AM00.,06,06,2
2012-06-19 07:00:00,2,0,1,2,24.6,28.79,78,8.9981,18,462,480,12061910.,07AM00.,06,07,2
2012-06-19 08:00:00,2,0,1,2,24.6,28.79,78,11.0014,40,633,673,12061910.,08AM00.,06,08,2
2012-06-19 09:00:00,2,0,1,1,26.24,30.305,73,6.0032,40,288,328,12061910.,09AM00.,06,09,2
2012-06-19 10:00:00,2,0,1,1,26.24,30.305,73,6.0032,44,136,180,12061910.,10AM00.,06,10,2
2012-06-19 11:00:00,2,0,1,1,27.06,31.06,69,8.9981,56,174,230,12061910.,11AM00.,06,11,2
2012-06-19 12:00:00,2,0,1,1,28.7,32.575,65,6.0032,70,222,292,12061910.,12PM00.,06,12,2
2012-06-19 13:00:00,2,0,1,1,30.34,34.09,58,8.9981,69,203,272,12061910.,01PM00.,06,13,2
2012-06-19 14:00:00,2,0,1,1,31.16,35.605,58,7.0015,61,166,227,12061910.,02PM00.,06,14,2
2012-06-19 15:00:00,2,0,1,1,31.98,37.12,59,11.0014,72,187,259,12061910.,03PM00.,06,15,2
2012-06-19 16:00:00,2,0,1,1,32.8,37.88,55,15.0013,48,286,334,12061910.,04PM00.,06,16,2
2012-06-19 17:00:00,2,0,1,1,32.8,37.88,55,12.998,86,725,811,12061910.,05PM00.,06,17,2
2012-06-19 18:00:00,2,0,1,1,32.8,37.88,55,11.0014,91,704,795,12061910.,06PM00.,06,18,2
2012-06-19 19:00:00,2,0,1,1,32.8,38.635,59,15.0013,82,432,514,12061910.,07PM00.,06,19,2
2012-06-19 20:00:00,2,0,1,1,32.8,37.88,55,16.9979,59,399,458,12061910.,08PM00.,06,20,2
2012-06-19 21:00:00,2,0,1,1,31.16,35.605,62,11.0014,37,239,276,12061910.,09PM00.,06,21,2
2012-06-19 22:00:00,2,0,1,1,29.52,34.85,79,6.0032,51,240,291,12061910.,10PM00.,06,22,2
2012-06-19 23:00:00,2,0,1,1,29.52,34.85,79,8.9981,23,102,125,12061910.,11PM00.,06,23,2
2012-07-01 00:00:00,3,0,0,1,31.16,36.365,66,0.0,27,122,149,12070110.,12AM00.,07,00,7
2012-07-01 01:00:00,3,0,0,1,30.34,34.85,70,8.9981,12,81,93,12070110.,01AM00.,07,01,7
2012-07-01 02:00:00,3,0,0,1,29.52,34.85,74,6.0032,21,69,90,12070110.,02AM00.,07,02,7
2012-07-01 03:00:00,3,0,0,1,29.52,35.605,84,8.9981,6,27,33,12070110.,03AM00.,07,03,7
2012-07-01 04:00:00,3,0,0,1,28.7,33.335,79,12.998,0,4,4,12070110.,04AM00.,07,04,7
2012-07-01 05:00:00,3,0,0,1,27.88,31.82,79,7.0015,3,7,10,12070110.,05AM00.,07,05,7
2012-07-01 06:00:00,3,0,0,1,28.7,33.335,79,6.0032,8,19,27,12070110.,06AM00.,07,06,7
2012-07-01 07:00:00,3,0,0,1,30.34,34.85,70,0.0,13,37,50,12070110.,07AM00.,07,07,7
2012-07-01 08:00:00,3,0,0,1,31.98,37.12,62,7.0015,36,106,142,12070110.,08AM00.,07,08,7
2012-07-01 09:00:00,3,0,0,1,33.62,39.395,56,0.0,51,168,219,12070110.,09AM00.,07,09,7
2012-07-01 10:00:00,3,0,0,1,35.26,39.395,44,19.9995,98,268,366,12070110.,10AM00.,07,10,7
2012-07-01 11:00:00,3,0,0,1,36.08,40.15,39,15.0013,121,256,377,12070110.,11AM00.,07,11,7
2012-07-01 12:00:00,3,0,0,1,36.9,40.91,37,15.0013,114,319,433,12070110.,12PM00.,07,12,7
2012-07-01 13:00:00,3,0,0,1,37.72,41.665,33,16.9979,111,309,420,12070110.,01PM00.,07,13,7
2012-07-01 14:00:00,3,0,0,1,37.72,41.665,33,16.9979,98,346,444,12070110.,02PM00.,07,14,7
2012-07-01 15:00:00,3,0,0,1,36.9,40.91,37,19.0012,101,244,345,12070110.,03PM00.,07,15,7
2012-07-01 16:00:00,3,0,0,1,37.72,41.665,33,19.9995,85,228,313,12070110.,04PM00.,07,16,7
2012-07-01 17:00:00,3,0,0,1,37.72,40.15,26,19.9995,90,323,413,12070110.,05PM00.,07,17,7
2012-07-01 18:00:00,3,0,0,1,36.08,38.635,32,23.9994,95,275,370,12070110.,06PM00.,07,18,7
2012-07-01 19:00:00,3,0,0,1,34.44,37.12,39,8.9981,103,279,382,12070110.,07PM00.,07,19,7
2012-07-01 20:00:00,3,0,0,1,34.44,37.12,39,8.9981,88,244,332,12070110.,08PM00.,07,20,7
2012-07-01 21:00:00,3,0,0,1,34.44,37.12,39,8.9981,77,181,258,12070110.,09PM00.,07,21,7
2012-07-01 22:00:00,3,0,0,1,33.62,37.12,43,8.9981,41,110,151,12070110.,10PM00.,07,22,7
2012-07-01 23:00:00,3,0,0,3,31.98,35.605,52,11.0014,22,88,110,12070110.,11PM00.,07,23,7
2012-07-02 00:00:00,3,0,1,2,31.16,35.605,58,15.0013,12,31,43,12070210.,12AM00.,07,00,1
2012-07-02 01:00:00,3,0,1,2,31.16,35.605,58,12.998,3,14,17,12070210.,01AM00.,07,01,1
2012-07-02 02:00:00,3,0,1,2,30.34,33.335,51,16.9979,1,14,15,12070210.,02AM00.,07,02,1
2012-07-02 03:00:00,3,0,1,2,29.52,33.335,54,27.9993,0,5,5,12070210.,03AM00.,07,03,1
2012-07-02 04:00:00,3,0,1,2,29.52,33.335,54,19.9995,2,10,12,12070210.,04AM00.,07,04,1
2012-07-02 05:00:00,3,0,1,2,29.52,33.335,51,0.0,3,37,40,12070210.,05AM00.,07,05,1
2012-07-02 06:00:00,3,0,1,1,28.7,32.575,58,7.0015,4,132,136,12070210.,06AM00.,07,06,1
2012-07-02 07:00:00,3,0,1,1,30.34,33.335,51,7.0015,8,390,398,12070210.,07AM00.,07,07,1
2012-07-02 08:00:00,3,0,1,1,31.16,34.85,52,12.998,20,548,568,12070210.,08AM00.,07,08,1
2012-07-02 09:00:00,3,0,1,1,31.98,34.85,46,16.9979,56,239,295,12070210.,09AM00.,07,09,1
2012-07-02 10:00:00,3,0,1,1,32.8,36.365,43,16.9979,70,104,174,12070210.,10AM00.,07,10,1
2012-07-02 11:00:00,3,0,1,1,34.44,36.365,28,19.9995,67,134,201,12070210.,11AM00.,07,11,1
2012-07-02 12:00:00,3,0,1,1,34.44,36.365,32,12.998,74,183,257,12070210.,12PM00.,07,12,1
2012-07-02 13:00:00,3,0,1,1,35.26,37.88,34,15.0013,74,162,236,12070210.,01PM00.,07,13,1
2012-07-02 14:00:00,3,0,1,1,35.26,37.88,34,15.0013,79,151,230,12070210.,02PM00.,07,14,1
2012-07-02 15:00:00,3,0,1,1,34.44,37.12,36,12.998,59,175,234,12070210.,03PM00.,07,15,1
2012-07-02 16:00:00,3,0,1,1,34.44,37.12,36,19.0012,61,304,365,12070210.,04PM00.,07,16,1
2012-07-02 17:00:00,3,0,1,1,34.44,36.365,32,8.9981,82,665,747,12070210.,05PM00.,07,17,1
2012-07-02 18:00:00,3,0,1,1,34.44,36.365,32,11.0014,72,658,730,12070210.,06PM00.,07,18,1
2012-07-02 19:00:00,3,0,1,1,31.98,34.85,43,8.9981,71,510,581,12070210.,07PM00.,07,19,1
2012-07-02 20:00:00,3,0,1,1,31.98,34.85,43,8.9981,38,357,395,12070210.,08PM00.,07,20,1
2012-07-02 21:00:00,3,0,1,1,31.16,34.09,45,8.9981,17,241,258,12070210.,09PM00.,07,21,1
2012-07-02 22:00:00,3,0,1,1,30.34,33.335,51,11.0014,19,169,188,12070210.,10PM00.,07,22,1
2012-07-02 23:00:00,3,0,1,1,30.34,33.335,51,7.0015,12,90,102,12070210.,11PM00.,07,23,1
2012-07-03 00:00:00,3,0,1,1,29.52,33.335,54,0.0,9,44,53,12070310.,12AM00.,07,00,2
2012-07-03 01:00:00,3,0,1,1,29.52,33.335,58,0.0,5,9,14,12070310.,01AM00.,07,01,2
2012-07-03 02:00:00,3,0,1,1,29.52,33.335,58,0.0,2,8,10,12070310.,02AM00.,07,02,2
2012-07-03 03:00:00,3,0,1,1,28.7,32.575,65,8.9981,0,2,2,12070310.,03AM00.,07,03,2
2012-07-03 04:00:00,3,0,1,1,27.88,31.82,65,7.0015,0,6,6,12070310.,04AM00.,07,04,2
2012-07-03 05:00:00,3,0,1,1,28.7,32.575,61,0.0,2,33,35,12070310.,05AM00.,07,05,2
2012-07-03 06:00:00,3,0,1,1,28.7,32.575,65,8.9981,5,149,154,12070310.,06AM00.,07,06,2
2012-07-03 07:00:00,3,0,1,1,30.34,34.09,58,0.0,21,462,483,12070310.,07AM00.,07,07,2
2012-07-03 08:00:00,3,0,1,1,30.34,34.09,62,6.0032,42,604,646,12070310.,08AM00.,07,08,2
2012-07-03 09:00:00,3,0,1,1,32.8,37.12,49,11.0014,46,226,272,12070310.,09AM00.,07,09,2
2012-07-03 10:00:00,3,0,1,1,33.62,37.12,43,15.0013,56,153,209,12070310.,10AM00.,07,10,2
2012-07-03 11:00:00,3,0,1,1,35.26,37.88,34,12.998,66,151,217,12070310.,11AM00.,07,11,2
2012-07-03 12:00:00,3,0,1,1,36.08,37.88,28,12.998,74,198,272,12070310.,12PM00.,07,12,2
2012-07-03 13:00:00,3,0,1,1,36.9,38.635,25,8.9981,80,203,283,12070310.,01PM00.,07,13,2
2012-07-03 14:00:00,3,0,1,1,36.9,38.635,25,12.998,69,241,310,12070310.,02PM00.,07,14,2
2012-07-03 15:00:00,3,0,1,2,36.9,38.635,24,0.0,71,330,401,12070310.,03PM00.,07,15,2
2012-07-03 16:00:00,3,0,1,2,36.9,38.635,24,12.998,90,437,527,12070310.,04PM00.,07,16,2
2012-07-03 17:00:00,3,0,1,2,35.26,37.12,30,11.0014,102,620,722,12070310.,05PM00.,07,17,2
2012-07-03 18:00:00,3,0,1,2,35.26,37.12,30,0.0,85,542,627,12070310.,06PM00.,07,18,2
2012-07-03 19:00:00,3,0,1,2,34.44,37.12,36,8.9981,66,431,497,12070310.,07PM00.,07,19,2
2012-07-03 20:00:00,3,0,1,3,31.16,34.85,55,32.9975,80,296,376,12070310.,08PM00.,07,20,2
2012-07-03 21:00:00,3,0,1,2,28.7,32.575,70,19.0012,36,160,196,12070310.,09PM00.,07,21,2
2012-07-03 22:00:00,3,0,1,1,27.88,31.82,79,12.998,26,151,177,12070310.,10PM00.,07,22,2
2012-07-03 23:00:00,3,0,1,1,27.06,30.305,83,0.0,19,152,171,12070310.,11PM00.,07,23,2
2012-07-04 00:00:00,3,1,0,1,27.88,31.82,79,6.0032,19,140,159,12070410.,12AM00.,07,00,3
2012-07-04 01:00:00,3,1,0,1,27.88,31.82,74,0.0,27,96,123,12070410.,01AM00.,07,01,3
2012-07-04 02:00:00,3,1,0,1,27.06,30.305,83,8.9981,27,66,93,12070410.,02AM00.,07,02,3
2012-07-04 03:00:00,3,1,0,1,27.88,31.82,74,12.998,9,23,32,12070410.,03AM00.,07,03,3
2012-07-04 04:00:00,3,1,0,1,27.88,31.82,69,16.9979,5,11,16,12070410.,04AM00.,07,04,3
2012-07-04 05:00:00,3,1,0,1,27.06,31.06,69,0.0,5,14,19,12070410.,05AM00.,07,05,3
2012-07-04 06:00:00,3,1,0,1,27.06,31.06,69,0.0,9,23,32,12070410.,06AM00.,07,06,3
2012-07-04 07:00:00,3,1,0,1,27.88,31.82,65,0.0,10,62,72,12070410.,07AM00.,07,07,3
2012-07-04 08:00:00,3,1,0,1,28.7,32.575,61,7.0015,43,110,153,12070410.,08AM00.,07,08,3
2012-07-04 09:00:00,3,1,0,1,31.16,34.85,52,0.0,90,203,293,12070410.,09AM00.,07,09,3
2012-07-04 10:00:00,3,1,0,1,32.8,36.365,46,0.0,143,304,447,12070410.,10AM00.,07,10,3
2012-07-04 11:00:00,3,1,0,1,33.62,37.88,46,8.9981,164,321,485,12070410.,11AM00.,07,11,3
2012-07-04 12:00:00,3,1,0,1,35.26,39.395,41,15.0013,164,330,494,12070410.,12PM00.,07,12,3
2012-07-04 13:00:00,3,1,0,1,36.9,40.91,35,0.0,177,322,499,12070410.,01PM00.,07,13,3
2012-07-04 14:00:00,3,1,0,1,36.9,40.91,37,11.0014,190,357,547,12070410.,02PM00.,07,14,3
2012-07-04 15:00:00,3,1,0,1,37.72,42.425,35,19.9995,155,299,454,12070410.,03PM00.,07,15,3
2012-07-04 16:00:00,3,1,0,1,37.72,42.425,35,16.9979,163,226,389,12070410.,04PM00.,07,16,3
2012-07-04 17:00:00,3,1,0,1,37.72,42.425,35,19.9995,161,253,414,12070410.,05PM00.,07,17,3
2012-07-04 18:00:00,3,1,0,1,36.9,42.425,42,12.998,159,271,430,12070410.,06PM00.,07,18,3
2012-07-04 19:00:00,3,1,0,1,35.26,40.15,47,15.0013,177,255,432,12070410.,07PM00.,07,19,3
2012-07-04 20:00:00,3,1,0,1,35.26,40.15,47,15.0013,237,314,551,12070410.,08PM00.,07,20,3
2012-07-04 21:00:00,3,1,0,1,34.44,40.15,53,8.9981,222,362,584,12070410.,09PM00.,07,21,3
2012-07-04 22:00:00,3,1,0,1,33.62,39.395,56,15.0013,175,327,502,12070410.,10PM00.,07,22,3
2012-07-04 23:00:00,3,1,0,2,31.98,34.85,43,6.0032,31,152,183,12070410.,11PM00.,07,23,3
2012-07-05 00:00:00,3,0,1,1,30.34,33.335,51,7.0015,17,71,88,12070510.,12AM00.,07,00,4
2012-07-05 01:00:00,3,0,1,1,30.34,33.335,51,19.0012,6,24,30,12070510.,01AM00.,07,01,4
2012-07-05 02:00:00,3,0,1,1,30.34,33.335,51,0.0,4,14,18,12070510.,02AM00.,07,02,4
2012-07-05 03:00:00,3,0,1,1,29.52,33.335,54,12.998,2,5,7,12070510.,03AM00.,07,03,4
2012-07-05 04:00:00,3,0,1,1,29.52,33.335,58,0.0,0,7,7,12070510.,04AM00.,07,04,4
2012-07-05 05:00:00,3,0,1,1,29.52,34.09,62,0.0,1,28,29,12070510.,05AM00.,07,05,4
2012-07-05 06:00:00,3,0,1,1,29.52,33.335,58,0.0,3,130,133,12070510.,06AM00.,07,06,4
2012-07-05 07:00:00,3,0,1,1,31.16,34.85,55,0.0,27,316,343,12070510.,07AM00.,07,07,4
2012-07-05 08:00:00,3,0,1,1,32.8,37.12,49,8.9981,36,514,550,12070510.,08AM00.,07,08,4
2012-07-05 09:00:00,3,0,1,1,34.44,39.395,49,19.9995,47,246,293,12070510.,09AM00.,07,09,4
2012-07-05 10:00:00,3,0,1,1,35.26,39.395,44,23.9994,69,117,186,12070510.,10AM00.,07,10,4
2012-07-05 11:00:00,3,0,1,1,36.9,40.91,35,19.9995,107,137,244,12070510.,11AM00.,07,11,4
2012-07-05 12:00:00,3,0,1,1,36.9,40.91,35,23.9994,88,188,276,12070510.,12PM00.,07,12,4
2012-07-05 13:00:00,3,0,1,1,37.72,41.665,33,15.0013,129,181,310,12070510.,01PM00.,07,13,4
2012-07-05 14:00:00,3,0,1,1,37.72,41.665,33,22.0028,87,154,241,12070510.,02PM00.,07,14,4
2012-07-05 15:00:00,3,0,1,1,37.72,41.665,33,23.9994,71,183,254,12070510.,03PM00.,07,15,4
2012-07-05 16:00:00,3,0,1,1,37.72,41.665,33,16.9979,109,324,433,12070510.,04PM00.,07,16,4
2012-07-05 17:00:00,3,0,1,1,37.72,42.425,35,11.0014,114,575,689,12070510.,05PM00.,07,17,4
2012-07-05 18:00:00,3,0,1,2,36.9,41.665,39,22.0028,96,511,607,12070510.,06PM00.,07,18,4
2012-07-05 19:00:00,3,0,1,2,36.08,40.15,39,16.9979,128,375,503,12070510.,07PM00.,07,19,4
2012-07-05 20:00:00,3,0,1,2,35.26,39.395,41,15.0013,78,243,321,12070510.,08PM00.,07,20,4
2012-07-05 21:00:00,3,0,1,1,34.44,38.635,47,12.998,91,232,323,12070510.,09PM00.,07,21,4
2012-07-05 22:00:00,3,0,1,1,33.62,40.15,59,8.9981,63,162,225,12070510.,10PM00.,07,22,4
2012-07-05 23:00:00,3,0,1,1,32.8,37.88,55,11.0014,32,99,131,12070510.,11PM00.,07,23,4
2012-07-06 00:00:00,3,0,1,1,31.98,37.12,62,8.9981,39,63,102,12070610.,12AM00.,07,00,5
2012-07-06 01:00:00,3,0,1,1,31.98,36.365,55,15.0013,7,22,29,12070610.,01AM00.,07,01,5
2012-07-06 02:00:00,3,0,1,1,31.16,35.605,62,8.9981,4,13,17,12070610.,02AM00.,07,02,5
2012-07-06 03:00:00,3,0,1,2,30.34,34.85,70,12.998,1,6,7,12070610.,03AM00.,07,03,5
2012-07-06 04:00:00,3,0,1,1,30.34,34.85,66,15.0013,2,4,6,12070610.,04AM00.,07,04,5
2012-07-06 05:00:00,3,0,1,1,30.34,34.85,66,12.998,4,31,35,12070610.,05AM00.,07,05,5
2012-07-06 06:00:00,3,0,1,1,30.34,34.85,66,12.998,4,127,131,12070610.,06AM00.,07,06,5
2012-07-06 07:00:00,3,0,1,1,31.98,34.85,46,8.9981,20,333,353,12070610.,07AM00.,07,07,5
2012-07-06 08:00:00,3,0,1,1,32.8,35.605,41,11.0014,28,557,585,12070610.,08AM00.,07,08,5
2012-07-06 09:00:00,3,0,1,1,33.62,36.365,36,8.9981,55,249,304,12070610.,09AM00.,07,09,5
2012-07-06 10:00:00,3,0,1,1,35.26,37.12,30,0.0,80,130,210,12070610.,10AM00.,07,10,5
2012-07-06 11:00:00,3,0,1,1,34.44,36.365,32,6.0032,92,141,233,12070610.,11AM00.,07,11,5
2012-07-06 12:00:00,3,0,1,1,36.08,37.88,28,7.0015,111,220,331,12070610.,12PM00.,07,12,5
2012-07-06 13:00:00,3,0,1,1,36.9,39.395,27,7.0015,99,194,293,12070610.,01PM00.,07,13,5
2012-07-06 14:00:00,3,0,1,1,36.9,40.15,31,11.0014,91,184,275,12070610.,02PM00.,07,14,5
2012-07-06 15:00:00,3,0,1,1,37.72,40.91,29,12.998,79,206,285,12070610.,03PM00.,07,15,5
2012-07-06 16:00:00,3,0,1,1,37.72,40.91,29,7.0015,69,300,369,12070610.,04PM00.,07,16,5
2012-07-06 17:00:00,3,0,1,1,37.72,40.91,29,0.0,90,486,576,12070610.,05PM00.,07,17,5
2012-07-06 18:00:00,3,0,1,1,36.9,40.15,33,16.9979,106,454,560,12070610.,06PM00.,07,18,5
2012-07-06 19:00:00,3,0,1,1,36.08,39.395,35,15.0013,112,306,418,12070610.,07PM00.,07,19,5
2012-07-06 20:00:00,3,0,1,1,35.26,38.635,39,7.0015,91,245,336,12070610.,08PM00.,07,20,5
2012-07-06 21:00:00,3,0,1,1,33.62,38.635,52,8.9981,77,223,300,12070610.,09PM00.,07,21,5
2012-07-06 22:00:00,3,0,1,1,32.8,37.88,55,12.998,78,210,288,12070610.,10PM00.,07,22,5
2012-07-06 23:00:00,3,0,1,1,32.8,39.395,63,7.0015,27,137,164,12070610.,11PM00.,07,23,5
2012-07-07 00:00:00,3,0,0,1,31.98,37.88,66,8.9981,35,115,150,12070710.,12AM00.,07,00,6
2012-07-07 01:00:00,3,0,0,1,31.16,36.365,70,11.0014,16,55,71,12070710.,01AM00.,07,01,6
2012-07-07 02:00:00,3,0,0,1,31.16,37.12,72,11.0014,11,47,58,12070710.,02AM00.,07,02,6
2012-07-07 03:00:00,3,0,0,1,30.34,35.605,74,8.9981,12,19,31,12070710.,03AM00.,07,03,6
2012-07-07 04:00:00,3,0,0,1,30.34,35.605,74,11.0014,3,13,16,12070710.,04AM00.,07,04,6
2012-07-07 05:00:00,3,0,0,1,30.34,35.605,74,12.998,2,12,14,12070710.,05AM00.,07,05,6
2012-07-07 06:00:00,3,0,0,1,30.34,35.605,74,7.0015,4,27,31,12070710.,06AM00.,07,06,6
2012-07-07 07:00:00,3,0,0,1,31.98,37.88,66,7.0015,8,63,71,12070710.,07AM00.,07,07,6
2012-07-07 08:00:00,3,0,0,1,33.62,41.665,63,12.998,32,120,152,12070710.,08AM00.,07,08,6
2012-07-07 09:00:00,3,0,0,1,34.44,41.665,59,11.0014,69,187,256,12070710.,09AM00.,07,09,6
2012-07-07 10:00:00,3,0,0,1,37.72,43.18,37,15.0013,100,225,325,12070710.,10AM00.,07,10,6
2012-07-07 11:00:00,3,0,0,1,38.54,43.94,38,12.998,122,245,367,12070710.,11AM00.,07,11,6
2012-07-07 12:00:00,3,0,0,1,39.36,43.18,31,23.9994,124,218,342,12070710.,12PM00.,07,12,6
2012-07-07 13:00:00,3,0,0,2,39.36,43.18,31,16.9979,116,244,360,12070710.,01PM00.,07,13,6
2012-07-07 14:00:00,3,0,0,2,39.36,43.18,30,8.9981,105,203,308,12070710.,02PM00.,07,14,6
2012-07-07 15:00:00,3,0,0,1,39.36,42.425,26,0.0,113,193,306,12070710.,03PM00.,07,15,6
2012-07-07 16:00:00,3,0,0,1,41.0,43.18,19,11.0014,102,192,294,12070710.,04PM00.,07,16,6
2012-07-07 17:00:00,3,0,0,1,39.36,42.425,26,8.9981,103,176,279,12070710.,05PM00.,07,17,6
2012-07-07 18:00:00,3,0,0,1,38.54,41.665,29,6.0032,83,194,277,12070710.,06PM00.,07,18,6
2012-07-07 19:00:00,3,0,0,1,37.72,41.665,33,8.9981,68,219,287,12070710.,07PM00.,07,19,6
2012-07-07 20:00:00,3,0,0,1,36.9,40.91,37,11.0014,79,197,276,12070710.,08PM00.,07,20,6
2012-07-07 21:00:00,3,0,0,1,36.08,39.395,37,12.998,51,150,201,12070710.,09PM00.,07,21,6
2012-07-07 22:00:00,3,0,0,1,34.44,41.665,59,12.998,56,164,220,12070710.,10PM00.,07,22,6
2012-07-07 23:00:00,3,0,0,1,34.44,40.91,56,11.0014,34,114,148,12070710.,11PM00.,07,23,6
2012-07-08 00:00:00,3,0,0,1,33.62,39.395,56,8.9981,22,125,147,12070810.,12AM00.,07,00,7
2012-07-08 01:00:00,3,0,0,1,33.62,39.395,56,7.0015,25,99,124,12070810.,01AM00.,07,01,7
2012-07-08 02:00:00,3,0,0,1,33.62,38.635,52,7.0015,11,59,70,12070810.,02AM00.,07,02,7
2012-07-08 03:00:00,3,0,0,1,32.8,38.635,59,7.0015,1,34,35,12070810.,03AM00.,07,03,7
2012-07-08 04:00:00,3,0,0,1,31.98,37.88,66,7.0015,2,11,13,12070810.,04AM00.,07,04,7
2012-07-08 05:00:00,3,0,0,1,31.98,37.12,62,0.0,1,5,6,12070810.,05AM00.,07,05,7
2012-07-08 06:00:00,3,0,0,1,31.98,38.635,70,8.9981,5,16,21,12070810.,06AM00.,07,06,7
2012-07-08 07:00:00,3,0,0,1,32.8,40.15,66,0.0,19,33,52,12070810.,07AM00.,07,07,7
2012-07-08 08:00:00,3,0,0,1,34.44,40.15,53,8.9981,35,95,130,12070810.,08AM00.,07,08,7
2012-07-08 09:00:00,3,0,0,1,35.26,40.91,50,7.0015,70,172,242,12070810.,09AM00.,07,09,7
2012-07-08 10:00:00,3,0,0,1,36.9,43.18,45,0.0,85,234,319,12070810.,10AM00.,07,10,7
2012-07-08 11:00:00,3,0,0,1,37.72,44.695,42,19.9995,120,269,389,12070810.,11AM00.,07,11,7
2012-07-08 12:00:00,3,0,0,1,37.72,44.695,42,12.998,105,271,376,12070810.,12PM00.,07,12,7
2012-07-08 13:00:00,3,0,0,1,38.54,43.94,38,16.9979,118,219,337,12070810.,01PM00.,07,13,7
2012-07-08 14:00:00,3,0,0,1,39.36,45.455,36,11.0014,77,235,312,12070810.,02PM00.,07,14,7
2012-07-08 15:00:00,3,0,0,3,37.72,44.695,42,19.0012,80,218,298,12070810.,03PM00.,07,15,7
2012-07-08 16:00:00,3,0,0,2,32.8,40.15,66,15.0013,65,226,291,12070810.,04PM00.,07,16,7
2012-07-08 17:00:00,3,0,0,1,31.98,37.12,59,0.0,68,202,270,12070810.,05PM00.,07,17,7
2012-07-08 18:00:00,3,0,0,1,31.98,37.12,62,7.0015,54,199,253,12070810.,06PM00.,07,18,7
2012-07-08 19:00:00,3,0,0,1,31.98,37.12,62,11.0014,66,184,250,12070810.,07PM00.,07,19,7
2012-07-08 20:00:00,3,0,0,1,31.16,36.365,70,6.0032,79,206,285,12070810.,08PM00.,07,20,7
2012-07-08 21:00:00,3,0,0,1,31.16,36.365,70,8.9981,58,149,207,12070810.,09PM00.,07,21,7
2012-07-08 22:00:00,3,0,0,3,30.34,34.85,70,6.0032,12,110,122,12070810.,10PM00.,07,22,7
2012-07-08 23:00:00,3,0,0,3,27.88,31.82,83,6.0032,25,98,123,12070810.,11PM00.,07,23,7
2012-07-09 00:00:00,3,0,1,2,27.88,31.82,89,6.0032,6,33,39,12070910.,12AM00.,07,00,1
2012-07-09 01:00:00,3,0,1,3,28.7,33.335,89,7.0015,5,13,18,12070910.,01AM00.,07,01,1
2012-07-09 02:00:00,3,0,1,3,28.7,33.335,89,12.998,1,4,5,12070910.,02AM00.,07,02,1
2012-07-09 03:00:00,3,0,1,3,28.7,33.335,89,12.998,0,5,5,12070910.,03AM00.,07,03,1
2012-07-09 04:00:00,3,0,1,3,27.06,29.545,89,26.0027,1,1,2,12070910.,04AM00.,07,04,1
2012-07-09 05:00:00,3,0,1,2,27.06,30.305,83,15.0013,1,27,28,12070910.,05AM00.,07,05,1
2012-07-09 06:00:00,3,0,1,3,26.24,28.79,89,16.9979,6,86,92,12070910.,06AM00.,07,06,1
2012-07-09 07:00:00,3,0,1,3,27.06,30.305,83,15.0013,7,223,230,12070910.,07AM00.,07,07,1
2012-07-09 08:00:00,3,0,1,2,27.06,30.305,83,11.0014,26,429,455,12070910.,08AM00.,07,08,1
2012-07-09 09:00:00,3,0,1,2,27.06,30.305,83,11.0014,38,325,363,12070910.,09AM00.,07,09,1
2012-07-09 10:00:00,3,0,1,2,27.06,30.305,83,12.998,58,117,175,12070910.,10AM00.,07,10,1
2012-07-09 11:00:00,3,0,1,2,29.52,34.09,62,8.9981,72,144,216,12070910.,11AM00.,07,11,1
2012-07-09 12:00:00,3,0,1,2,30.34,34.09,58,8.9981,61,205,266,12070910.,12PM00.,07,12,1
2012-07-09 13:00:00,3,0,1,2,31.16,34.85,55,16.9979,67,188,255,12070910.,01PM00.,07,13,1
2012-07-09 14:00:00,3,0,1,2,30.34,34.09,55,16.9979,58,184,242,12070910.,02PM00.,07,14,1
2012-07-09 15:00:00,3,0,1,2,31.16,34.09,45,15.0013,66,214,280,12070910.,03PM00.,07,15,1
2012-07-09 16:00:00,3,0,1,1,31.98,34.85,40,19.0012,88,325,413,12070910.,04PM00.,07,16,1
2012-07-09 17:00:00,3,0,1,1,31.98,34.85,40,11.0014,108,741,849,12070910.,05PM00.,07,17,1
2012-07-09 18:00:00,3,0,1,1,31.16,34.09,48,8.9981,82,790,872,12070910.,06PM00.,07,18,1
2012-07-09 19:00:00,3,0,1,1,30.34,34.09,55,11.0014,88,543,631,12070910.,07PM00.,07,19,1
2012-07-09 20:00:00,3,0,1,2,30.34,34.09,55,7.0015,69,378,447,12070910.,08PM00.,07,20,1
2012-07-09 21:00:00,3,0,1,2,30.34,34.09,55,6.0032,33,298,331,12070910.,09PM00.,07,21,1
2012-07-09 22:00:00,3,0,1,2,29.52,33.335,58,7.0015,35,189,224,12070910.,10PM00.,07,22,1
2012-07-09 23:00:00,3,0,1,2,28.7,32.575,65,7.0015,22,109,131,12070910.,11PM00.,07,23,1
2012-07-10 00:00:00,3,0,1,1,28.7,32.575,70,6.0032,16,53,69,12071010.,12AM00.,07,00,2
2012-07-10 01:00:00,3,0,1,1,28.7,33.335,74,8.9981,0,15,15,12071010.,01AM00.,07,01,2
2012-07-10 02:00:00,3,0,1,1,28.7,33.335,74,8.9981,1,15,16,12071010.,02AM00.,07,02,2
2012-07-10 03:00:00,3,0,1,1,27.88,31.82,79,0.0,0,3,3,12071010.,03AM00.,07,03,2
2012-07-10 04:00:00,3,0,1,1,27.88,31.82,79,8.9981,0,4,4,12071010.,04AM00.,07,04,2
2012-07-10 05:00:00,3,0,1,1,27.06,30.305,83,8.9981,3,39,42,12071010.,05AM00.,07,05,2
2012-07-10 06:00:00,3,0,1,2,27.88,31.82,79,7.0015,4,183,187,12071010.,06AM00.,07,06,2
2012-07-10 07:00:00,3,0,1,2,28.7,33.335,74,7.0015,31,489,520,12071010.,07AM00.,07,07,2
2012-07-10 08:00:00,3,0,1,1,29.52,34.85,74,8.9981,34,615,649,12071010.,08AM00.,07,08,2
2012-07-10 09:00:00,3,0,1,1,30.34,34.85,66,8.9981,47,284,331,12071010.,09AM00.,07,09,2
2012-07-10 10:00:00,3,0,1,1,31.16,35.605,62,12.998,56,134,190,12071010.,10AM00.,07,10,2
2012-07-10 11:00:00,3,0,1,1,32.8,36.365,46,12.998,92,157,249,12071010.,11AM00.,07,11,2
2012-07-10 12:00:00,3,0,1,1,32.8,35.605,41,8.9981,69,203,272,12071010.,12PM00.,07,12,2
2012-07-10 13:00:00,3,0,1,1,33.62,36.365,38,12.998,77,203,280,12071010.,01PM00.,07,13,2
2012-07-10 14:00:00,3,0,1,1,33.62,36.365,38,11.0014,71,171,242,12071010.,02PM00.,07,14,2
2012-07-10 15:00:00,3,0,1,1,32.8,35.605,41,15.0013,77,188,265,12071010.,03PM00.,07,15,2
2012-07-10 16:00:00,3,0,1,1,32.8,36.365,43,15.0013,89,346,435,12071010.,04PM00.,07,16,2
2012-07-10 17:00:00,3,0,1,1,31.98,35.605,49,12.998,103,769,872,12071010.,05PM00.,07,17,2
2012-07-10 18:00:00,3,0,1,3,28.7,33.335,74,15.0013,70,749,819,12071010.,06PM00.,07,18,2
2012-07-10 19:00:00,3,0,1,3,28.7,33.335,74,15.0013,55,359,414,12071010.,07PM00.,07,19,2
2012-07-10 20:00:00,3,0,1,3,26.24,28.79,83,15.0013,9,75,84,12071010.,08PM00.,07,20,2
2012-07-10 21:00:00,3,0,1,3,26.24,28.79,89,7.0015,7,83,90,12071010.,09PM00.,07,21,2
2012-07-10 22:00:00,3,0,1,2,26.24,28.79,83,8.9981,14,125,139,12071010.,10PM00.,07,22,2
2012-07-10 23:00:00,3,0,1,2,26.24,28.79,89,7.0015,29,74,103,12071010.,11PM00.,07,23,2
2012-07-11 00:00:00,3,0,1,2,27.06,30.305,83,8.9981,6,38,44,12071110.,12AM00.,07,00,3
2012-07-11 01:00:00,3,0,1,1,26.24,28.79,89,0.0,3,11,14,12071110.,01AM00.,07,01,3
2012-07-11 02:00:00,3,0,1,1,26.24,28.79,89,0.0,0,5,5,12071110.,02AM00.,07,02,3
2012-07-11 03:00:00,3,0,1,1,26.24,28.79,89,8.9981,0,5,5,12071110.,03AM00.,07,03,3
2012-07-11 04:00:00,3,0,1,1,26.24,28.79,89,8.9981,1,6,7,12071110.,04AM00.,07,04,3
2012-07-11 05:00:00,3,0,1,1,26.24,28.79,89,0.0,5,36,41,12071110.,05AM00.,07,05,3
2012-07-11 06:00:00,3,0,1,1,26.24,28.79,89,8.9981,17,168,185,12071110.,06AM00.,07,06,3
2012-07-11 07:00:00,3,0,1,2,27.06,30.305,83,7.0015,26,471,497,12071110.,07AM00.,07,07,3
2012-07-11 08:00:00,3,0,1,2,27.88,31.82,79,11.0014,30,644,674,12071110.,08AM00.,07,08,3
2012-07-11 09:00:00,3,0,1,2,28.7,33.335,74,8.9981,30,298,328,12071110.,09AM00.,07,09,3
2012-07-11 10:00:00,3,0,1,2,29.52,34.09,62,8.9981,47,148,195,12071110.,10AM00.,07,10,3
2012-07-11 11:00:00,3,0,1,2,31.16,35.605,58,8.9981,56,173,229,12071110.,11AM00.,07,11,3
2012-07-11 12:00:00,3,0,1,2,31.98,34.85,43,0.0,69,223,292,12071110.,12PM00.,07,12,3
2012-07-11 13:00:00,3,0,1,2,32.8,35.605,42,11.0014,65,208,273,12071110.,01PM00.,07,13,3
2012-07-11 14:00:00,3,0,1,1,32.8,35.605,41,15.0013,66,175,241,12071110.,02PM00.,07,14,3
2012-07-11 15:00:00,3,0,1,1,32.8,35.605,41,16.9979,56,220,276,12071110.,03PM00.,07,15,3
2012-07-11 16:00:00,3,0,1,1,32.8,35.605,38,12.998,53,358,411,12071110.,04PM00.,07,16,3
2012-07-11 17:00:00,3,0,1,1,32.8,34.85,31,15.0013,90,740,830,12071110.,05PM00.,07,17,3
2012-07-11 18:00:00,3,0,1,1,31.98,34.09,38,16.9979,79,735,814,12071110.,06PM00.,07,18,3
2012-07-11 19:00:00,3,0,1,1,30.34,33.335,48,15.0013,73,560,633,12071110.,07PM00.,07,19,3
2012-07-11 20:00:00,3,0,1,1,30.34,33.335,51,11.0014,73,410,483,12071110.,08PM00.,07,20,3
2012-07-11 21:00:00,3,0,1,1,29.52,33.335,58,15.0013,69,322,391,12071110.,09PM00.,07,21,3
2012-07-11 22:00:00,3,0,1,1,29.52,33.335,58,16.9979,41,203,244,12071110.,10PM00.,07,22,3
2012-07-11 23:00:00,3,0,1,2,28.7,32.575,58,16.9979,20,132,152,12071110.,11PM00.,07,23,3
2012-07-12 00:00:00,3,0,1,2,27.88,31.82,61,0.0,1,55,56,12071210.,12AM00.,07,00,4
2012-07-12 01:00:00,3,0,1,2,27.06,31.06,61,0.0,0,21,21,12071210.,01AM00.,07,01,4
2012-07-12 02:00:00,3,0,1,2,27.06,31.06,65,6.0032,0,9,9,12071210.,02AM00.,07,02,4
2012-07-12 03:00:00,3,0,1,1,26.24,30.305,69,7.0015,0,10,10,12071210.,03AM00.,07,03,4
2012-07-12 04:00:00,3,0,1,1,26.24,30.305,73,7.0015,0,5,5,12071210.,04AM00.,07,04,4
2012-07-12 05:00:00,3,0,1,1,25.42,29.545,73,7.0015,4,40,44,12071210.,05AM00.,07,05,4
2012-07-12 06:00:00,3,0,1,1,26.24,30.305,73,6.0032,7,171,178,12071210.,06AM00.,07,06,4
2012-07-12 07:00:00,3,0,1,1,26.24,30.305,73,8.9981,32,480,512,12071210.,07AM00.,07,07,4
2012-07-12 08:00:00,3,0,1,1,27.88,31.82,65,8.9981,49,653,702,12071210.,08AM00.,07,08,4
2012-07-12 09:00:00,3,0,1,1,29.52,33.335,58,7.0015,42,285,327,12071210.,09AM00.,07,09,4
2012-07-12 10:00:00,3,0,1,1,30.34,33.335,48,11.0014,69,145,214,12071210.,10AM00.,07,10,4
2012-07-12 11:00:00,3,0,1,1,31.16,34.09,45,7.0015,49,166,215,12071210.,11AM00.,07,11,4
2012-07-12 12:00:00,3,0,1,1,31.98,34.09,35,8.9981,71,221,292,12071210.,12PM00.,07,12,4
2012-07-12 13:00:00,3,0,1,1,32.8,34.85,33,15.0013,52,225,277,12071210.,01PM00.,07,13,4
2012-07-12 14:00:00,3,0,1,1,31.98,34.09,33,15.0013,42,167,209,12071210.,02PM00.,07,14,4
2012-07-12 15:00:00,3,0,1,1,32.8,35.605,36,12.998,63,208,271,12071210.,03PM00.,07,15,4
2012-07-12 16:00:00,3,0,1,1,32.8,35.605,36,12.998,69,370,439,12071210.,04PM00.,07,16,4
2012-07-12 17:00:00,3,0,1,1,31.16,34.09,43,15.0013,91,704,795,12071210.,05PM00.,07,17,4
2012-07-12 18:00:00,3,0,1,1,31.16,34.09,45,8.9981,86,739,825,12071210.,06PM00.,07,18,4
2012-07-12 19:00:00,3,0,1,1,30.34,33.335,48,15.0013,97,532,629,12071210.,07PM00.,07,19,4
2012-07-12 20:00:00,3,0,1,1,30.34,33.335,48,15.0013,75,439,514,12071210.,08PM00.,07,20,4
2012-07-12 21:00:00,3,0,1,1,29.52,33.335,48,15.0013,44,329,373,12071210.,09PM00.,07,21,4
2012-07-12 22:00:00,3,0,1,1,29.52,33.335,51,11.0014,56,262,318,12071210.,10PM00.,07,22,4
2012-07-12 23:00:00,3,0,1,2,28.7,32.575,51,15.0013,33,178,211,12071210.,11PM00.,07,23,4
2012-07-13 00:00:00,3,0,1,2,28.7,32.575,54,11.0014,19,76,95,12071310.,12AM00.,07,00,5
2012-07-13 01:00:00,3,0,1,2,27.88,31.82,54,7.0015,17,42,59,12071310.,01AM00.,07,01,5
2012-07-13 02:00:00,3,0,1,2,27.06,31.06,61,6.0032,2,15,17,12071310.,02AM00.,07,02,5
2012-07-13 03:00:00,3,0,1,2,27.88,31.82,61,0.0,2,7,9,12071310.,03AM00.,07,03,5
2012-07-13 04:00:00,3,0,1,2,27.06,31.06,61,0.0,0,11,11,12071310.,04AM00.,07,04,5
2012-07-13 05:00:00,3,0,1,2,27.06,31.82,56,6.0032,4,30,34,12071310.,05AM00.,07,05,5
2012-07-13 06:00:00,3,0,1,2,28.7,32.575,54,0.0,7,120,127,12071310.,06AM00.,07,06,5
2012-07-13 07:00:00,3,0,1,2,28.7,32.575,54,0.0,27,353,380,12071310.,07AM00.,07,07,5
2012-07-13 08:00:00,3,0,1,2,28.7,32.575,54,0.0,53,660,713,12071310.,08AM00.,07,08,5
2012-07-13 09:00:00,3,0,1,2,29.52,33.335,51,0.0,70,344,414,12071310.,09AM00.,07,09,5
2012-07-13 10:00:00,3,0,1,2,30.34,33.335,48,0.0,78,190,268,12071310.,10AM00.,07,10,5
2012-07-13 11:00:00,3,0,1,2,31.16,34.09,45,8.9981,68,220,288,12071310.,11AM00.,07,11,5
2012-07-13 12:00:00,3,0,1,2,31.16,34.09,40,7.0015,125,254,379,12071310.,12PM00.,07,12,5
2012-07-13 13:00:00,3,0,1,2,32.8,35.605,38,8.9981,100,274,374,12071310.,01PM00.,07,13,5
2012-07-13 14:00:00,3,0,1,2,32.8,35.605,38,0.0,120,249,369,12071310.,02PM00.,07,14,5
2012-07-13 15:00:00,3,0,1,2,32.8,35.605,36,7.0015,92,261,353,12071310.,03PM00.,07,15,5
2012-07-13 16:00:00,3,0,1,2,32.8,35.605,36,15.0013,111,381,492,12071310.,04PM00.,07,16,5
2012-07-13 17:00:00,3,0,1,2,32.8,35.605,36,11.0014,138,697,835,12071310.,05PM00.,07,17,5
2012-07-13 18:00:00,3,0,1,1,31.98,34.85,46,12.998,108,523,631,12071310.,06PM00.,07,18,5
2012-07-13 19:00:00,3,0,1,1,30.34,33.335,51,11.0014,103,385,488,12071310.,07PM00.,07,19,5
2012-07-13 20:00:00,3,0,1,1,30.34,33.335,48,8.9981,95,294,389,12071310.,08PM00.,07,20,5
2012-07-13 21:00:00,3,0,1,1,29.52,33.335,54,0.0,76,223,299,12071310.,09PM00.,07,21,5
2012-07-13 22:00:00,3,0,1,1,30.34,33.335,45,0.0,59,204,263,12071310.,10PM00.,07,22,5
2012-07-13 23:00:00,3,0,1,2,29.52,32.575,45,8.9981,37,175,212,12071310.,11PM00.,07,23,5
2012-07-14 00:00:00,3,0,0,2,29.52,33.335,48,6.0032,35,156,191,12071410.,12AM00.,07,00,6
2012-07-14 01:00:00,3,0,0,2,28.7,32.575,51,7.0015,13,105,118,12071410.,01AM00.,07,01,6
2012-07-14 02:00:00,3,0,0,2,28.7,32.575,54,7.0015,10,91,101,12071410.,02AM00.,07,02,6
2012-07-14 03:00:00,3,0,0,2,28.7,32.575,54,7.0015,9,31,40,12071410.,03AM00.,07,03,6
2012-07-14 04:00:00,3,0,0,3,27.06,31.06,61,7.0015,3,6,9,12071410.,04AM00.,07,04,6
2012-07-14 05:00:00,3,0,0,2,26.24,30.305,73,7.0015,0,5,5,12071410.,05AM00.,07,05,6
2012-07-14 06:00:00,3,0,0,2,26.24,29.545,78,6.0032,6,29,35,12071410.,06AM00.,07,06,6
2012-07-14 07:00:00,3,0,0,1,26.24,29.545,78,19.0012,7,41,48,12071410.,07AM00.,07,07,6
2012-07-14 08:00:00,3,0,0,1,25.42,29.545,78,19.0012,33,118,151,12071410.,08AM00.,07,08,6
2012-07-14 09:00:00,3,0,0,1,27.06,31.06,74,12.998,82,200,282,12071410.,09AM00.,07,09,6
2012-07-14 10:00:00,3,0,0,2,29.52,34.09,70,6.0032,123,278,401,12071410.,10AM00.,07,10,6
2012-07-14 11:00:00,3,0,0,2,29.52,34.09,70,7.0015,143,296,439,12071410.,11AM00.,07,11,6
2012-07-14 12:00:00,3,0,0,2,30.34,34.85,66,6.0032,181,318,499,12071410.,12PM00.,07,12,6
2012-07-14 13:00:00,3,0,0,2,31.16,35.605,62,6.0032,219,372,591,12071410.,01PM00.,07,13,6
2012-07-14 14:00:00,3,0,0,1,32.8,37.88,55,7.0015,269,363,632,12071410.,02PM00.,07,14,6
2012-07-14 15:00:00,3,0,0,1,32.8,37.88,55,11.0014,243,317,560,12071410.,03PM00.,07,15,6
2012-07-14 16:00:00,3,0,0,2,29.52,34.85,79,23.9994,226,340,566,12071410.,04PM00.,07,16,6
2012-07-14 17:00:00,3,0,0,3,28.7,33.335,79,11.0014,199,259,458,12071410.,05PM00.,07,17,6
2012-07-14 18:00:00,3,0,0,1,29.52,34.85,79,8.9981,108,243,351,12071410.,06PM00.,07,18,6
2012-07-14 19:00:00,3,0,0,1,29.52,35.605,84,6.0032,156,275,431,12071410.,07PM00.,07,19,6
2012-07-14 20:00:00,3,0,0,1,29.52,35.605,84,6.0032,101,255,356,12071410.,08PM00.,07,20,6
2012-07-14 21:00:00,3,0,0,1,28.7,33.335,84,15.0013,69,200,269,12071410.,09PM00.,07,21,6
2012-07-14 22:00:00,3,0,0,1,28.7,33.335,79,12.998,65,160,225,12071410.,10PM00.,07,22,6
2012-07-14 23:00:00,3,0,0,2,27.88,31.82,83,6.0032,55,156,211,12071410.,11PM00.,07,23,6
2012-07-15 00:00:00,3,0,0,1,27.88,31.82,89,11.0014,40,147,187,12071510.,12AM00.,07,00,7
2012-07-15 01:00:00,3,0,0,2,27.88,31.82,89,8.9981,49,119,168,12071510.,01AM00.,07,01,7
2012-07-15 02:00:00,3,0,0,2,27.88,31.82,89,11.0014,29,86,115,12071510.,02AM00.,07,02,7
2012-07-15 03:00:00,3,0,0,2,27.88,31.82,89,11.0014,15,42,57,12071510.,03AM00.,07,03,7
2012-07-15 04:00:00,3,0,0,2,27.88,31.82,89,7.0015,8,11,19,12071510.,04AM00.,07,04,7
2012-07-15 05:00:00,3,0,0,1,27.88,31.82,89,8.9981,2,7,9,12071510.,05AM00.,07,05,7
2012-07-15 06:00:00,3,0,0,1,27.88,31.82,83,8.9981,6,9,15,12071510.,06AM00.,07,06,7
2012-07-15 07:00:00,3,0,0,1,28.7,33.335,79,6.0032,17,30,47,12071510.,07AM00.,07,07,7
2012-07-15 08:00:00,3,0,0,2,28.7,33.335,84,8.9981,37,96,133,12071510.,08AM00.,07,08,7
2012-07-15 09:00:00,3,0,0,2,29.52,34.85,79,0.0,58,163,221,12071510.,09AM00.,07,09,7
2012-07-15 10:00:00,3,0,0,1,31.16,36.365,66,8.9981,141,241,382,12071510.,10AM00.,07,10,7
2012-07-15 11:00:00,3,0,0,1,33.62,38.635,52,11.0014,170,281,451,12071510.,11AM00.,07,11,7
2012-07-15 12:00:00,3,0,0,1,34.44,38.635,47,7.0015,153,336,489,12071510.,12PM00.,07,12,7
2012-07-15 13:00:00,3,0,0,1,35.26,39.395,41,7.0015,171,309,480,12071510.,01PM00.,07,13,7
2012-07-15 14:00:00,3,0,0,1,36.9,40.91,37,16.9979,162,314,476,12071510.,02PM00.,07,14,7
2012-07-15 15:00:00,3,0,0,1,35.26,40.15,47,8.9981,182,307,489,12071510.,03PM00.,07,15,7
2012-07-15 16:00:00,3,0,0,1,35.26,39.395,41,15.0013,152,343,495,12071510.,04PM00.,07,16,7
2012-07-15 17:00:00,3,0,0,1,32.8,38.635,59,32.9975,122,314,436,12071510.,05PM00.,07,17,7
2012-07-15 18:00:00,3,0,0,3,29.52,34.85,79,23.9994,84,228,312,12071510.,06PM00.,07,18,7
2012-07-15 19:00:00,3,0,0,1,29.52,35.605,84,15.0013,109,203,312,12071510.,07PM00.,07,19,7
2012-07-15 20:00:00,3,0,0,1,29.52,34.85,79,16.9979,95,199,294,12071510.,08PM00.,07,20,7
2012-07-15 21:00:00,3,0,0,1,29.52,34.85,79,6.0032,59,164,223,12071510.,09PM00.,07,21,7
2012-07-15 22:00:00,3,0,0,1,29.52,34.85,74,7.0015,34,96,130,12071510.,10PM00.,07,22,7
2012-07-15 23:00:00,3,0,0,1,29.52,34.85,79,8.9981,25,66,91,12071510.,11PM00.,07,23,7
2012-07-16 00:00:00,3,0,1,3,29.52,34.85,79,7.0015,11,32,43,12071610.,12AM00.,07,00,1
2012-07-16 01:00:00,3,0,1,2,28.7,33.335,74,12.998,1,10,11,12071610.,01AM00.,07,01,1
2012-07-16 02:00:00,3,0,1,1,28.7,33.335,74,7.0015,4,11,15,12071610.,02AM00.,07,02,1
2012-07-16 03:00:00,3,0,1,1,27.88,31.82,79,6.0032,2,4,6,12071610.,03AM00.,07,03,1
2012-07-16 04:00:00,3,0,1,1,27.88,31.82,79,7.0015,1,11,12,12071610.,04AM00.,07,04,1
2012-07-16 05:00:00,3,0,1,1,27.06,30.305,78,7.0015,10,40,50,12071610.,05AM00.,07,05,1
2012-07-16 06:00:00,3,0,1,1,27.88,31.82,79,8.9981,8,132,140,12071610.,06AM00.,07,06,1
2012-07-16 07:00:00,3,0,1,1,29.52,34.09,70,6.0032,24,459,483,12071610.,07AM00.,07,07,1
2012-07-16 08:00:00,3,0,1,1,30.34,34.85,66,7.0015,48,619,667,12071610.,08AM00.,07,08,1
2012-07-16 09:00:00,3,0,1,1,31.16,35.605,62,11.0014,51,297,348,12071610.,09AM00.,07,09,1
2012-07-16 10:00:00,3,0,1,1,32.8,38.635,59,0.0,69,117,186,12071610.,10AM00.,07,10,1
2012-07-16 11:00:00,3,0,1,1,34.44,40.15,53,15.0013,57,125,182,12071610.,11AM00.,07,11,1
2012-07-16 12:00:00,3,0,1,1,34.44,39.395,49,8.9981,79,158,237,12071610.,12PM00.,07,12,1
2012-07-16 13:00:00,3,0,1,1,34.44,39.395,49,19.0012,63,176,239,12071610.,01PM00.,07,13,1
2012-07-16 14:00:00,3,0,1,1,36.08,40.91,42,7.0015,53,159,212,12071610.,02PM00.,07,14,1
2012-07-16 15:00:00,3,0,1,1,35.26,40.15,47,16.9979,61,176,237,12071610.,03PM00.,07,15,1
2012-07-16 16:00:00,3,0,1,3,31.16,36.365,66,39.0007,77,309,386,12071610.,04PM00.,07,16,1
2012-07-16 17:00:00,3,0,1,3,31.16,36.365,66,39.0007,86,669,755,12071610.,05PM00.,07,17,1
2012-07-16 18:00:00,3,0,1,1,34.44,40.15,53,0.0,97,697,794,12071610.,06PM00.,07,18,1
2012-07-16 19:00:00,3,0,1,1,32.8,39.395,63,8.9981,92,503,595,12071610.,07PM00.,07,19,1
2012-07-16 20:00:00,3,0,1,1,32.8,38.635,59,8.9981,66,388,454,12071610.,08PM00.,07,20,1
2012-07-16 21:00:00,3,0,1,1,31.16,36.365,66,8.9981,45,283,328,12071610.,09PM00.,07,21,1
2012-07-16 22:00:00,3,0,1,1,31.16,35.605,62,6.0032,56,228,284,12071610.,10PM00.,07,22,1
2012-07-16 23:00:00,3,0,1,1,30.34,35.605,74,6.0032,27,139,166,12071610.,11PM00.,07,23,1
2012-07-17 00:00:00,3,0,1,1,29.52,35.605,84,7.0015,10,43,53,12071710.,12AM00.,07,00,2
2012-07-17 01:00:00,3,0,1,1,30.34,34.85,70,0.0,4,21,25,12071710.,01AM00.,07,01,2
2012-07-17 02:00:00,3,0,1,1,29.52,34.09,70,6.0032,1,6,7,12071710.,02AM00.,07,02,2
2012-07-17 03:00:00,3,0,1,1,29.52,34.09,66,0.0,0,3,3,12071710.,03AM00.,07,03,2
2012-07-17 04:00:00,3,0,1,1,29.52,34.09,62,0.0,0,7,7,12071710.,04AM00.,07,04,2
2012-07-17 05:00:00,3,0,1,1,27.88,31.82,74,6.0032,7,31,38,12071710.,05AM00.,07,05,2
2012-07-17 06:00:00,3,0,1,1,29.52,34.09,66,7.0015,16,197,213,12071710.,06AM00.,07,06,2
2012-07-17 07:00:00,3,0,1,2,30.34,34.85,70,0.0,26,500,526,12071710.,07AM00.,07,07,2
2012-07-17 08:00:00,3,0,1,2,32.8,37.88,55,0.0,43,618,661,12071710.,08AM00.,07,08,2
2012-07-17 09:00:00,3,0,1,2,33.62,38.635,49,15.0013,32,288,320,12071710.,09AM00.,07,09,2
2012-07-17 10:00:00,3,0,1,2,34.44,39.395,49,12.998,37,122,159,12071710.,10AM00.,07,10,2
2012-07-17 11:00:00,3,0,1,2,35.26,40.15,47,0.0,60,146,206,12071710.,11AM00.,07,11,2
2012-07-17 12:00:00,3,0,1,2,36.9,40.91,35,0.0,80,174,254,12071710.,12PM00.,07,12,2
2012-07-17 13:00:00,3,0,1,1,37.72,40.91,31,12.998,53,168,221,12071710.,01PM00.,07,13,2
2012-07-17 14:00:00,3,0,1,1,38.54,41.665,29,16.9979,54,160,214,12071710.,02PM00.,07,14,2
2012-07-17 15:00:00,3,0,1,1,37.72,40.91,31,11.0014,57,187,244,12071710.,03PM00.,07,15,2
2012-07-17 16:00:00,3,0,1,1,37.72,40.91,29,11.0014,64,317,381,12071710.,04PM00.,07,16,2
2012-07-17 17:00:00,3,0,1,1,37.72,40.91,29,0.0,95,675,770,12071710.,05PM00.,07,17,2
2012-07-17 18:00:00,3,0,1,1,36.9,40.15,33,12.998,60,712,772,12071710.,06PM00.,07,18,2
2012-07-17 19:00:00,3,0,1,1,36.08,39.395,35,16.9979,69,478,547,12071710.,07PM00.,07,19,2
2012-07-17 20:00:00,3,0,1,1,35.26,37.88,34,11.0014,52,375,427,12071710.,08PM00.,07,20,2
2012-07-17 21:00:00,3,0,1,1,33.62,38.635,52,8.9981,50,283,333,12071710.,09PM00.,07,21,2
2012-07-17 22:00:00,3,0,1,1,32.8,37.88,55,15.0013,29,215,244,12071710.,10PM00.,07,22,2
2012-07-17 23:00:00,3,0,1,1,31.98,37.12,59,12.998,22,139,161,12071710.,11PM00.,07,23,2
2012-07-18 00:00:00,3,0,1,1,31.16,36.365,66,11.0014,8,45,53,12071810.,12AM00.,07,00,3
2012-07-18 01:00:00,3,0,1,1,31.16,36.365,66,7.0015,2,14,16,12071810.,01AM00.,07,01,3
2012-07-18 02:00:00,3,0,1,1,30.34,34.85,66,8.9981,3,5,8,12071810.,02AM00.,07,02,3
2012-07-18 03:00:00,3,0,1,1,30.34,34.85,66,8.9981,2,2,4,12071810.,03AM00.,07,03,3
2012-07-18 04:00:00,3,0,1,1,29.52,34.09,70,8.9981,0,6,6,12071810.,04AM00.,07,04,3
2012-07-18 05:00:00,3,0,1,1,29.52,34.09,70,11.0014,5,41,46,12071810.,05AM00.,07,05,3
2012-07-18 06:00:00,3,0,1,1,29.52,34.09,70,11.0014,10,152,162,12071810.,06AM00.,07,06,3
2012-07-18 07:00:00,3,0,1,1,30.34,34.85,66,11.0014,23,472,495,12071810.,07AM00.,07,07,3
2012-07-18 08:00:00,3,0,1,1,31.98,37.12,62,7.0015,55,624,679,12071810.,08AM00.,07,08,3
2012-07-18 09:00:00,3,0,1,1,33.62,39.395,56,0.0,44,253,297,12071810.,09AM00.,07,09,3
2012-07-18 10:00:00,3,0,1,1,36.9,42.425,42,12.998,39,99,138,12071810.,10AM00.,07,10,3
2012-07-18 11:00:00,3,0,1,1,36.9,42.425,42,0.0,47,136,183,12071810.,11AM00.,07,11,3
2012-07-18 12:00:00,3,0,1,1,37.72,43.18,37,8.9981,36,166,202,12071810.,12PM00.,07,12,3
2012-07-18 13:00:00,3,0,1,1,38.54,42.425,33,0.0,49,154,203,12071810.,01PM00.,07,13,3
2012-07-18 14:00:00,3,0,1,1,38.54,43.94,38,22.0028,54,116,170,12071810.,02PM00.,07,14,3
2012-07-18 15:00:00,3,0,1,3,37.72,42.425,35,23.9994,42,152,194,12071810.,03PM00.,07,15,3
2012-07-18 16:00:00,3,0,1,1,30.34,34.85,66,16.9979,34,190,224,12071810.,04PM00.,07,16,3
2012-07-18 17:00:00,3,0,1,1,30.34,34.85,70,16.9979,35,335,370,12071810.,05PM00.,07,17,3
2012-07-18 18:00:00,3,0,1,2,31.16,35.605,62,8.9981,63,580,643,12071810.,06PM00.,07,18,3
2012-07-18 19:00:00,3,0,1,2,31.16,35.605,62,7.0015,78,438,516,12071810.,07PM00.,07,19,3
2012-07-18 20:00:00,3,0,1,1,30.34,34.09,62,6.0032,56,310,366,12071810.,08PM00.,07,20,3
2012-07-18 21:00:00,3,0,1,1,31.16,35.605,62,0.0,53,266,319,12071810.,09PM00.,07,21,3
2012-07-18 22:00:00,3,0,1,1,31.16,35.605,58,6.0032,42,246,288,12071810.,10PM00.,07,22,3
2012-07-18 23:00:00,3,0,1,1,31.16,35.605,58,6.0032,19,112,131,12071810.,11PM00.,07,23,3
2012-07-19 00:00:00,3,0,1,1,30.34,34.85,66,6.0032,16,50,66,12071910.,12AM00.,07,00,4
2012-07-19 01:00:00,3,0,1,1,30.34,34.85,66,6.0032,6,19,25,12071910.,01AM00.,07,01,4
2012-07-19 02:00:00,3,0,1,1,29.52,34.09,70,12.998,0,7,7,12071910.,02AM00.,07,02,4
2012-07-19 03:00:00,3,0,1,1,29.52,34.09,70,7.0015,1,4,5,12071910.,03AM00.,07,03,4
2012-07-19 04:00:00,3,0,1,1,29.52,34.09,70,7.0015,0,8,8,12071910.,04AM00.,07,04,4
2012-07-19 05:00:00,3,0,1,2,29.52,34.09,70,7.0015,5,35,40,12071910.,05AM00.,07,05,4
2012-07-19 06:00:00,3,0,1,1,29.52,34.09,66,8.9981,8,144,152,12071910.,06AM00.,07,06,4
2012-07-19 07:00:00,3,0,1,1,30.34,34.09,58,19.0012,23,450,473,12071910.,07AM00.,07,07,4
2012-07-19 08:00:00,3,0,1,1,31.16,35.605,58,16.9979,32,625,657,12071910.,08AM00.,07,08,4
2012-07-19 09:00:00,3,0,1,2,31.16,35.605,58,19.0012,36,282,318,12071910.,09AM00.,07,09,4
2012-07-19 10:00:00,3,0,1,1,31.16,35.605,58,12.998,41,157,198,12071910.,10AM00.,07,10,4
2012-07-19 11:00:00,3,0,1,1,32.8,37.88,55,7.0015,54,162,216,12071910.,11AM00.,07,11,4
2012-07-19 12:00:00,3,0,1,1,34.44,39.395,49,19.0012,59,215,274,12071910.,12PM00.,07,12,4
2012-07-19 13:00:00,3,0,1,1,34.44,38.635,47,8.9981,74,180,254,12071910.,01PM00.,07,13,4
2012-07-19 14:00:00,3,0,1,1,35.26,39.395,44,6.0032,46,151,197,12071910.,02PM00.,07,14,4
2012-07-19 15:00:00,3,0,1,1,34.44,38.635,47,6.0032,66,226,292,12071910.,03PM00.,07,15,4
2012-07-19 16:00:00,3,0,1,1,34.44,38.635,47,6.0032,70,288,358,12071910.,04PM00.,07,16,4
2012-07-19 17:00:00,3,0,1,1,35.26,39.395,41,0.0,93,678,771,12071910.,05PM00.,07,17,4
2012-07-19 18:00:00,3,0,1,1,35.26,39.395,41,12.998,93,684,777,12071910.,06PM00.,07,18,4
2012-07-19 19:00:00,3,0,1,1,34.44,37.88,44,16.9979,53,480,533,12071910.,07PM00.,07,19,4
2012-07-19 20:00:00,3,0,1,1,33.62,38.635,49,11.0014,65,440,505,12071910.,08PM00.,07,20,4
2012-07-19 21:00:00,3,0,1,3,27.06,29.545,89,16.9979,38,294,332,12071910.,09PM00.,07,21,4
2012-07-19 22:00:00,3,0,1,3,27.06,29.545,89,16.9979,6,62,68,12071910.,10PM00.,07,22,4
2012-07-19 23:00:00,3,0,1,3,27.06,29.545,89,15.0013,3,62,65,12071910.,11PM00.,07,23,4
2012-08-01 00:00:00,3,0,1,1,27.88,31.82,79,11.0014,3,44,47,12080110.,12AM00.,08,00,3
2012-08-01 01:00:00,3,0,1,1,27.06,30.305,83,6.0032,5,28,33,12080110.,01AM00.,08,01,3
2012-08-01 02:00:00,3,0,1,1,26.24,28.79,83,7.0015,0,13,13,12080110.,02AM00.,08,02,3
2012-08-01 03:00:00,3,0,1,1,26.24,28.79,83,7.0015,0,7,7,12080110.,03AM00.,08,03,3
2012-08-01 04:00:00,3,0,1,2,26.24,29.545,78,8.9981,1,3,4,12080110.,04AM00.,08,04,3
2012-08-01 05:00:00,3,0,1,2,26.24,29.545,78,8.9981,3,46,49,12080110.,05AM00.,08,05,3
2012-08-01 06:00:00,3,0,1,1,26.24,29.545,78,8.9981,6,179,185,12080110.,06AM00.,08,06,3
2012-08-01 07:00:00,3,0,1,2,26.24,28.79,83,8.9981,19,468,487,12080110.,07AM00.,08,07,3
2012-08-01 08:00:00,3,0,1,2,27.06,30.305,78,12.998,32,649,681,12080110.,08AM00.,08,08,3
2012-08-01 09:00:00,3,0,1,2,27.88,31.82,74,6.0032,34,316,350,12080110.,09AM00.,08,09,3
2012-08-01 10:00:00,3,0,1,1,29.52,34.09,66,6.0032,61,175,236,12080110.,10AM00.,08,10,3
2012-08-01 11:00:00,3,0,1,1,31.16,35.605,58,6.0032,54,180,234,12080110.,11AM00.,08,11,3
2012-08-01 12:00:00,3,0,1,1,32.8,37.12,49,7.0015,75,209,284,12080110.,12PM00.,08,12,3
2012-08-01 13:00:00,3,0,1,1,32.8,37.12,52,11.0014,59,221,280,12080110.,01PM00.,08,13,3
2012-08-01 14:00:00,3,0,1,1,33.62,37.88,46,11.0014,88,175,263,12080110.,02PM00.,08,14,3
2012-08-01 15:00:00,3,0,1,1,33.62,37.88,46,11.0014,89,206,295,12080110.,03PM00.,08,15,3
2012-08-01 16:00:00,3,0,1,1,32.8,37.88,55,19.0012,93,386,479,12080110.,04PM00.,08,16,3
2012-08-01 17:00:00,3,0,1,1,32.8,37.12,49,11.0014,103,734,837,12080110.,05PM00.,08,17,3
2012-08-01 18:00:00,3,0,1,3,31.16,35.605,62,15.0013,105,786,891,12080110.,06PM00.,08,18,3
2012-08-01 19:00:00,3,0,1,1,30.34,34.85,66,16.9979,88,564,652,12080110.,07PM00.,08,19,3
2012-08-01 20:00:00,3,0,1,1,30.34,34.85,66,11.0014,65,448,513,12080110.,08PM00.,08,20,3
2012-08-01 21:00:00,3,0,1,1,29.52,34.09,70,8.9981,36,284,320,12080110.,09PM00.,08,21,3
2012-08-01 22:00:00,3,0,1,1,29.52,34.09,70,7.0015,37,251,288,12080110.,10PM00.,08,22,3
2012-08-01 23:00:00,3,0,1,1,28.7,33.335,74,0.0,18,134,152,12080110.,11PM00.,08,23,3
2012-08-02 00:00:00,3,0,1,1,28.7,33.335,74,0.0,8,55,63,12080210.,12AM00.,08,00,4
2012-08-02 01:00:00,3,0,1,1,27.88,31.82,79,7.0015,6,36,42,12080210.,01AM00.,08,01,4
2012-08-02 02:00:00,3,0,1,1,27.06,30.305,83,6.0032,3,8,11,12080210.,02AM00.,08,02,4
2012-08-02 03:00:00,3,0,1,1,27.06,30.305,83,0.0,0,6,6,12080210.,03AM00.,08,03,4
2012-08-02 04:00:00,3,0,1,1,27.06,30.305,83,0.0,0,9,9,12080210.,04AM00.,08,04,4
2012-08-02 05:00:00,3,0,1,1,27.06,29.545,89,8.9981,4,37,41,12080210.,05AM00.,08,05,4
2012-08-02 06:00:00,3,0,1,1,27.06,30.305,83,0.0,6,177,183,12080210.,06AM00.,08,06,4
2012-08-02 07:00:00,3,0,1,1,28.7,33.335,79,0.0,21,452,473,12080210.,07AM00.,08,07,4
2012-08-02 08:00:00,3,0,1,1,29.52,34.85,74,7.0015,21,718,739,12080210.,08AM00.,08,08,4
2012-08-02 09:00:00,3,0,1,1,31.16,36.365,66,7.0015,31,312,343,12080210.,09AM00.,08,09,4
2012-08-02 10:00:00,3,0,1,1,32.8,37.88,55,0.0,51,130,181,12080210.,10AM00.,08,10,4
2012-08-02 11:00:00,3,0,1,1,33.62,38.635,52,7.0015,59,167,226,12080210.,11AM00.,08,11,4
2012-08-02 12:00:00,3,0,1,1,34.44,37.88,44,8.9981,56,230,286,12080210.,12PM00.,08,12,4
2012-08-02 13:00:00,3,0,1,1,35.26,39.395,44,15.0013,98,212,310,12080210.,01PM00.,08,13,4
2012-08-02 14:00:00,3,0,1,1,35.26,39.395,41,8.9981,54,171,225,12080210.,02PM00.,08,14,4
2012-08-02 15:00:00,3,0,1,1,31.98,37.12,62,31.0009,68,202,270,12080210.,03PM00.,08,15,4
2012-08-02 16:00:00,3,0,1,1,33.62,37.88,46,12.998,71,335,406,12080210.,04PM00.,08,16,4
2012-08-02 17:00:00,3,0,1,1,33.62,38.635,52,16.9979,90,775,865,12080210.,05PM00.,08,17,4
2012-08-02 18:00:00,3,0,1,1,32.8,38.635,59,15.0013,86,681,767,12080210.,06PM00.,08,18,4
2012-08-02 19:00:00,3,0,1,1,32.8,39.395,63,11.0014,98,509,607,12080210.,07PM00.,08,19,4
2012-08-02 20:00:00,3,0,1,1,31.98,37.88,66,0.0,51,376,427,12080210.,08PM00.,08,20,4
2012-08-02 21:00:00,3,0,1,1,31.16,36.365,66,15.0013,41,301,342,12080210.,09PM00.,08,21,4
2012-08-02 22:00:00,3,0,1,1,30.34,34.85,70,12.998,35,227,262,12080210.,10PM00.,08,22,4
2012-08-02 23:00:00,3,0,1,1,29.52,34.09,70,16.9979,25,152,177,12080210.,11PM00.,08,23,4
2012-08-03 00:00:00,3,0,1,1,29.52,34.09,70,12.998,15,56,71,12080310.,12AM00.,08,00,5
2012-08-03 01:00:00,3,0,1,1,28.7,33.335,74,12.998,11,32,43,12080310.,01AM00.,08,01,5
2012-08-03 02:00:00,3,0,1,1,27.88,31.82,79,15.0013,0,14,14,12080310.,02AM00.,08,02,5
2012-08-03 03:00:00,3,0,1,1,27.88,31.82,79,15.0013,1,5,6,12080310.,03AM00.,08,03,5
2012-08-03 04:00:00,3,0,1,1,27.06,30.305,83,16.9979,1,11,12,12080310.,04AM00.,08,04,5
2012-08-03 05:00:00,3,0,1,1,27.06,30.305,83,11.0014,2,35,37,12080310.,05AM00.,08,05,5
2012-08-03 06:00:00,3,0,1,1,27.06,30.305,83,15.0013,5,158,163,12080310.,06AM00.,08,06,5
2012-08-03 07:00:00,3,0,1,1,28.7,33.335,74,7.0015,25,396,421,12080310.,07AM00.,08,07,5
2012-08-03 08:00:00,3,0,1,1,29.52,34.09,70,8.9981,32,636,668,12080310.,08AM00.,08,08,5
2012-08-03 09:00:00,3,0,1,2,30.34,34.85,66,7.0015,69,327,396,12080310.,09AM00.,08,09,5
2012-08-03 10:00:00,3,0,1,2,32.8,37.12,52,12.998,82,167,249,12080310.,10AM00.,08,10,5
2012-08-03 11:00:00,3,0,1,2,34.44,39.395,49,19.0012,77,186,263,12080310.,11AM00.,08,11,5
2012-08-03 12:00:00,3,0,1,2,35.26,40.91,50,19.9995,95,243,338,12080310.,12PM00.,08,12,5
2012-08-03 13:00:00,3,0,1,2,35.26,40.15,47,19.0012,98,247,345,12080310.,01PM00.,08,13,5
2012-08-03 14:00:00,3,0,1,2,35.26,39.395,44,16.9979,102,229,331,12080310.,02PM00.,08,14,5
2012-08-03 15:00:00,3,0,1,1,36.08,40.91,42,16.9979,112,268,380,12080310.,03PM00.,08,15,5
2012-08-03 16:00:00,3,0,1,2,35.26,39.395,41,15.0013,112,380,492,12080310.,04PM00.,08,16,5
2012-08-03 17:00:00,3,0,1,2,34.44,40.15,53,19.0012,95,646,741,12080310.,05PM00.,08,17,5
2012-08-03 18:00:00,3,0,1,2,33.62,40.15,59,16.9979,98,573,671,12080310.,06PM00.,08,18,5
2012-08-03 19:00:00,3,0,1,2,32.8,39.395,63,15.0013,81,388,469,12080310.,07PM00.,08,19,5
2012-08-03 20:00:00,3,0,1,2,31.98,37.88,66,15.0013,89,300,389,12080310.,08PM00.,08,20,5
2012-08-03 21:00:00,3,0,1,2,31.16,36.365,66,12.998,54,224,278,12080310.,09PM00.,08,21,5
2012-08-03 22:00:00,3,0,1,1,31.16,36.365,70,16.9979,46,156,202,12080310.,10PM00.,08,22,5
2012-08-03 23:00:00,3,0,1,1,30.34,35.605,79,8.9981,26,170,196,12080310.,11PM00.,08,23,5
2012-08-04 00:00:00,3,0,0,1,30.34,35.605,79,11.0014,24,137,161,12080410.,12AM00.,08,00,6
2012-08-04 01:00:00,3,0,0,1,29.52,35.605,84,12.998,23,99,122,12080410.,01AM00.,08,01,6
2012-08-04 02:00:00,3,0,0,1,29.52,35.605,84,8.9981,20,64,84,12080410.,02AM00.,08,02,6
2012-08-04 03:00:00,3,0,0,1,29.52,35.605,84,8.9981,11,19,30,12080410.,03AM00.,08,03,6
2012-08-04 04:00:00,3,0,0,1,29.52,34.85,79,12.998,2,11,13,12080410.,04AM00.,08,04,6
2012-08-04 05:00:00,3,0,0,1,28.7,33.335,84,15.0013,1,16,17,12080410.,05AM00.,08,05,6
2012-08-04 06:00:00,3,0,0,1,28.7,33.335,84,15.0013,12,37,49,12080410.,06AM00.,08,06,6
2012-08-04 07:00:00,3,0,0,1,29.52,34.85,77,11.0014,18,49,67,12080410.,07AM00.,08,07,6
2012-08-04 08:00:00,3,0,0,1,30.34,36.365,72,12.998,49,132,181,12080410.,08AM00.,08,08,6
2012-08-04 09:00:00,3,0,0,1,31.98,37.88,65,15.0013,61,217,278,12080410.,09AM00.,08,09,6
2012-08-04 10:00:00,3,0,0,1,33.62,38.635,57,12.998,108,288,396,12080410.,10AM00.,08,10,6
2012-08-04 11:00:00,3,0,0,1,35.26,40.15,47,16.9979,155,315,470,12080410.,11AM00.,08,11,6
2012-08-04 12:00:00,3,0,0,1,35.26,39.395,40,23.9994,222,325,547,12080410.,12PM00.,08,12,6
2012-08-04 13:00:00,3,0,0,1,36.08,40.91,42,19.9995,195,332,527,12080410.,01PM00.,08,13,6
2012-08-04 14:00:00,3,0,0,1,36.08,40.15,40,26.0027,183,289,472,12080410.,02PM00.,08,14,6
2012-08-04 15:00:00,3,0,0,1,36.08,40.91,42,27.9993,205,284,489,12080410.,03PM00.,08,15,6
2012-08-04 16:00:00,3,0,0,1,36.9,40.91,39,19.9995,197,253,450,12080410.,04PM00.,08,16,6
2012-08-04 17:00:00,3,0,0,1,36.08,39.395,37,19.9995,179,313,492,12080410.,05PM00.,08,17,6
2012-08-04 18:00:00,3,0,0,1,35.26,39.395,41,22.0028,169,321,490,12080410.,06PM00.,08,18,6
2012-08-04 19:00:00,3,0,0,1,33.62,38.635,52,23.9994,133,264,397,12080410.,07PM00.,08,19,6
2012-08-04 20:00:00,3,0,0,1,33.62,38.635,52,19.9995,117,195,312,12080410.,08PM00.,08,20,6
2012-08-04 21:00:00,3,0,0,1,32.8,38.635,59,16.9979,96,193,289,12080410.,09PM00.,08,21,6
2012-08-04 22:00:00,3,0,0,1,31.16,36.365,66,19.0012,104,165,269,12080410.,10PM00.,08,22,6
2012-08-04 23:00:00,3,0,0,1,31.16,36.365,66,19.9995,61,161,222,12080410.,11PM00.,08,23,6
2012-08-05 00:00:00,3,0,0,1,30.34,34.85,70,19.0012,32,121,153,12080510.,12AM00.,08,00,7
2012-08-05 01:00:00,3,0,0,1,30.34,34.85,70,16.9979,8,79,87,12080510.,01AM00.,08,01,7
2012-08-05 02:00:00,3,0,0,1,30.34,34.85,70,19.9995,5,68,73,12080510.,02AM00.,08,02,7
2012-08-05 03:00:00,3,0,0,1,29.52,34.85,74,16.9979,9,32,41,12080510.,03AM00.,08,03,7
2012-08-05 04:00:00,3,0,0,1,29.52,34.85,74,16.9979,3,11,14,12080510.,04AM00.,08,04,7
2012-08-05 05:00:00,3,0,0,1,29.52,34.85,74,16.9979,1,18,19,12080510.,05AM00.,08,05,7
2012-08-05 06:00:00,3,0,0,1,29.52,34.85,79,16.9979,7,12,19,12080510.,06AM00.,08,06,7
2012-08-05 07:00:00,3,0,0,1,30.34,35.605,74,19.9995,18,50,68,12080510.,07AM00.,08,07,7
2012-08-05 08:00:00,3,0,0,1,31.16,36.365,66,22.0028,27,81,108,12080510.,08AM00.,08,08,7
2012-08-05 09:00:00,3,0,0,1,32.8,38.635,59,23.9994,61,168,229,12080510.,09AM00.,08,09,7
2012-08-05 10:00:00,3,0,0,1,32.8,38.635,59,27.9993,111,253,364,12080510.,10AM00.,08,10,7
2012-08-05 11:00:00,3,0,0,1,33.62,39.395,56,27.9993,155,282,437,12080510.,11AM00.,08,11,7
2012-08-05 12:00:00,3,0,0,1,35.26,40.15,47,35.0008,161,330,491,12080510.,12PM00.,08,12,7
2012-08-05 13:00:00,3,0,0,1,36.08,40.91,44,31.0009,208,315,523,12080510.,01PM00.,08,13,7
2012-08-05 14:00:00,3,0,0,1,36.9,42.425,42,31.0009,161,365,526,12080510.,02PM00.,08,14,7
2012-08-05 15:00:00,3,0,0,1,36.9,40.91,37,35.0008,164,286,450,12080510.,03PM00.,08,15,7
2012-08-05 16:00:00,3,0,0,1,33.62,37.88,46,16.9979,143,278,421,12080510.,04PM00.,08,16,7
2012-08-05 17:00:00,3,0,0,1,33.62,37.88,46,16.9979,122,260,382,12080510.,05PM00.,08,17,7
2012-08-05 18:00:00,3,0,0,3,28.7,33.335,74,8.9981,75,154,229,12080510.,06PM00.,08,18,7
2012-08-05 19:00:00,3,0,0,1,28.7,33.335,84,15.0013,46,139,185,12080510.,07PM00.,08,19,7
2012-08-05 20:00:00,3,0,0,1,28.7,33.335,84,7.0015,53,140,193,12080510.,08PM00.,08,20,7
2012-08-05 21:00:00,3,0,0,1,29.52,34.85,79,7.0015,51,157,208,12080510.,09PM00.,08,21,7
2012-08-05 22:00:00,3,0,0,1,29.52,34.85,79,6.0032,57,100,157,12080510.,10PM00.,08,22,7
2012-08-05 23:00:00,3,0,0,2,29.52,34.85,79,11.0014,29,58,87,12080510.,11PM00.,08,23,7
2012-08-06 00:00:00,3,0,1,2,29.52,34.85,79,0.0,9,24,33,12080610.,12AM00.,08,00,1
2012-08-06 01:00:00,3,0,1,1,29.52,34.85,79,6.0032,1,10,11,12080610.,01AM00.,08,01,1
2012-08-06 02:00:00,3,0,1,2,29.52,34.85,79,8.9981,0,5,5,12080610.,02AM00.,08,02,1
2012-08-06 03:00:00,3,0,1,3,29.52,34.85,79,6.0032,0,5,5,12080610.,03AM00.,08,03,1
2012-08-06 04:00:00,3,0,1,2,29.52,34.85,74,8.9981,3,8,11,12080610.,04AM00.,08,04,1
2012-08-06 05:00:00,3,0,1,1,28.7,33.335,79,12.998,2,23,25,12080610.,05AM00.,08,05,1
2012-08-06 06:00:00,3,0,1,2,28.7,33.335,79,15.0013,4,137,141,12080610.,06AM00.,08,06,1
2012-08-06 07:00:00,3,0,1,3,29.52,34.09,70,12.998,14,393,407,12080610.,07AM00.,08,07,1
2012-08-06 08:00:00,3,0,1,2,28.7,33.335,79,0.0,27,578,605,12080610.,08AM00.,08,08,1
2012-08-06 09:00:00,3,0,1,3,28.7,33.335,79,11.0014,28,248,276,12080610.,09AM00.,08,09,1
2012-08-06 10:00:00,3,0,1,1,30.34,34.85,70,15.0013,54,159,213,12080610.,10AM00.,08,10,1
2012-08-06 11:00:00,3,0,1,1,31.16,36.365,66,8.9981,108,152,260,12080610.,11AM00.,08,11,1
2012-08-06 12:00:00,3,0,1,2,31.98,36.365,55,6.0032,72,213,285,12080610.,12PM00.,08,12,1
2012-08-06 13:00:00,3,0,1,1,32.8,37.12,49,15.0013,85,204,289,12080610.,01PM00.,08,13,1
2012-08-06 14:00:00,3,0,1,1,33.62,37.88,46,0.0,99,188,287,12080610.,02PM00.,08,14,1
2012-08-06 15:00:00,3,0,1,1,33.62,37.88,46,8.9981,91,183,274,12080610.,03PM00.,08,15,1
2012-08-06 16:00:00,3,0,1,1,34.44,37.88,41,7.0015,88,363,451,12080610.,04PM00.,08,16,1
2012-08-06 17:00:00,3,0,1,1,33.62,37.12,41,0.0,112,746,858,12080610.,05PM00.,08,17,1
2012-08-06 18:00:00,3,0,1,1,33.62,37.12,41,8.9981,100,743,843,12080610.,06PM00.,08,18,1
2012-08-06 19:00:00,3,0,1,1,31.98,37.12,59,12.998,109,531,640,12080610.,07PM00.,08,19,1
2012-08-06 20:00:00,3,0,1,1,31.16,36.365,66,11.0014,89,368,457,12080610.,08PM00.,08,20,1
2012-08-06 21:00:00,3,0,1,1,30.34,34.85,70,12.998,72,245,317,12080610.,09PM00.,08,21,1
2012-08-06 22:00:00,3,0,1,1,30.34,34.85,70,6.0032,50,157,207,12080610.,10PM00.,08,22,1
2012-08-06 23:00:00,3,0,1,1,29.52,34.85,74,12.998,16,97,113,12080610.,11PM00.,08,23,1
2012-08-07 00:00:00,3,0,1,1,28.7,33.335,84,12.998,15,32,47,12080710.,12AM00.,08,00,2
2012-08-07 01:00:00,3,0,1,1,28.7,33.335,84,8.9981,2,16,18,12080710.,01AM00.,08,01,2
2012-08-07 02:00:00,3,0,1,1,28.7,33.335,84,8.9981,6,7,13,12080710.,02AM00.,08,02,2
2012-08-07 03:00:00,3,0,1,1,28.7,33.335,84,0.0,0,6,6,12080710.,03AM00.,08,03,2
2012-08-07 04:00:00,3,0,1,1,27.88,31.82,83,8.9981,2,7,9,12080710.,04AM00.,08,04,2
2012-08-07 05:00:00,3,0,1,1,28.7,33.335,79,7.0015,3,33,36,12080710.,05AM00.,08,05,2
2012-08-07 06:00:00,3,0,1,2,28.7,33.335,79,12.998,3,176,179,12080710.,06AM00.,08,06,2
2012-08-07 07:00:00,3,0,1,2,28.7,33.335,74,8.9981,21,481,502,12080710.,07AM00.,08,07,2
2012-08-07 08:00:00,3,0,1,2,28.7,32.575,70,11.0014,41,664,705,12080710.,08AM00.,08,08,2
2012-08-07 09:00:00,3,0,1,2,28.7,33.335,74,8.9981,44,283,327,12080710.,09AM00.,08,09,2
2012-08-07 10:00:00,3,0,1,2,30.34,34.85,70,8.9981,89,161,250,12080710.,10AM00.,08,10,2
2012-08-07 11:00:00,3,0,1,2,31.16,36.365,66,6.0032,84,130,214,12080710.,11AM00.,08,11,2
2012-08-07 12:00:00,3,0,1,2,32.8,37.88,55,8.9981,86,197,283,12080710.,12PM00.,08,12,2
2012-08-07 13:00:00,3,0,1,2,32.8,37.12,52,12.998,68,185,253,12080710.,01PM00.,08,13,2
2012-08-07 14:00:00,3,0,1,2,33.62,37.88,46,0.0,76,185,261,12080710.,02PM00.,08,14,2
2012-08-07 15:00:00,3,0,1,1,32.8,37.12,52,0.0,100,206,306,12080710.,03PM00.,08,15,2
2012-08-07 16:00:00,3,0,1,3,31.16,36.365,66,19.0012,101,344,445,12080710.,04PM00.,08,16,2
2012-08-07 17:00:00,3,0,1,2,31.98,37.12,62,8.9981,125,743,868,12080710.,05PM00.,08,17,2
2012-08-07 18:00:00,3,0,1,2,31.16,35.605,62,11.0014,103,711,814,12080710.,06PM00.,08,18,2
2012-08-07 19:00:00,3,0,1,2,31.16,36.365,66,7.0015,104,506,610,12080710.,07PM00.,08,19,2
2012-08-07 20:00:00,3,0,1,2,30.34,34.85,70,8.9981,74,374,448,12080710.,08PM00.,08,20,2
2012-08-07 21:00:00,3,0,1,2,29.52,34.85,74,0.0,70,247,317,12080710.,09PM00.,08,21,2
2012-08-07 22:00:00,3,0,1,1,29.52,34.85,74,7.0015,43,181,224,12080710.,10PM00.,08,22,2
2012-08-07 23:00:00,3,0,1,1,29.52,34.85,79,0.0,18,120,138,12080710.,11PM00.,08,23,2
2012-08-08 00:00:00,3,0,1,1,28.7,33.335,84,0.0,12,46,58,12080810.,12AM00.,08,00,3
2012-08-08 01:00:00,3,0,1,1,29.52,34.85,79,0.0,3,20,23,12080810.,01AM00.,08,01,3
2012-08-08 02:00:00,3,0,1,1,28.7,33.335,84,0.0,1,5,6,12080810.,02AM00.,08,02,3
2012-08-08 03:00:00,3,0,1,1,28.7,33.335,84,0.0,1,6,7,12080810.,03AM00.,08,03,3
2012-08-08 04:00:00,3,0,1,1,28.7,33.335,84,0.0,1,6,7,12080810.,04AM00.,08,04,3
2012-08-08 05:00:00,3,0,1,2,27.88,31.82,89,11.0014,3,40,43,12080810.,05AM00.,08,05,3
2012-08-08 06:00:00,3,0,1,2,28.7,33.335,84,11.0014,4,169,173,12080810.,06AM00.,08,06,3
2012-08-08 07:00:00,3,0,1,2,28.7,33.335,84,11.0014,24,458,482,12080810.,07AM00.,08,07,3
2012-08-08 08:00:00,3,0,1,2,30.34,36.365,72,6.0032,48,689,737,12080810.,08AM00.,08,08,3
2012-08-08 09:00:00,3,0,1,2,31.16,36.365,66,0.0,33,308,341,12080810.,09AM00.,08,09,3
2012-08-08 10:00:00,3,0,1,2,32.8,37.12,52,8.9981,63,151,214,12080810.,10AM00.,08,10,3
2012-08-08 11:00:00,3,0,1,2,32.8,37.12,52,0.0,80,159,239,12080810.,11AM00.,08,11,3
2012-08-08 12:00:00,3,0,1,2,32.8,37.12,52,0.0,63,217,280,12080810.,12PM00.,08,12,3
2012-08-08 13:00:00,3,0,1,2,32.8,37.12,52,0.0,101,212,313,12080810.,01PM00.,08,13,3
2012-08-08 14:00:00,3,0,1,2,32.8,37.12,52,16.9979,63,173,236,12080810.,02PM00.,08,14,3
2012-08-08 15:00:00,3,0,1,2,34.44,37.88,44,12.998,110,168,278,12080810.,03PM00.,08,15,3
2012-08-08 16:00:00,3,0,1,2,32.8,37.12,49,19.0012,113,328,441,12080810.,04PM00.,08,16,3
2012-08-08 17:00:00,3,0,1,2,32.8,37.88,55,19.0012,107,751,858,12080810.,05PM00.,08,17,3
2012-08-08 18:00:00,3,0,1,2,31.98,36.365,55,11.0014,117,745,862,12080810.,06PM00.,08,18,3
2012-08-08 19:00:00,3,0,1,1,31.16,36.365,66,15.0013,119,567,686,12080810.,07PM00.,08,19,3
2012-08-08 20:00:00,3,0,1,1,30.34,34.85,66,12.998,76,424,500,12080810.,08PM00.,08,20,3
2012-08-08 21:00:00,3,0,1,1,30.34,34.85,66,7.0015,70,311,381,12080810.,09PM00.,08,21,3
2012-08-08 22:00:00,3,0,1,1,29.52,34.85,74,7.0015,35,198,233,12080810.,10PM00.,08,22,3
2012-08-08 23:00:00,3,0,1,1,29.52,34.09,70,8.9981,16,120,136,12080810.,11PM00.,08,23,3
2012-08-09 00:00:00,3,0,1,1,29.52,34.85,74,12.998,16,51,67,12080910.,12AM00.,08,00,4
2012-08-09 01:00:00,3,0,1,1,28.7,33.335,79,8.9981,5,23,28,12080910.,01AM00.,08,01,4
2012-08-09 02:00:00,3,0,1,1,28.7,33.335,84,6.0032,2,12,14,12080910.,02AM00.,08,02,4
2012-08-09 03:00:00,3,0,1,1,27.88,31.82,83,6.0032,1,5,6,12080910.,03AM00.,08,03,4
2012-08-09 04:00:00,3,0,1,2,27.88,31.82,89,8.9981,0,10,10,12080910.,04AM00.,08,04,4
2012-08-09 05:00:00,3,0,1,2,27.06,29.545,94,0.0,4,37,41,12080910.,05AM00.,08,05,4
2012-08-09 06:00:00,3,0,1,1,27.06,30.305,83,11.0014,5,162,167,12080910.,06AM00.,08,06,4
2012-08-09 07:00:00,3,0,1,2,28.7,33.335,84,11.0014,24,451,475,12080910.,07AM00.,08,07,4
2012-08-09 08:00:00,3,0,1,1,29.52,34.85,74,7.0015,28,670,698,12080910.,08AM00.,08,08,4
2012-08-09 09:00:00,3,0,1,1,31.16,36.365,66,11.0014,54,299,353,12080910.,09AM00.,08,09,4
2012-08-09 10:00:00,3,0,1,1,32.8,37.88,55,15.0013,72,133,205,12080910.,10AM00.,08,10,4
2012-08-09 11:00:00,3,0,1,1,34.44,37.88,44,0.0,94,166,260,12080910.,11AM00.,08,11,4
2012-08-09 12:00:00,3,0,1,1,34.44,37.88,44,7.0015,85,192,277,12080910.,12PM00.,08,12,4
2012-08-09 13:00:00,3,0,1,1,35.26,39.395,41,7.0015,80,201,281,12080910.,01PM00.,08,13,4
2012-08-09 14:00:00,3,0,1,1,36.08,38.635,32,15.0013,86,161,247,12080910.,02PM00.,08,14,4
2012-08-09 15:00:00,3,0,1,1,36.08,38.635,32,15.0013,63,204,267,12080910.,03PM00.,08,15,4
2012-08-09 16:00:00,3,0,1,1,35.26,38.635,39,16.9979,97,320,417,12080910.,04PM00.,08,16,4
2012-08-09 17:00:00,3,0,1,1,35.26,37.88,36,16.9979,111,699,810,12080910.,05PM00.,08,17,4
2012-08-09 18:00:00,3,0,1,2,33.62,37.88,46,16.9979,78,733,811,12080910.,06PM00.,08,18,4
2012-08-09 19:00:00,3,0,1,1,32.8,37.88,55,12.998,90,533,623,12080910.,07PM00.,08,19,4
2012-08-09 20:00:00,3,0,1,1,28.7,32.575,54,19.0012,91,387,478,12080910.,08PM00.,08,20,4
2012-08-09 21:00:00,3,0,1,2,28.7,32.575,58,11.0014,50,286,336,12080910.,09PM00.,08,21,4
2012-08-09 22:00:00,3,0,1,2,27.06,31.06,69,15.0013,41,218,259,12080910.,10PM00.,08,22,4
2012-08-09 23:00:00,3,0,1,1,27.06,31.06,74,0.0,19,137,156,12080910.,11PM00.,08,23,4
2012-08-10 00:00:00,3,0,1,1,28.7,32.575,65,6.0032,17,68,85,12081010.,12AM00.,08,00,5
2012-08-10 01:00:00,3,0,1,1,28.7,32.575,65,7.0015,6,35,41,12081010.,01AM00.,08,01,5
2012-08-10 02:00:00,3,0,1,1,28.7,33.335,74,11.0014,6,14,20,12081010.,02AM00.,08,02,5
2012-08-10 03:00:00,3,0,1,2,29.52,34.85,79,12.998,3,6,9,12081010.,03AM00.,08,03,5
2012-08-10 04:00:00,3,0,1,3,28.7,33.335,84,19.0012,0,7,7,12081010.,04AM00.,08,04,5
2012-08-10 05:00:00,3,0,1,3,28.7,33.335,84,19.0012,4,29,33,12081010.,05AM00.,08,05,5
2012-08-10 06:00:00,3,0,1,3,26.24,28.79,89,19.9995,3,41,44,12081010.,06AM00.,08,06,5
2012-08-10 07:00:00,3,0,1,3,26.24,28.79,89,7.0015,5,128,133,12081010.,07AM00.,08,07,5
2012-08-10 08:00:00,3,0,1,3,25.42,27.275,91,11.0014,7,112,119,12081010.,08AM00.,08,08,5
2012-08-10 09:00:00,3,0,1,2,26.24,28.79,89,0.0,21,199,220,12081010.,09AM00.,08,09,5
2012-08-10 10:00:00,3,0,1,1,27.06,29.545,89,7.0015,27,166,193,12081010.,10AM00.,08,10,5
2012-08-10 11:00:00,3,0,1,3,27.88,31.82,79,8.9981,73,178,251,12081010.,11AM00.,08,11,5
2012-08-10 12:00:00,3,0,1,2,30.34,34.85,66,23.9994,75,240,315,12081010.,12PM00.,08,12,5
2012-08-10 13:00:00,3,0,1,2,31.16,35.605,58,23.9994,66,224,290,12081010.,01PM00.,08,13,5
2012-08-10 14:00:00,3,0,1,1,31.16,35.605,58,23.9994,71,236,307,12081010.,02PM00.,08,14,5
2012-08-10 15:00:00,3,0,1,1,32.8,37.12,52,30.0026,100,224,324,12081010.,03PM00.,08,15,5
2012-08-10 16:00:00,3,0,1,1,31.98,36.365,55,19.9995,96,371,467,12081010.,04PM00.,08,16,5
2012-08-10 17:00:00,3,0,1,1,32.8,37.12,52,19.0012,111,619,730,12081010.,05PM00.,08,17,5
2012-08-10 18:00:00,3,0,1,1,31.16,35.605,62,19.9995,88,552,640,12081010.,06PM00.,08,18,5
2012-08-10 19:00:00,3,0,1,1,31.16,35.605,62,19.0012,98,394,492,12081010.,07PM00.,08,19,5
2012-08-10 20:00:00,3,0,1,1,30.34,34.85,66,19.9995,55,315,370,12081010.,08PM00.,08,20,5
2012-08-10 21:00:00,3,0,1,1,30.34,34.85,66,16.9979,50,236,286,12081010.,09PM00.,08,21,5
2012-08-10 22:00:00,3,0,1,1,29.52,34.85,74,19.0012,50,168,218,12081010.,10PM00.,08,22,5
2012-08-10 23:00:00,3,0,1,1,29.52,34.09,70,19.0012,33,159,192,12081010.,11PM00.,08,23,5
2012-08-11 00:00:00,3,0,0,1,28.7,32.575,70,19.0012,38,142,180,12081110.,12AM00.,08,00,6
2012-08-11 01:00:00,3,0,0,1,27.06,31.06,74,15.0013,32,84,116,12081110.,01AM00.,08,01,6
2012-08-11 02:00:00,3,0,0,3,26.24,29.545,78,12.998,19,66,85,12081110.,02AM00.,08,02,6
2012-08-11 03:00:00,3,0,0,3,25.42,28.79,83,11.0014,2,19,21,12081110.,03AM00.,08,03,6
2012-08-11 04:00:00,3,0,0,1,25.42,28.79,83,7.0015,3,7,10,12081110.,04AM00.,08,04,6
2012-08-11 05:00:00,3,0,0,1,25.42,28.03,88,7.0015,2,9,11,12081110.,05AM00.,08,05,6
2012-08-11 06:00:00,3,0,0,2,25.42,28.03,88,7.0015,5,18,23,12081110.,06AM00.,08,06,6
2012-08-11 07:00:00,3,0,0,1,26.24,28.79,83,6.0032,8,54,62,12081110.,07AM00.,08,07,6
2012-08-11 08:00:00,3,0,0,1,27.06,30.305,83,7.0015,30,132,162,12081110.,08AM00.,08,08,6
2012-08-11 09:00:00,3,0,0,1,27.88,31.82,79,12.998,54,217,271,12081110.,09AM00.,08,09,6
2012-08-11 10:00:00,3,0,0,1,29.52,34.09,62,6.0032,125,282,407,12081110.,10AM00.,08,10,6
2012-08-11 11:00:00,3,0,0,1,30.34,34.85,66,11.0014,203,296,499,12081110.,11AM00.,08,11,6
2012-08-11 12:00:00,3,0,0,1,31.16,35.605,58,15.0013,214,332,546,12081110.,12PM00.,08,12,6
2012-08-11 13:00:00,3,0,0,1,32.8,37.12,49,23.9994,228,341,569,12081110.,01PM00.,08,13,6
2012-08-11 14:00:00,3,0,0,1,32.8,37.12,49,19.9995,248,290,538,12081110.,02PM00.,08,14,6
2012-08-11 15:00:00,3,0,0,1,32.8,36.365,46,19.0012,246,316,562,12081110.,03PM00.,08,15,6
2012-08-11 16:00:00,3,0,0,1,32.8,36.365,46,19.9995,227,304,531,12081110.,04PM00.,08,16,6
2012-08-11 17:00:00,3,0,0,3,30.34,34.85,66,23.9994,220,292,512,12081110.,05PM00.,08,17,6
2012-08-11 18:00:00,3,0,0,2,28.7,33.335,74,19.9995,107,193,300,12081110.,06PM00.,08,18,6
2012-08-11 19:00:00,3,0,0,2,27.06,29.545,89,7.0015,97,178,275,12081110.,07PM00.,08,19,6
2012-08-11 20:00:00,3,0,0,3,27.06,29.545,89,27.9993,31,129,160,12081110.,08PM00.,08,20,6
2012-08-11 21:00:00,3,0,0,2,27.06,29.545,89,11.0014,26,102,128,12081110.,09PM00.,08,21,6
2012-08-11 22:00:00,3,0,0,2,27.06,29.545,89,11.0014,40,128,168,12081110.,10PM00.,08,22,6
2012-08-11 23:00:00,3,0,0,3,27.06,30.305,78,11.0014,42,121,163,12081110.,11PM00.,08,23,6
2012-08-12 00:00:00,3,0,0,2,26.24,30.305,73,8.9981,24,96,120,12081210.,12AM00.,08,00,7
2012-08-12 01:00:00,3,0,0,1,25.42,29.545,78,8.9981,21,92,113,12081210.,01AM00.,08,01,7
2012-08-12 02:00:00,3,0,0,1,26.24,30.305,69,8.9981,19,67,86,12081210.,02AM00.,08,02,7
2012-08-12 03:00:00,3,0,0,1,25.42,29.545,73,6.0032,11,37,48,12081210.,03AM00.,08,03,7
2012-08-12 04:00:00,3,0,0,1,26.24,30.305,69,6.0032,2,8,10,12081210.,04AM00.,08,04,7
2012-08-12 05:00:00,3,0,0,1,26.24,31.06,61,12.998,1,9,10,12081210.,05AM00.,08,05,7
2012-08-12 06:00:00,3,0,0,1,26.24,30.305,65,11.0014,2,14,16,12081210.,06AM00.,08,06,7
2012-08-12 07:00:00,3,0,0,1,26.24,30.305,65,8.9981,9,30,39,12081210.,07AM00.,08,07,7
2012-08-12 08:00:00,3,0,0,1,27.06,31.06,54,15.0013,35,84,119,12081210.,08AM00.,08,08,7
2012-08-12 09:00:00,3,0,0,1,28.7,32.575,48,15.0013,64,153,217,12081210.,09AM00.,08,09,7
2012-08-12 10:00:00,3,0,0,1,28.7,32.575,51,11.0014,88,240,328,12081210.,10AM00.,08,10,7
2012-08-12 11:00:00,3,0,0,1,30.34,33.335,42,11.0014,167,282,449,12081210.,11AM00.,08,11,7
2012-08-12 12:00:00,3,0,0,1,30.34,33.335,42,12.998,163,342,505,12081210.,12PM00.,08,12,7
2012-08-12 13:00:00,3,0,0,1,31.98,34.85,40,0.0,178,365,543,12081210.,01PM00.,08,13,7
2012-08-12 14:00:00,3,0,0,1,31.16,34.09,40,12.998,213,366,579,12081210.,02PM00.,08,14,7
2012-08-12 15:00:00,3,0,0,1,31.16,34.09,40,8.9981,235,342,577,12081210.,03PM00.,08,15,7
2012-08-12 16:00:00,3,0,0,1,31.16,34.09,40,7.0015,213,300,513,12081210.,04PM00.,08,16,7
2012-08-12 17:00:00,3,0,0,1,32.8,34.85,33,0.0,186,319,505,12081210.,05PM00.,08,17,7
2012-08-12 18:00:00,3,0,0,1,31.98,34.09,35,7.0015,164,327,491,12081210.,06PM00.,08,18,7
2012-08-12 19:00:00,3,0,0,1,30.34,32.575,40,8.9981,148,317,465,12081210.,07PM00.,08,19,7
2012-08-12 20:00:00,3,0,0,1,29.52,32.575,45,0.0,96,204,300,12081210.,08PM00.,08,20,7
2012-08-12 21:00:00,3,0,0,1,29.52,33.335,51,6.0032,78,142,220,12081210.,09PM00.,08,21,7
2012-08-12 22:00:00,3,0,0,1,28.7,32.575,58,8.9981,40,141,181,12081210.,10PM00.,08,22,7
2012-08-12 23:00:00,3,0,0,1,27.88,31.82,61,0.0,25,85,110,12081210.,11PM00.,08,23,7
2012-08-13 00:00:00,3,0,1,1,27.06,31.06,65,7.0015,14,33,47,12081310.,12AM00.,08,00,1
2012-08-13 01:00:00,3,0,1,1,27.06,31.06,65,6.0032,3,11,14,12081310.,01AM00.,08,01,1
2012-08-13 02:00:00,3,0,1,1,26.24,30.305,69,7.0015,1,8,9,12081310.,02AM00.,08,02,1
2012-08-13 03:00:00,3,0,1,1,26.24,30.305,69,0.0,1,5,6,12081310.,03AM00.,08,03,1
2012-08-13 04:00:00,3,0,1,1,26.24,30.305,69,7.0015,0,11,11,12081310.,04AM00.,08,04,1
2012-08-13 05:00:00,3,0,1,1,26.24,30.305,69,7.0015,3,33,36,12081310.,05AM00.,08,05,1
2012-08-13 06:00:00,3,0,1,1,25.42,29.545,73,6.0032,4,155,159,12081310.,06AM00.,08,06,1
2012-08-13 07:00:00,3,0,1,1,27.06,31.06,65,8.9981,11,425,436,12081310.,07AM00.,08,07,1
2012-08-13 08:00:00,3,0,1,2,29.52,33.335,51,6.0032,25,648,673,12081310.,08AM00.,08,08,1
2012-08-13 09:00:00,3,0,1,2,30.34,33.335,45,0.0,40,265,305,12081310.,09AM00.,08,09,1
2012-08-13 10:00:00,3,0,1,2,31.16,34.09,40,0.0,88,111,199,12081310.,10AM00.,08,10,1
2012-08-13 11:00:00,3,0,1,1,31.16,34.09,40,6.0032,94,151,245,12081310.,11AM00.,08,11,1
2012-08-13 12:00:00,3,0,1,1,31.98,34.85,40,12.998,96,180,276,12081310.,12PM00.,08,12,1
2012-08-13 13:00:00,3,0,1,1,31.98,34.85,40,11.0014,79,175,254,12081310.,01PM00.,08,13,1
2012-08-13 14:00:00,3,0,1,1,32.8,34.85,33,7.0015,85,163,248,12081310.,02PM00.,08,14,1
2012-08-13 15:00:00,3,0,1,1,33.62,36.365,34,15.0013,80,194,274,12081310.,03PM00.,08,15,1
2012-08-13 16:00:00,3,0,1,1,32.8,35.605,36,6.0032,116,348,464,12081310.,04PM00.,08,16,1
2012-08-13 17:00:00,3,0,1,1,32.8,35.605,36,11.0014,102,716,818,12081310.,05PM00.,08,17,1
2012-08-13 18:00:00,3,0,1,1,31.16,34.85,52,19.0012,103,709,812,12081310.,06PM00.,08,18,1
2012-08-13 19:00:00,3,0,1,1,30.34,34.09,58,11.0014,88,467,555,12081310.,07PM00.,08,19,1
2012-08-13 20:00:00,3,0,1,1,30.34,34.09,62,15.0013,58,374,432,12081310.,08PM00.,08,20,1
2012-08-13 21:00:00,3,0,1,1,29.52,34.09,66,12.998,44,246,290,12081310.,09PM00.,08,21,1
2012-08-13 22:00:00,3,0,1,1,29.52,34.09,62,22.0028,44,148,192,12081310.,10PM00.,08,22,1
2012-08-13 23:00:00,3,0,1,1,28.7,32.575,70,15.0013,28,100,128,12081310.,11PM00.,08,23,1
2012-08-14 00:00:00,3,0,1,1,28.7,33.335,74,15.0013,12,48,60,12081410.,12AM00.,08,00,2
2012-08-14 01:00:00,3,0,1,1,27.88,31.82,79,16.9979,8,19,27,12081410.,01AM00.,08,01,2
2012-08-14 02:00:00,3,0,1,2,27.88,31.82,83,12.998,2,9,11,12081410.,02AM00.,08,02,2
2012-08-14 03:00:00,3,0,1,2,27.88,31.82,83,12.998,0,3,3,12081410.,03AM00.,08,03,2
2012-08-14 04:00:00,3,0,1,2,27.88,31.82,83,12.998,0,5,5,12081410.,04AM00.,08,04,2
2012-08-14 05:00:00,3,0,1,2,27.88,31.82,89,12.998,1,35,36,12081410.,05AM00.,08,05,2
2012-08-14 06:00:00,3,0,1,3,26.24,28.79,83,12.998,1,63,64,12081410.,06AM00.,08,06,2
2012-08-14 07:00:00,3,0,1,2,27.06,30.305,83,6.0032,1,178,179,12081410.,07AM00.,08,07,2
2012-08-14 08:00:00,3,0,1,2,27.06,29.545,89,6.0032,27,591,618,12081410.,08AM00.,08,08,2
2012-08-14 09:00:00,3,0,1,2,28.7,33.335,74,0.0,48,354,402,12081410.,09AM00.,08,09,2
2012-08-14 10:00:00,3,0,1,1,28.7,33.335,79,7.0015,53,155,208,12081410.,10AM00.,08,10,2
2012-08-14 11:00:00,3,0,1,1,30.34,34.09,62,0.0,69,127,196,12081410.,11AM00.,08,11,2
2012-08-14 12:00:00,3,0,1,1,31.98,35.605,49,8.9981,93,207,300,12081410.,12PM00.,08,12,2
2012-08-14 13:00:00,3,0,1,1,32.8,36.365,46,6.0032,83,203,286,12081410.,01PM00.,08,13,2
2012-08-14 14:00:00,3,0,1,1,33.62,37.12,41,15.0013,80,175,255,12081410.,02PM00.,08,14,2
2012-08-14 15:00:00,3,0,1,1,33.62,37.88,46,15.0013,84,199,283,12081410.,03PM00.,08,15,2
2012-08-14 16:00:00,3,0,1,1,33.62,37.12,43,15.0013,95,363,458,12081410.,04PM00.,08,16,2
2012-08-14 17:00:00,3,0,1,3,31.16,36.365,66,16.9979,78,734,812,12081410.,05PM00.,08,17,2
2012-08-14 18:00:00,3,0,1,1,31.16,35.605,62,19.0012,97,757,854,12081410.,06PM00.,08,18,2
2012-08-14 19:00:00,3,0,1,1,31.16,36.365,66,12.998,94,533,627,12081410.,07PM00.,08,19,2
2012-08-14 20:00:00,3,0,1,1,30.34,35.605,74,15.0013,65,371,436,12081410.,08PM00.,08,20,2
2012-08-14 21:00:00,3,0,1,1,30.34,34.09,62,15.0013,56,252,308,12081410.,09PM00.,08,21,2
2012-08-14 22:00:00,3,0,1,1,29.52,34.09,66,6.0032,28,161,189,12081410.,10PM00.,08,22,2
2012-08-14 23:00:00,3,0,1,1,29.52,34.09,66,11.0014,53,114,167,12081410.,11PM00.,08,23,2
2012-08-15 00:00:00,3,0,1,1,28.7,32.575,61,12.998,8,52,60,12081510.,12AM00.,08,00,3
2012-08-15 01:00:00,3,0,1,1,28.7,32.575,61,0.0,6,31,37,12081510.,01AM00.,08,01,3
2012-08-15 02:00:00,3,0,1,1,27.88,31.82,65,0.0,1,7,8,12081510.,02AM00.,08,02,3
2012-08-15 03:00:00,3,0,1,1,27.06,31.06,74,7.0015,1,10,11,12081510.,03AM00.,08,03,3
2012-08-15 04:00:00,3,0,1,1,26.24,28.79,83,7.0015,0,4,4,12081510.,04AM00.,08,04,3
2012-08-15 05:00:00,3,0,1,1,26.24,29.545,78,7.0015,4,35,39,12081510.,05AM00.,08,05,3
2012-08-15 06:00:00,3,0,1,1,26.24,29.545,78,7.0015,12,160,172,12081510.,06AM00.,08,06,3
2012-08-15 07:00:00,3,0,1,2,27.06,31.06,69,12.998,25,467,492,12081510.,07AM00.,08,07,3
2012-08-15 08:00:00,3,0,1,2,28.7,32.575,65,19.0012,40,642,682,12081510.,08AM00.,08,08,3
2012-08-15 09:00:00,3,0,1,2,29.52,34.09,62,12.998,57,310,367,12081510.,09AM00.,08,09,3
2012-08-15 10:00:00,3,0,1,2,29.52,34.09,62,12.998,70,163,233,12081510.,10AM00.,08,10,3
2012-08-15 11:00:00,3,0,1,2,30.34,34.09,58,12.998,80,155,235,12081510.,11AM00.,08,11,3
2012-08-15 12:00:00,3,0,1,1,30.34,34.09,55,15.0013,77,230,307,12081510.,12PM00.,08,12,3
2012-08-15 13:00:00,3,0,1,2,31.98,35.605,49,12.998,88,206,294,12081510.,01PM00.,08,13,3
2012-08-15 14:00:00,3,0,1,2,31.16,34.85,52,19.9995,94,161,255,12081510.,02PM00.,08,14,3
2012-08-15 15:00:00,3,0,1,1,31.16,34.85,52,16.9979,70,196,266,12081510.,03PM00.,08,15,3
2012-08-15 16:00:00,3,0,1,1,31.16,34.09,48,12.998,91,340,431,12081510.,04PM00.,08,16,3
2012-08-15 17:00:00,3,0,1,1,30.34,34.09,55,19.0012,102,749,851,12081510.,05PM00.,08,17,3
2012-08-15 18:00:00,3,0,1,1,30.34,33.335,51,15.0013,80,768,848,12081510.,06PM00.,08,18,3
2012-08-15 19:00:00,3,0,1,1,28.7,32.575,61,8.9981,124,525,649,12081510.,07PM00.,08,19,3
2012-08-15 20:00:00,3,0,1,1,28.7,32.575,61,8.9981,72,355,427,12081510.,08PM00.,08,20,3
2012-08-15 21:00:00,3,0,1,1,28.7,32.575,61,12.998,49,266,315,12081510.,09PM00.,08,21,3
2012-08-15 22:00:00,3,0,1,1,28.7,32.575,61,11.0014,29,197,226,12081510.,10PM00.,08,22,3
2012-08-15 23:00:00,3,0,1,1,27.88,31.82,65,7.0015,18,120,138,12081510.,11PM00.,08,23,3
2012-08-16 00:00:00,3,0,1,1,27.06,31.06,69,0.0,13,63,76,12081610.,12AM00.,08,00,4
2012-08-16 01:00:00,3,0,1,1,26.24,30.305,73,0.0,3,18,21,12081610.,01AM00.,08,01,4
2012-08-16 02:00:00,3,0,1,1,26.24,30.305,69,12.998,0,15,15,12081610.,02AM00.,08,02,4
2012-08-16 03:00:00,3,0,1,1,25.42,29.545,73,16.9979,0,4,4,12081610.,03AM00.,08,03,4
2012-08-16 04:00:00,3,0,1,1,25.42,29.545,73,15.0013,2,3,5,12081610.,04AM00.,08,04,4
2012-08-16 05:00:00,3,0,1,1,24.6,28.79,78,11.0014,7,30,37,12081610.,05AM00.,08,05,4
2012-08-16 06:00:00,3,0,1,1,24.6,28.79,78,11.0014,3,162,165,12081610.,06AM00.,08,06,4
2012-08-16 07:00:00,3,0,1,1,26.24,30.305,69,15.0013,16,448,464,12081610.,07AM00.,08,07,4
2012-08-16 08:00:00,3,0,1,1,27.88,31.82,61,12.998,33,649,682,12081610.,08AM00.,08,08,4
2012-08-16 09:00:00,3,0,1,1,29.52,33.335,54,7.0015,41,296,337,12081610.,09AM00.,08,09,4
2012-08-16 10:00:00,3,0,1,1,30.34,33.335,48,8.9981,78,121,199,12081610.,10AM00.,08,10,4
2012-08-16 11:00:00,3,0,1,1,31.16,33.335,37,6.0032,83,191,274,12081610.,11AM00.,08,11,4
2012-08-16 12:00:00,3,0,1,1,32.8,34.85,33,7.0015,96,247,343,12081610.,12PM00.,08,12,4
2012-08-16 13:00:00,3,0,1,1,32.8,34.85,31,15.0013,81,219,300,12081610.,01PM00.,08,13,4
2012-08-16 14:00:00,3,0,1,1,33.62,35.605,32,0.0,72,176,248,12081610.,02PM00.,08,14,4
2012-08-16 15:00:00,3,0,1,1,32.8,34.85,33,16.9979,63,197,260,12081610.,03PM00.,08,15,4
2012-08-16 16:00:00,3,0,1,1,33.62,35.605,32,15.0013,79,340,419,12081610.,04PM00.,08,16,4
2012-08-16 17:00:00,3,0,1,1,33.62,36.365,34,12.998,130,767,897,12081610.,05PM00.,08,17,4
2012-08-16 18:00:00,3,0,1,1,32.8,35.605,36,0.0,109,723,832,12081610.,06PM00.,08,18,4
2012-08-16 19:00:00,3,0,1,1,31.16,34.09,40,7.0015,119,558,677,12081610.,07PM00.,08,19,4
2012-08-16 20:00:00,3,0,1,1,31.16,34.09,40,6.0032,100,414,514,12081610.,08PM00.,08,20,4
2012-08-16 21:00:00,3,0,1,1,30.34,33.335,48,12.998,83,273,356,12081610.,09PM00.,08,21,4
2012-08-16 22:00:00,3,0,1,1,29.52,33.335,51,11.0014,69,185,254,12081610.,10PM00.,08,22,4
2012-08-16 23:00:00,3,0,1,1,28.7,32.575,54,7.0015,58,168,226,12081610.,11PM00.,08,23,4
2012-08-17 00:00:00,3,0,1,1,27.88,12.12,57,11.0014,21,67,88,12081710.,12AM00.,08,00,5
2012-08-17 01:00:00,3,0,1,1,27.06,12.12,65,7.0015,16,38,54,12081710.,01AM00.,08,01,5
2012-08-17 02:00:00,3,0,1,1,27.06,12.12,61,8.9981,4,15,19,12081710.,02AM00.,08,02,5
2012-08-17 03:00:00,3,0,1,1,26.24,12.12,65,7.0015,0,6,6,12081710.,03AM00.,08,03,5
2012-08-17 04:00:00,3,0,1,1,26.24,12.12,73,11.0014,0,9,9,12081710.,04AM00.,08,04,5
2012-08-17 05:00:00,3,0,1,1,26.24,12.12,73,7.0015,2,34,36,12081710.,05AM00.,08,05,5
2012-08-17 06:00:00,3,0,1,1,25.42,12.12,78,8.9981,6,151,157,12081710.,06AM00.,08,06,5
2012-08-17 07:00:00,3,0,1,1,26.24,12.12,73,7.0015,11,368,379,12081710.,07AM00.,08,07,5
2012-08-17 08:00:00,3,0,1,1,27.88,12.12,65,8.9981,43,625,668,12081710.,08AM00.,08,08,5
2012-08-17 09:00:00,3,0,1,1,28.7,12.12,58,7.0015,58,320,378,12081710.,09AM00.,08,09,5
2012-08-17 10:00:00,3,0,1,1,30.34,12.12,55,11.0014,82,149,231,12081710.,10AM00.,08,10,5
2012-08-17 11:00:00,3,0,1,1,31.16,12.12,52,19.0012,98,205,303,12081710.,11AM00.,08,11,5
2012-08-17 12:00:00,3,0,1,1,33.62,12.12,41,15.0013,110,255,365,12081710.,12PM00.,08,12,5
2012-08-17 13:00:00,3,0,1,1,34.44,12.12,36,26.0027,103,254,357,12081710.,01PM00.,08,13,5
2012-08-17 14:00:00,3,0,1,1,35.26,12.12,34,27.9993,128,200,328,12081710.,02PM00.,08,14,5
2012-08-17 15:00:00,3,0,1,1,35.26,12.12,30,31.0009,127,256,383,12081710.,03PM00.,08,15,5
2012-08-17 16:00:00,3,0,1,2,34.44,12.12,32,30.0026,116,372,488,12081710.,04PM00.,08,16,5
2012-08-17 17:00:00,3,0,1,1,33.62,12.12,36,22.0028,144,647,791,12081710.,05PM00.,08,17,5
2012-08-17 18:00:00,3,0,1,2,33.62,12.12,38,16.9979,108,561,669,12081710.,06PM00.,08,18,5
2012-08-17 19:00:00,3,0,1,2,30.34,12.12,55,26.0027,88,403,491,12081710.,07PM00.,08,19,5
2012-08-17 20:00:00,3,0,1,2,29.52,12.12,58,15.0013,97,262,359,12081710.,08PM00.,08,20,5
2012-08-17 21:00:00,3,0,1,2,27.88,12.12,69,19.9995,57,198,255,12081710.,09PM00.,08,21,5
2012-08-17 22:00:00,3,0,1,3,27.06,12.12,83,12.998,43,170,213,12081710.,10PM00.,08,22,5
2012-08-17 23:00:00,3,0,1,3,26.24,12.12,83,15.0013,21,100,121,12081710.,11PM00.,08,23,5
2012-08-18 00:00:00,3,0,0,2,26.24,28.79,83,15.0013,6,99,105,12081810.,12AM00.,08,00,6
2012-08-18 01:00:00,3,0,0,3,25.42,27.275,94,11.0014,14,78,92,12081810.,01AM00.,08,01,6
2012-08-18 02:00:00,3,0,0,3,25.42,28.03,88,11.0014,4,39,43,12081810.,02AM00.,08,02,6
2012-08-18 03:00:00,3,0,0,1,25.42,28.03,88,12.998,7,23,30,12081810.,03AM00.,08,03,6
2012-08-18 04:00:00,3,0,0,1,25.42,29.545,73,15.0013,5,8,13,12081810.,04AM00.,08,04,6
2012-08-18 05:00:00,3,0,0,1,24.6,28.79,78,16.9979,2,7,9,12081810.,05AM00.,08,05,6
2012-08-18 06:00:00,3,0,0,1,24.6,28.03,83,15.0013,4,23,27,12081810.,06AM00.,08,06,6
2012-08-18 07:00:00,3,0,0,1,24.6,28.03,83,15.0013,12,52,64,12081810.,07AM00.,08,07,6
2012-08-18 08:00:00,3,0,0,1,26.24,30.305,69,16.9979,28,161,189,12081810.,08AM00.,08,08,6
2012-08-18 09:00:00,3,0,0,1,27.06,31.06,65,19.0012,81,211,292,12081810.,09AM00.,08,09,6
2012-08-18 10:00:00,3,0,0,1,28.7,32.575,54,11.0014,166,314,480,12081810.,10AM00.,08,10,6
2012-08-18 11:00:00,3,0,0,1,29.52,33.335,51,0.0,180,356,536,12081810.,11AM00.,08,11,6
2012-08-18 12:00:00,3,0,0,1,31.16,33.335,37,12.998,266,388,654,12081810.,12PM00.,08,12,6
2012-08-18 13:00:00,3,0,0,1,30.34,32.575,40,12.998,289,355,644,12081810.,01PM00.,08,13,6
2012-08-18 14:00:00,3,0,0,1,31.16,33.335,37,19.0012,242,356,598,12081810.,02PM00.,08,14,6
2012-08-18 15:00:00,3,0,0,1,31.16,33.335,37,15.0013,250,346,596,12081810.,03PM00.,08,15,6
2012-08-18 16:00:00,3,0,0,1,31.16,33.335,37,16.9979,287,354,641,12081810.,04PM00.,08,16,6
2012-08-18 17:00:00,3,0,0,1,31.16,33.335,37,15.0013,256,379,635,12081810.,05PM00.,08,17,6
2012-08-18 18:00:00,3,0,0,1,30.34,32.575,37,11.0014,225,329,554,12081810.,06PM00.,08,18,6
2012-08-18 19:00:00,3,0,0,1,28.7,31.82,45,11.0014,164,324,488,12081810.,07PM00.,08,19,6
2012-08-18 20:00:00,3,0,0,1,28.7,31.82,45,7.0015,99,242,341,12081810.,08PM00.,08,20,6
2012-08-18 21:00:00,3,0,0,1,27.06,31.06,61,0.0,90,248,338,12081810.,09PM00.,08,21,6
2012-08-18 22:00:00,3,0,0,1,27.06,31.06,61,0.0,90,171,261,12081810.,10PM00.,08,22,6
2012-08-18 23:00:00,3,0,0,1,26.24,30.305,65,6.0032,60,175,235,12081810.,11PM00.,08,23,6
2012-08-19 00:00:00,3,0,0,1,27.06,31.06,57,6.0032,44,143,187,12081910.,12AM00.,08,00,7
2012-08-19 01:00:00,3,0,0,1,26.24,30.305,65,0.0,29,102,131,12081910.,01AM00.,08,01,7
2012-08-19 02:00:00,3,0,0,2,25.42,30.305,69,6.0032,16,103,119,12081910.,02AM00.,08,02,7
2012-08-19 03:00:00,3,0,0,2,25.42,30.305,61,11.0014,21,34,55,12081910.,03AM00.,08,03,7
2012-08-19 04:00:00,3,0,0,2,25.42,30.305,65,11.0014,4,22,26,12081910.,04AM00.,08,04,7
2012-08-19 05:00:00,3,0,0,2,24.6,29.545,73,8.9981,3,8,11,12081910.,05AM00.,08,05,7
2012-08-19 06:00:00,3,0,0,2,25.42,30.305,69,7.0015,5,15,20,12081910.,06AM00.,08,06,7
2012-08-19 07:00:00,3,0,0,2,25.42,30.305,69,8.9981,12,29,41,12081910.,07AM00.,08,07,7
2012-08-19 08:00:00,3,0,0,2,26.24,30.305,69,7.0015,34,90,124,12081910.,08AM00.,08,08,7
2012-08-19 09:00:00,3,0,0,2,27.06,31.06,74,0.0,86,184,270,12081910.,09AM00.,08,09,7
2012-08-19 10:00:00,3,0,0,2,27.88,31.82,69,0.0,138,287,425,12081910.,10AM00.,08,10,7
2012-08-19 11:00:00,3,0,0,3,26.24,29.545,78,11.0014,83,189,272,12081910.,11AM00.,08,11,7
2012-08-19 12:00:00,3,0,0,3,26.24,30.305,73,0.0,112,186,298,12081910.,12PM00.,08,12,7
2012-08-19 13:00:00,3,0,0,3,26.24,28.79,83,8.9981,50,112,162,12081910.,01PM00.,08,13,7
2012-08-19 14:00:00,3,0,0,3,26.24,30.305,73,0.0,41,108,149,12081910.,02PM00.,08,14,7
2012-08-19 15:00:00,3,0,0,2,26.24,30.305,65,0.0,89,187,276,12081910.,03PM00.,08,15,7
2012-08-19 16:00:00,3,0,0,2,27.06,31.06,65,0.0,97,259,356,12081910.,04PM00.,08,16,7
2012-08-19 17:00:00,3,0,0,2,26.24,29.545,78,7.0015,76,267,343,12081910.,05PM00.,08,17,7
2012-08-19 18:00:00,3,0,0,2,26.24,29.545,78,7.0015,86,291,377,12081910.,06PM00.,08,18,7
2012-08-19 19:00:00,3,0,0,2,26.24,30.305,73,8.9981,72,269,341,12081910.,07PM00.,08,19,7
2012-08-19 20:00:00,3,0,0,2,26.24,30.305,73,12.998,61,213,274,12081910.,08PM00.,08,20,7
2012-08-19 21:00:00,3,0,0,3,25.42,29.545,78,6.0032,36,154,190,12081910.,09PM00.,08,21,7
2012-08-19 22:00:00,3,0,0,2,25.42,29.545,78,11.0014,6,50,56,12081910.,10PM00.,08,22,7
2012-08-19 23:00:00,3,0,0,2,25.42,29.545,73,0.0,7,39,46,12081910.,11PM00.,08,23,7
2012-09-01 00:00:00,3,0,0,1,30.34,34.09,62,7.0015,22,146,168,12090110.,12AM00.,09,00,6
2012-09-01 01:00:00,3,0,0,1,29.52,34.85,74,8.9981,11,68,79,12090110.,01AM00.,09,01,6
2012-09-01 02:00:00,3,0,0,1,28.7,32.575,70,11.0014,8,61,69,12090110.,02AM00.,09,02,6
2012-09-01 03:00:00,3,0,0,1,28.7,32.575,70,7.0015,6,29,35,12090110.,03AM00.,09,03,6
2012-09-01 04:00:00,3,0,0,1,28.7,32.575,70,0.0,3,9,12,12090110.,04AM00.,09,04,6
2012-09-01 05:00:00,3,0,0,1,27.88,31.82,79,0.0,2,20,22,12090110.,05AM00.,09,05,6
2012-09-01 06:00:00,3,0,0,1,27.88,31.82,79,0.0,13,23,36,12090110.,06AM00.,09,06,6
2012-09-01 07:00:00,3,0,0,2,30.34,34.09,58,8.9981,8,58,66,12090110.,07AM00.,09,07,6
2012-09-01 08:00:00,3,0,0,2,31.16,35.605,58,16.9979,28,134,162,12090110.,08AM00.,09,08,6
2012-09-01 09:00:00,3,0,0,2,31.16,35.605,58,12.998,62,175,237,12090110.,09AM00.,09,09,6
2012-09-01 10:00:00,3,0,0,2,31.98,36.365,55,12.998,128,289,417,12090110.,10AM00.,09,10,6
2012-09-01 11:00:00,3,0,0,2,32.8,37.88,55,15.0013,219,273,492,12090110.,11AM00.,09,11,6
2012-09-01 12:00:00,3,0,0,2,32.8,37.88,55,11.0014,187,284,471,12090110.,12PM00.,09,12,6
2012-09-01 13:00:00,3,0,0,2,33.62,38.635,52,6.0032,237,267,504,12090110.,01PM00.,09,13,6
2012-09-01 14:00:00,3,0,0,2,35.26,39.395,44,11.0014,240,274,514,12090110.,02PM00.,09,14,6
2012-09-01 15:00:00,3,0,0,2,35.26,39.395,44,19.0012,257,306,563,12090110.,03PM00.,09,15,6
2012-09-01 16:00:00,3,0,0,2,34.44,39.395,49,11.0014,209,253,462,12090110.,04PM00.,09,16,6
2012-09-01 17:00:00,3,0,0,2,33.62,38.635,52,0.0,205,258,463,12090110.,05PM00.,09,17,6
2012-09-01 18:00:00,3,0,0,2,33.62,38.635,52,0.0,184,258,442,12090110.,06PM00.,09,18,6
2012-09-01 19:00:00,3,0,0,3,31.98,37.12,62,0.0,157,235,392,12090110.,07PM00.,09,19,6
2012-09-01 20:00:00,3,0,0,3,31.16,36.365,67,16.9979,67,140,207,12090110.,08PM00.,09,20,6
2012-09-01 21:00:00,3,0,0,3,26.24,28.79,89,0.0,21,83,104,12090110.,09PM00.,09,21,6
2012-09-01 22:00:00,3,0,0,2,27.06,29.545,89,0.0,21,57,78,12090110.,10PM00.,09,22,6
2012-09-01 23:00:00,3,0,0,1,27.06,29.545,89,6.0032,57,88,145,12090110.,11PM00.,09,23,6
2012-09-02 00:00:00,3,0,0,2,27.06,29.545,89,6.0032,27,72,99,12090210.,12AM00.,09,00,7
2012-09-02 01:00:00,3,0,0,1,27.06,29.545,89,0.0,15,58,73,12090210.,01AM00.,09,01,7
2012-09-02 02:00:00,3,0,0,1,27.06,29.545,89,0.0,28,56,84,12090210.,02AM00.,09,02,7
2012-09-02 03:00:00,3,0,0,1,27.06,29.545,89,6.0032,9,33,42,12090210.,03AM00.,09,03,7
2012-09-02 04:00:00,3,0,0,1,27.06,29.545,89,0.0,7,15,22,12090210.,04AM00.,09,04,7
2012-09-02 05:00:00,3,0,0,1,27.06,29.545,89,0.0,2,10,12,12090210.,05AM00.,09,05,7
2012-09-02 06:00:00,3,0,0,2,27.06,29.545,89,0.0,2,13,15,12090210.,06AM00.,09,06,7
2012-09-02 07:00:00,3,0,0,1,27.06,29.545,94,6.0032,13,29,42,12090210.,07AM00.,09,07,7
2012-09-02 08:00:00,3,0,0,1,27.88,31.82,89,6.0032,30,99,129,12090210.,08AM00.,09,08,7
2012-09-02 09:00:00,3,0,0,2,28.7,33.335,84,0.0,88,144,232,12090210.,09AM00.,09,09,7
2012-09-02 10:00:00,3,0,0,2,29.52,34.85,79,0.0,158,230,388,12090210.,10AM00.,09,10,7
2012-09-02 11:00:00,3,0,0,2,30.34,34.85,70,0.0,226,263,489,12090210.,11AM00.,09,11,7
2012-09-02 12:00:00,3,0,0,3,30.34,34.85,70,0.0,248,297,545,12090210.,12PM00.,09,12,7
2012-09-02 13:00:00,3,0,0,3,29.52,34.85,74,6.0032,263,230,493,12090210.,01PM00.,09,13,7
2012-09-02 14:00:00,3,0,0,3,29.52,34.85,79,6.0032,249,208,457,12090210.,02PM00.,09,14,7
2012-09-02 15:00:00,3,0,0,3,30.34,35.605,74,8.9981,179,176,355,12090210.,03PM00.,09,15,7
2012-09-02 16:00:00,3,0,0,1,30.34,34.85,70,0.0,222,252,474,12090210.,04PM00.,09,16,7
2012-09-02 17:00:00,3,0,0,1,31.16,36.365,66,6.0032,219,284,503,12090210.,05PM00.,09,17,7
2012-09-02 18:00:00,3,0,0,1,30.34,35.605,74,0.0,227,273,500,12090210.,06PM00.,09,18,7
2012-09-02 19:00:00,3,0,0,2,28.7,33.335,84,15.0013,140,152,292,12090210.,07PM00.,09,19,7
2012-09-02 20:00:00,3,0,0,2,28.7,33.335,84,11.0014,63,41,104,12090210.,08PM00.,09,20,7
2012-09-02 21:00:00,3,0,0,1,28.7,32.575,70,11.0014,79,92,171,12090210.,09PM00.,09,21,7
2012-09-02 22:00:00,3,0,0,3,27.88,31.82,83,8.9981,66,100,166,12090210.,10PM00.,09,22,7
2012-09-02 23:00:00,3,0,0,3,27.06,29.545,89,6.0032,53,70,123,12090210.,11PM00.,09,23,7
2012-09-03 00:00:00,3,1,0,2,27.06,29.545,94,0.0,42,62,104,12090310.,12AM00.,09,00,1
2012-09-03 01:00:00,3,1,0,2,27.88,31.82,89,11.0014,18,37,55,12090310.,01AM00.,09,01,1
2012-09-03 02:00:00,3,1,0,1,27.06,29.545,89,7.0015,10,30,40,12090310.,02AM00.,09,02,1
2012-09-03 03:00:00,3,1,0,1,27.06,29.545,89,8.9981,6,22,28,12090310.,03AM00.,09,03,1
2012-09-03 04:00:00,3,1,0,1,27.06,29.545,89,6.0032,6,5,11,12090310.,04AM00.,09,04,1
2012-09-03 05:00:00,3,1,0,1,27.06,29.545,89,0.0,1,3,4,12090310.,05AM00.,09,05,1
2012-09-03 06:00:00,3,1,0,1,27.06,29.545,94,0.0,3,12,15,12090310.,06AM00.,09,06,1
2012-09-03 07:00:00,3,1,0,1,27.88,31.82,85,0.0,6,37,43,12090310.,07AM00.,09,07,1
2012-09-03 08:00:00,3,1,0,2,28.7,33.335,84,7.0015,36,91,127,12090310.,08AM00.,09,08,1
2012-09-03 09:00:00,3,1,0,2,28.7,33.335,84,8.9981,71,158,229,12090310.,09AM00.,09,09,1
2012-09-03 10:00:00,3,1,0,2,30.34,35.605,74,15.0013,135,224,359,12090310.,10AM00.,09,10,1
2012-09-03 11:00:00,3,1,0,2,30.34,34.85,70,19.0012,187,272,459,12090310.,11AM00.,09,11,1
2012-09-03 12:00:00,3,1,0,2,31.16,35.605,62,19.9995,191,352,543,12090310.,12PM00.,09,12,1
2012-09-03 13:00:00,3,1,0,2,31.16,36.365,66,16.9979,209,357,566,12090310.,01PM00.,09,13,1
2012-09-03 14:00:00,3,1,0,1,30.34,34.85,70,19.9995,163,349,512,12090310.,02PM00.,09,14,1
2012-09-03 15:00:00,3,1,0,1,30.34,34.85,70,15.0013,168,281,449,12090310.,03PM00.,09,15,1
2012-09-03 16:00:00,3,1,0,1,30.34,34.85,70,15.0013,165,335,500,12090310.,04PM00.,09,16,1
2012-09-03 17:00:00,3,1,0,1,30.34,34.85,70,8.9981,181,317,498,12090310.,05PM00.,09,17,1
2012-09-03 18:00:00,3,1,0,1,30.34,34.85,66,11.0014,145,337,482,12090310.,06PM00.,09,18,1
2012-09-03 19:00:00,3,1,0,1,29.52,34.85,74,12.998,73,301,374,12090310.,07PM00.,09,19,1
2012-09-03 20:00:00,3,1,0,1,29.52,34.09,76,7.0015,78,183,261,12090310.,08PM00.,09,20,1
2012-09-03 21:00:00,3,1,0,1,29.52,34.09,76,7.0015,42,142,184,12090310.,09PM00.,09,21,1
2012-09-03 22:00:00,3,1,0,2,28.7,33.335,84,8.9981,17,104,121,12090310.,10PM00.,09,22,1
2012-09-03 23:00:00,3,1,0,2,28.7,33.335,84,16.9979,12,58,70,12090310.,11PM00.,09,23,1
2012-09-04 00:00:00,3,0,1,2,28.7,33.335,84,16.9979,10,19,29,12090410.,12AM00.,09,00,2
2012-09-04 01:00:00,3,0,1,1,27.88,31.82,82,8.9981,15,9,24,12090410.,01AM00.,09,01,2
2012-09-04 02:00:00,3,0,1,1,27.88,31.82,82,8.9981,1,4,5,12090410.,02AM00.,09,02,2
2012-09-04 03:00:00,3,0,1,2,27.06,29.545,89,6.0032,1,9,10,12090410.,03AM00.,09,03,2
2012-09-04 04:00:00,3,0,1,2,27.06,29.545,89,0.0,0,8,8,12090410.,04AM00.,09,04,2
2012-09-04 05:00:00,3,0,1,2,27.06,29.545,89,0.0,1,37,38,12090410.,05AM00.,09,05,2
2012-09-04 06:00:00,3,0,1,2,27.88,31.82,89,7.0015,7,165,172,12090410.,06AM00.,09,06,2
2012-09-04 07:00:00,3,0,1,2,27.88,31.82,89,7.0015,13,480,493,12090410.,07AM00.,09,07,2
2012-09-04 08:00:00,3,0,1,1,28.7,33.335,84,11.0014,15,617,632,12090410.,08AM00.,09,08,2
2012-09-04 09:00:00,3,0,1,2,29.52,34.85,79,15.0013,30,293,323,12090410.,09AM00.,09,09,2
2012-09-04 10:00:00,3,0,1,2,29.52,34.85,74,16.9979,42,130,172,12090410.,10AM00.,09,10,2
2012-09-04 11:00:00,3,0,1,2,30.34,34.85,70,19.0012,39,159,198,12090410.,11AM00.,09,11,2
2012-09-04 12:00:00,3,0,1,1,31.16,36.365,70,19.0012,54,233,287,12090410.,12PM00.,09,12,2
2012-09-04 13:00:00,3,0,1,1,32.8,37.88,55,30.0026,72,203,275,12090410.,01PM00.,09,13,2
2012-09-04 14:00:00,3,0,1,1,32.8,37.88,55,27.9993,72,202,274,12090410.,02PM00.,09,14,2
2012-09-04 15:00:00,3,0,1,1,32.8,38.635,59,31.0009,68,224,292,12090410.,03PM00.,09,15,2
2012-09-04 16:00:00,3,0,1,1,31.16,36.365,70,27.9993,61,397,458,12090410.,04PM00.,09,16,2
2012-09-04 17:00:00,3,0,1,1,31.16,36.365,70,23.9994,110,746,856,12090410.,05PM00.,09,17,2
2012-09-04 18:00:00,3,0,1,1,31.16,37.12,75,15.0013,94,745,839,12090410.,06PM00.,09,18,2
2012-09-04 19:00:00,3,0,1,1,31.16,36.365,70,15.0013,50,502,552,12090410.,07PM00.,09,19,2
2012-09-04 20:00:00,3,0,1,1,30.34,34.85,70,16.9979,47,338,385,12090410.,08PM00.,09,20,2
2012-09-04 21:00:00,3,0,1,1,30.34,35.605,74,16.9979,28,240,268,12090410.,09PM00.,09,21,2
2012-09-04 22:00:00,3,0,1,1,30.34,34.85,70,19.0012,25,154,179,12090410.,10PM00.,09,22,2
2012-09-04 23:00:00,3,0,1,1,29.52,34.85,74,19.9995,12,83,95,12090410.,11PM00.,09,23,2
2012-09-05 00:00:00,3,0,1,1,29.52,34.85,74,16.9979,10,27,37,12090510.,12AM00.,09,00,3
2012-09-05 01:00:00,3,0,1,1,28.7,33.335,84,12.998,2,11,13,12090510.,01AM00.,09,01,3
2012-09-05 02:00:00,3,0,1,1,28.7,33.335,84,12.998,0,9,9,12090510.,02AM00.,09,02,3
2012-09-05 03:00:00,3,0,1,1,28.7,33.335,79,19.0012,0,4,4,12090510.,03AM00.,09,03,3
2012-09-05 04:00:00,3,0,1,1,28.7,33.335,79,19.0012,2,3,5,12090510.,04AM00.,09,04,3
2012-09-05 05:00:00,3,0,1,2,28.7,33.335,79,19.9995,1,39,40,12090510.,05AM00.,09,05,3
2012-09-05 06:00:00,3,0,1,1,28.7,33.335,79,19.0012,7,203,210,12090510.,06AM00.,09,06,3
2012-09-05 07:00:00,3,0,1,2,28.7,33.335,79,16.9979,11,489,500,12090510.,07AM00.,09,07,3
2012-09-05 08:00:00,3,0,1,1,29.52,34.85,74,12.998,33,692,725,12090510.,08AM00.,09,08,3
2012-09-05 09:00:00,3,0,1,1,30.34,34.85,70,16.9979,27,263,290,12090510.,09AM00.,09,09,3
2012-09-05 10:00:00,3,0,1,2,31.16,36.365,70,11.0014,54,181,235,12090510.,10AM00.,09,10,3
2012-09-05 11:00:00,3,0,1,2,31.98,37.12,62,11.0014,61,156,217,12090510.,11AM00.,09,11,3
2012-09-05 12:00:00,3,0,1,1,31.98,38.635,70,7.0015,49,217,266,12090510.,12PM00.,09,12,3
2012-09-05 13:00:00,3,0,1,1,32.8,39.395,63,11.0014,50,184,234,12090510.,01PM00.,09,13,3
2012-09-05 14:00:00,3,0,1,1,33.62,39.395,56,7.0015,34,177,211,12090510.,02PM00.,09,14,3
2012-09-05 15:00:00,3,0,1,1,31.98,38.635,70,12.998,41,204,245,12090510.,03PM00.,09,15,3
2012-09-05 16:00:00,3,0,1,1,31.16,36.365,70,16.9979,86,344,430,12090510.,04PM00.,09,16,3
2012-09-05 17:00:00,3,0,1,1,31.16,36.365,66,16.9979,83,780,863,12090510.,05PM00.,09,17,3
2012-09-05 18:00:00,3,0,1,1,31.16,37.12,75,12.998,82,757,839,12090510.,06PM00.,09,18,3
2012-09-05 19:00:00,3,0,1,1,30.34,34.85,70,11.0014,64,598,662,12090510.,07PM00.,09,19,3
2012-09-05 20:00:00,3,0,1,1,29.52,35.605,84,11.0014,55,357,412,12090510.,08PM00.,09,20,3
2012-09-05 21:00:00,3,0,1,1,29.52,34.85,79,0.0,18,278,296,12090510.,09PM00.,09,21,3
2012-09-05 22:00:00,3,0,1,1,29.52,34.85,79,0.0,38,181,219,12090510.,10PM00.,09,22,3
2012-09-05 23:00:00,3,0,1,1,28.7,33.335,84,6.0032,24,126,150,12090510.,11PM00.,09,23,3
2012-09-06 00:00:00,3,0,1,2,28.7,33.335,84,6.0032,30,35,65,12090610.,12AM00.,09,00,4
2012-09-06 01:00:00,3,0,1,2,28.7,33.335,84,0.0,2,16,18,12090610.,01AM00.,09,01,4
2012-09-06 02:00:00,3,0,1,1,29.52,34.85,79,0.0,1,7,8,12090610.,02AM00.,09,02,4
2012-09-06 03:00:00,3,0,1,1,28.7,33.335,84,7.0015,0,9,9,12090610.,03AM00.,09,03,4
2012-09-06 04:00:00,3,0,1,2,28.7,33.335,84,6.0032,0,8,8,12090610.,04AM00.,09,04,4
2012-09-06 05:00:00,3,0,1,2,28.7,33.335,84,12.998,3,35,38,12090610.,05AM00.,09,05,4
2012-09-06 06:00:00,3,0,1,2,28.7,33.335,84,6.0032,11,189,200,12090610.,06AM00.,09,06,4
2012-09-06 07:00:00,3,0,1,2,28.7,33.335,84,7.0015,21,461,482,12090610.,07AM00.,09,07,4
2012-09-06 08:00:00,3,0,1,3,28.7,33.335,79,0.0,24,622,646,12090610.,08AM00.,09,08,4
2012-09-06 09:00:00,3,0,1,3,27.06,29.545,94,8.9981,8,115,123,12090610.,09AM00.,09,09,4
2012-09-06 10:00:00,3,0,1,3,27.06,29.545,94,8.9981,9,40,49,12090610.,10AM00.,09,10,4
2012-09-06 11:00:00,3,0,1,3,28.7,33.335,84,11.0014,10,52,62,12090610.,11AM00.,09,11,4
2012-09-06 12:00:00,3,0,1,2,29.52,34.85,79,15.0013,11,126,137,12090610.,12PM00.,09,12,4
2012-09-06 13:00:00,3,0,1,2,29.52,34.85,79,7.0015,39,152,191,12090610.,01PM00.,09,13,4
2012-09-06 14:00:00,3,0,1,1,30.34,35.605,74,6.0032,38,178,216,12090610.,02PM00.,09,14,4
2012-09-06 15:00:00,3,0,1,1,30.34,34.85,66,12.998,42,228,270,12090610.,03PM00.,09,15,4
2012-09-06 16:00:00,3,0,1,1,30.34,34.85,70,15.0013,42,374,416,12090610.,04PM00.,09,16,4
2012-09-06 17:00:00,3,0,1,1,30.34,34.85,70,16.9979,67,741,808,12090610.,05PM00.,09,17,4
2012-09-06 18:00:00,3,0,1,1,29.52,34.09,70,16.9979,74,761,835,12090610.,06PM00.,09,18,4
2012-09-06 19:00:00,3,0,1,1,27.88,31.82,74,16.9979,54,504,558,12090610.,07PM00.,09,19,4
2012-09-06 20:00:00,3,0,1,1,27.06,30.305,78,15.0013,50,356,406,12090610.,08PM00.,09,20,4
2012-09-06 21:00:00,3,0,1,1,26.24,28.79,89,11.0014,32,240,272,12090610.,09PM00.,09,21,4
2012-09-06 22:00:00,3,0,1,1,26.24,28.79,89,11.0014,24,193,217,12090610.,10PM00.,09,22,4
2012-09-06 23:00:00,3,0,1,1,26.24,28.79,89,11.0014,19,150,169,12090610.,11PM00.,09,23,4
2012-09-07 00:00:00,3,0,1,1,26.24,28.79,89,8.9981,17,79,96,12090710.,12AM00.,09,00,5
2012-09-07 01:00:00,3,0,1,1,25.42,28.03,88,7.0015,10,19,29,12090710.,01AM00.,09,01,5
2012-09-07 02:00:00,3,0,1,1,25.42,28.79,83,6.0032,1,10,11,12090710.,02AM00.,09,02,5
2012-09-07 03:00:00,3,0,1,1,25.42,28.79,83,6.0032,0,9,9,12090710.,03AM00.,09,03,5
2012-09-07 04:00:00,3,0,1,1,25.42,28.03,88,0.0,1,7,8,12090710.,04AM00.,09,04,5
2012-09-07 05:00:00,3,0,1,1,25.42,28.03,88,0.0,1,39,40,12090710.,05AM00.,09,05,5
2012-09-07 06:00:00,3,0,1,1,25.42,28.03,88,7.0015,5,135,140,12090710.,06AM00.,09,06,5
2012-09-07 07:00:00,3,0,1,1,26.24,28.79,89,7.0015,21,465,486,12090710.,07AM00.,09,07,5
2012-09-07 08:00:00,3,0,1,1,27.06,30.305,83,7.0015,29,690,719,12090710.,08AM00.,09,08,5
2012-09-07 09:00:00,3,0,1,1,28.7,33.335,79,8.9981,33,311,344,12090710.,09AM00.,09,09,5
2012-09-07 10:00:00,3,0,1,1,29.52,34.85,74,8.9981,53,171,224,12090710.,10AM00.,09,10,5
2012-09-07 11:00:00,3,0,1,1,31.16,35.605,62,8.9981,81,215,296,12090710.,11AM00.,09,11,5
2012-09-07 12:00:00,3,0,1,1,31.98,37.12,59,11.0014,76,247,323,12090710.,12PM00.,09,12,5
2012-09-07 13:00:00,3,0,1,1,32.8,38.635,59,16.9979,71,283,354,12090710.,01PM00.,09,13,5
2012-09-07 14:00:00,3,0,1,1,32.8,38.635,59,16.9979,66,187,253,12090710.,02PM00.,09,14,5
2012-09-07 15:00:00,3,0,1,1,32.8,37.88,55,16.9979,66,265,331,12090710.,03PM00.,09,15,5
2012-09-07 16:00:00,3,0,1,1,32.8,37.88,55,19.0012,75,395,470,12090710.,04PM00.,09,16,5
2012-09-07 17:00:00,3,0,1,1,31.98,37.12,59,22.0028,88,684,772,12090710.,05PM00.,09,17,5
2012-09-07 18:00:00,3,0,1,1,31.16,35.605,62,19.9995,95,697,792,12090710.,06PM00.,09,18,5
2012-09-07 19:00:00,3,0,1,1,30.34,34.09,62,19.0012,70,498,568,12090710.,07PM00.,09,19,5
2012-09-07 20:00:00,3,0,1,1,29.52,34.09,66,15.0013,51,340,391,12090710.,08PM00.,09,20,5
2012-09-07 21:00:00,3,0,1,1,28.7,33.335,74,11.0014,55,246,301,12090710.,09PM00.,09,21,5
2012-09-07 22:00:00,3,0,1,1,28.7,33.335,74,15.0013,52,247,299,12090710.,10PM00.,09,22,5
2012-09-07 23:00:00,3,0,1,1,27.06,29.545,89,16.9979,28,220,248,12090710.,11PM00.,09,23,5
2012-09-08 00:00:00,3,0,0,1,27.06,29.545,89,16.9979,20,130,150,12090810.,12AM00.,09,00,6
2012-09-08 01:00:00,3,0,0,2,27.06,29.545,89,19.0012,10,107,117,12090810.,01AM00.,09,01,6
2012-09-08 02:00:00,3,0,0,1,27.06,29.545,89,22.0028,9,68,77,12090810.,02AM00.,09,02,6
2012-09-08 03:00:00,3,0,0,2,27.06,29.545,89,15.0013,3,40,43,12090810.,03AM00.,09,03,6
2012-09-08 04:00:00,3,0,0,2,27.06,29.545,94,15.0013,3,8,11,12090810.,04AM00.,09,04,6
2012-09-08 05:00:00,3,0,0,2,27.06,29.545,94,16.9979,2,13,15,12090810.,05AM00.,09,05,6
2012-09-08 06:00:00,3,0,0,2,27.06,29.545,89,19.0012,8,26,34,12090810.,06AM00.,09,06,6
2012-09-08 07:00:00,3,0,0,1,27.06,29.545,89,19.0012,11,71,82,12090810.,07AM00.,09,07,6
2012-09-08 08:00:00,3,0,0,1,28.7,33.335,79,22.0028,33,197,230,12090810.,08AM00.,09,08,6
2012-09-08 09:00:00,3,0,0,1,28.7,33.335,74,26.0027,87,261,348,12090810.,09AM00.,09,09,6
2012-09-08 10:00:00,3,0,0,1,30.34,34.85,70,26.0027,100,322,422,12090810.,10AM00.,09,10,6
2012-09-08 11:00:00,3,0,0,1,31.16,35.605,62,30.0026,173,405,578,12090810.,11AM00.,09,11,6
2012-09-08 12:00:00,3,0,0,1,32.8,37.88,55,32.9975,220,474,694,12090810.,12PM00.,09,12,6
2012-09-08 13:00:00,3,0,0,1,33.62,38.635,52,35.0008,233,435,668,12090810.,01PM00.,09,13,6
2012-09-08 14:00:00,3,0,0,1,33.62,38.635,52,30.0026,260,366,626,12090810.,02PM00.,09,14,6
2012-09-08 15:00:00,3,0,0,3,22.96,26.515,88,16.9979,175,337,512,12090810.,03PM00.,09,15,6
2012-09-08 16:00:00,3,0,0,3,22.96,26.515,88,12.998,19,95,114,12090810.,04PM00.,09,16,6
2012-09-08 17:00:00,3,0,0,3,23.78,27.275,83,12.998,52,119,171,12090810.,05PM00.,09,17,6
2012-09-08 18:00:00,3,0,0,3,23.78,27.275,83,8.9981,27,140,167,12090810.,06PM00.,09,18,6
2012-09-08 19:00:00,3,0,0,3,23.78,27.275,88,7.0015,28,187,215,12090810.,07PM00.,09,19,6
2012-09-08 20:00:00,3,0,0,2,23.78,27.275,88,6.0032,28,166,194,12090810.,08PM00.,09,20,6
2012-09-08 21:00:00,3,0,0,2,24.6,28.03,83,11.0014,26,155,181,12090810.,09PM00.,09,21,6
2012-09-08 22:00:00,3,0,0,2,23.78,27.275,78,19.9995,18,176,194,12090810.,10PM00.,09,22,6
2012-09-08 23:00:00,3,0,0,2,23.78,27.275,73,11.0014,12,121,133,12090810.,11PM00.,09,23,6
2012-09-09 00:00:00,3,0,0,2,22.96,26.515,73,12.998,18,106,124,12090910.,12AM00.,09,00,7
2012-09-09 01:00:00,3,0,0,1,22.96,26.515,73,15.0013,20,104,124,12090910.,01AM00.,09,01,7
2012-09-09 02:00:00,3,0,0,1,22.14,25.76,77,19.0012,15,81,96,12090910.,02AM00.,09,02,7
2012-09-09 03:00:00,3,0,0,1,22.14,25.76,73,15.0013,14,32,46,12090910.,03AM00.,09,03,7
2012-09-09 04:00:00,3,0,0,1,21.32,25.0,77,16.9979,12,16,28,12090910.,04AM00.,09,04,7
2012-09-09 05:00:00,3,0,0,1,21.32,25.0,77,12.998,16,39,55,12090910.,05AM00.,09,05,7
2012-09-09 06:00:00,3,0,0,1,21.32,25.0,77,12.998,11,24,35,12090910.,06AM00.,09,06,7
2012-09-09 07:00:00,3,0,0,1,22.14,25.76,73,11.0014,20,50,70,12090910.,07AM00.,09,07,7
2012-09-09 08:00:00,3,0,0,1,23.78,27.275,68,15.0013,27,143,170,12090910.,08AM00.,09,08,7
2012-09-09 09:00:00,3,0,0,1,25.42,30.305,61,16.9979,85,214,299,12090910.,09AM00.,09,09,7
2012-09-09 10:00:00,3,0,0,1,26.24,31.06,57,19.9995,172,323,495,12090910.,10AM00.,09,10,7
2012-09-09 11:00:00,3,0,0,1,27.06,31.06,47,16.9979,194,391,585,12090910.,11AM00.,09,11,7
2012-09-09 12:00:00,3,0,0,1,27.06,31.06,47,0.0,247,510,757,12090910.,12PM00.,09,12,7
2012-09-09 13:00:00,3,0,0,1,27.88,31.82,39,0.0,238,491,729,12090910.,01PM00.,09,13,7
2012-09-09 14:00:00,3,0,0,1,29.52,32.575,30,19.0012,232,415,647,12090910.,02PM00.,09,14,7
2012-09-09 15:00:00,3,0,0,1,29.52,32.575,32,16.9979,284,412,696,12090910.,03PM00.,09,15,7
2012-09-09 16:00:00,3,0,0,1,27.88,31.82,36,19.0012,228,473,701,12090910.,04PM00.,09,16,7
2012-09-09 17:00:00,3,0,0,1,28.7,31.82,37,16.9979,213,458,671,12090910.,05PM00.,09,17,7
2012-09-09 18:00:00,3,0,0,1,27.06,31.06,36,16.9979,156,404,560,12090910.,06PM00.,09,18,7
2012-09-09 19:00:00,3,0,0,1,27.06,31.06,36,16.9979,134,362,496,12090910.,07PM00.,09,19,7
2012-09-09 20:00:00,3,0,0,1,25.42,31.06,41,19.0012,91,265,356,12090910.,08PM00.,09,20,7
2012-09-09 21:00:00,3,0,0,1,24.6,31.06,46,15.0013,57,149,206,12090910.,09PM00.,09,21,7
2012-09-09 22:00:00,3,0,0,1,23.78,27.275,49,16.9979,64,125,189,12090910.,10PM00.,09,22,7
2012-09-09 23:00:00,3,0,0,1,22.96,26.515,52,19.0012,22,70,92,12090910.,11PM00.,09,23,7
2012-09-10 00:00:00,3,0,1,1,22.96,26.515,52,19.0012,6,35,41,12091010.,12AM00.,09,00,1
2012-09-10 01:00:00,3,0,1,1,22.14,25.76,60,12.998,7,11,18,12091010.,01AM00.,09,01,1
2012-09-10 02:00:00,3,0,1,1,22.14,25.76,60,23.9994,11,6,17,12091010.,02AM00.,09,02,1
2012-09-10 03:00:00,3,0,1,1,21.32,25.0,68,19.0012,5,7,12,12091010.,03AM00.,09,03,1
2012-09-10 04:00:00,3,0,1,1,21.32,25.0,68,19.0012,1,4,5,12091010.,04AM00.,09,04,1
2012-09-10 05:00:00,3,0,1,1,20.5,24.24,72,16.9979,4,36,40,12091010.,05AM00.,09,05,1
2012-09-10 06:00:00,3,0,1,1,20.5,24.24,72,8.9981,8,172,180,12091010.,06AM00.,09,06,1
2012-09-10 07:00:00,3,0,1,1,21.32,25.0,68,15.0013,20,427,447,12091010.,07AM00.,09,07,1
2012-09-10 08:00:00,3,0,1,1,22.96,26.515,60,19.0012,33,697,730,12091010.,08AM00.,09,08,1
2012-09-10 09:00:00,3,0,1,1,24.6,31.06,53,19.9995,40,321,361,12091010.,09AM00.,09,09,1
2012-09-10 10:00:00,3,0,1,1,25.42,31.06,50,19.0012,42,168,210,12091010.,10AM00.,09,10,1
2012-09-10 11:00:00,3,0,1,1,25.42,31.06,43,19.9995,69,167,236,12091010.,11AM00.,09,11,1
2012-09-10 12:00:00,3,0,1,1,26.24,31.06,44,26.0027,76,256,332,12091010.,12PM00.,09,12,1
2012-09-10 13:00:00,3,0,1,1,26.24,31.06,38,15.0013,72,251,323,12091010.,01PM00.,09,13,1
2012-09-10 14:00:00,3,0,1,1,27.06,31.06,36,19.0012,107,233,340,12091010.,02PM00.,09,14,1
2012-09-10 15:00:00,3,0,1,1,27.06,31.06,31,26.0027,115,231,346,12091010.,03PM00.,09,15,1
2012-09-10 16:00:00,3,0,1,1,27.06,31.06,34,22.0028,108,380,488,12091010.,04PM00.,09,16,1
2012-09-10 17:00:00,3,0,1,1,27.06,31.06,34,22.0028,127,744,871,12091010.,05PM00.,09,17,1
2012-09-10 18:00:00,3,0,1,1,25.42,31.06,35,19.9995,111,857,968,12091010.,06PM00.,09,18,1
2012-09-10 19:00:00,3,0,1,1,25.42,31.06,38,19.9995,71,562,633,12091010.,07PM00.,09,19,1
2012-09-10 20:00:00,3,0,1,1,24.6,31.06,40,12.998,34,356,390,12091010.,08PM00.,09,20,1
2012-09-10 21:00:00,3,0,1,1,22.96,26.515,49,11.0014,29,256,285,12091010.,09PM00.,09,21,1
2012-09-10 22:00:00,3,0,1,1,22.14,25.76,52,8.9981,15,144,159,12091010.,10PM00.,09,22,1
2012-09-10 23:00:00,3,0,1,1,22.14,25.76,52,0.0,7,86,93,12091010.,11PM00.,09,23,1
2012-09-11 00:00:00,3,0,1,1,21.32,25.0,59,7.0015,5,27,32,12091110.,12AM00.,09,00,2
2012-09-11 01:00:00,3,0,1,1,20.5,24.24,63,0.0,0,10,10,12091110.,01AM00.,09,01,2
2012-09-11 02:00:00,3,0,1,1,19.68,23.485,77,11.0014,1,5,6,12091110.,02AM00.,09,02,2
2012-09-11 03:00:00,3,0,1,1,19.68,23.485,67,8.9981,1,7,8,12091110.,03AM00.,09,03,2
2012-09-11 04:00:00,3,0,1,1,19.68,23.485,72,7.0015,1,8,9,12091110.,04AM00.,09,04,2
2012-09-11 05:00:00,3,0,1,1,18.86,22.725,72,6.0032,3,41,44,12091110.,05AM00.,09,05,2
2012-09-11 06:00:00,3,0,1,1,18.86,22.725,77,7.0015,11,200,211,12091110.,06AM00.,09,06,2
2012-09-11 07:00:00,3,0,1,1,20.5,24.24,72,7.0015,24,572,596,12091110.,07AM00.,09,07,2
2012-09-11 08:00:00,3,0,1,1,22.14,25.76,68,6.0032,48,702,750,12091110.,08AM00.,09,08,2
2012-09-11 09:00:00,3,0,1,1,24.6,31.06,49,0.0,35,323,358,12091110.,09AM00.,09,09,2
2012-09-11 10:00:00,3,0,1,1,25.42,31.06,38,0.0,54,142,196,12091110.,10AM00.,09,10,2
2012-09-11 11:00:00,3,0,1,1,26.24,31.06,33,6.0032,60,187,247,12091110.,11AM00.,09,11,2
2012-09-11 12:00:00,3,0,1,1,26.24,31.06,33,0.0,62,254,316,12091110.,12PM00.,09,12,2
2012-09-11 13:00:00,3,0,1,1,27.06,31.06,29,6.0032,72,256,328,12091110.,01PM00.,09,13,2
2012-09-11 14:00:00,3,0,1,1,27.88,31.06,30,6.0032,74,181,255,12091110.,02PM00.,09,14,2
2012-09-11 15:00:00,3,0,1,1,28.7,31.82,28,7.0015,73,253,326,12091110.,03PM00.,09,15,2
2012-09-11 16:00:00,3,0,1,1,28.7,31.82,28,8.9981,99,437,536,12091110.,04PM00.,09,16,2
2012-09-11 17:00:00,3,0,1,1,28.7,31.82,28,0.0,168,802,970,12091110.,05PM00.,09,17,2
2012-09-11 18:00:00,3,0,1,1,26.24,31.06,36,11.0014,110,767,877,12091110.,06PM00.,09,18,2
2012-09-11 19:00:00,3,0,1,1,25.42,31.06,41,12.998,56,540,596,12091110.,07PM00.,09,19,2
2012-09-11 20:00:00,3,0,1,1,23.78,27.275,56,8.9981,40,421,461,12091110.,08PM00.,09,20,2
2012-09-11 21:00:00,3,0,1,1,22.96,26.515,60,7.0015,28,282,310,12091110.,09PM00.,09,21,2
2012-09-11 22:00:00,3,0,1,1,22.96,26.515,64,7.0015,27,189,216,12091110.,10PM00.,09,22,2
2012-09-11 23:00:00,3,0,1,1,22.14,25.76,68,7.0015,18,91,109,12091110.,11PM00.,09,23,2
2012-09-12 00:00:00,3,0,1,1,21.32,25.0,72,7.0015,8,41,49,12091210.,12AM00.,09,00,3
2012-09-12 01:00:00,3,0,1,1,21.32,25.0,72,7.0015,2,19,21,12091210.,01AM00.,09,01,3
2012-09-12 02:00:00,3,0,1,1,21.32,25.0,72,6.0032,2,9,11,12091210.,02AM00.,09,02,3
2012-09-12 03:00:00,3,0,1,1,20.5,24.24,77,6.0032,0,7,7,12091210.,03AM00.,09,03,3
2012-09-12 04:00:00,3,0,1,1,20.5,24.24,72,6.0032,0,5,5,12091210.,04AM00.,09,04,3
2012-09-12 05:00:00,3,0,1,1,20.5,24.24,72,6.0032,4,44,48,12091210.,05AM00.,09,05,3
2012-09-12 06:00:00,3,0,1,1,20.5,24.24,72,6.0032,6,199,205,12091210.,06AM00.,09,06,3
2012-09-12 07:00:00,3,0,1,1,21.32,25.0,72,0.0,24,533,557,12091210.,07AM00.,09,07,3
2012-09-12 08:00:00,3,0,1,1,22.96,26.515,64,7.0015,43,727,770,12091210.,08AM00.,09,08,3
2012-09-12 09:00:00,3,0,1,1,24.6,30.305,64,8.9981,50,278,328,12091210.,09AM00.,09,09,3
2012-09-12 10:00:00,3,0,1,1,25.42,30.305,61,8.9981,57,148,205,12091210.,10AM00.,09,10,3
2012-09-12 11:00:00,3,0,1,1,27.06,31.06,50,12.998,51,181,232,12091210.,11AM00.,09,11,3
2012-09-12 12:00:00,3,0,1,1,27.88,31.82,36,8.9981,88,264,352,12091210.,12PM00.,09,12,3
2012-09-12 13:00:00,3,0,1,1,28.7,31.82,34,8.9981,85,238,323,12091210.,01PM00.,09,13,3
2012-09-12 14:00:00,3,0,1,1,28.7,31.82,37,11.0014,78,200,278,12091210.,02PM00.,09,14,3
2012-09-12 15:00:00,3,0,1,1,29.52,32.575,37,8.9981,75,243,318,12091210.,03PM00.,09,15,3
2012-09-12 16:00:00,3,0,1,1,29.52,32.575,37,11.0014,90,419,509,12091210.,04PM00.,09,16,3
2012-09-12 17:00:00,3,0,1,1,28.7,31.82,41,19.9995,114,811,925,12091210.,05PM00.,09,17,3
2012-09-12 18:00:00,3,0,1,1,27.06,31.06,44,16.9979,91,886,977,12091210.,06PM00.,09,18,3
2012-09-12 19:00:00,3,0,1,1,26.24,31.06,50,12.998,78,557,635,12091210.,07PM00.,09,19,3
2012-09-12 20:00:00,3,0,1,1,25.42,31.06,57,8.9981,38,432,470,12091210.,08PM00.,09,20,3
2012-09-12 21:00:00,3,0,1,1,24.6,30.305,60,8.9981,27,279,306,12091210.,09PM00.,09,21,3
2012-09-12 22:00:00,3,0,1,1,22.96,26.515,64,6.0032,23,189,212,12091210.,10PM00.,09,22,3
2012-09-12 23:00:00,3,0,1,1,22.96,26.515,68,7.0015,16,111,127,12091210.,11PM00.,09,23,3
2012-09-13 00:00:00,3,0,1,1,22.96,26.515,73,6.0032,11,46,57,12091310.,12AM00.,09,00,4
2012-09-13 01:00:00,3,0,1,1,22.14,25.76,77,6.0032,6,22,28,12091310.,01AM00.,09,01,4
2012-09-13 02:00:00,3,0,1,1,22.14,25.76,77,0.0,0,9,9,12091310.,02AM00.,09,02,4
2012-09-13 03:00:00,3,0,1,1,21.32,25.0,83,0.0,2,9,11,12091310.,03AM00.,09,03,4
2012-09-13 04:00:00,3,0,1,1,21.32,25.0,83,0.0,0,6,6,12091310.,04AM00.,09,04,4
2012-09-13 05:00:00,3,0,1,1,21.32,25.0,83,0.0,3,54,57,12091310.,05AM00.,09,05,4
2012-09-13 06:00:00,3,0,1,1,20.5,24.24,82,0.0,9,186,195,12091310.,06AM00.,09,06,4
2012-09-13 07:00:00,3,0,1,1,22.14,25.76,77,0.0,22,549,571,12091310.,07AM00.,09,07,4
2012-09-13 08:00:00,3,0,1,1,22.96,26.515,73,0.0,33,725,758,12091310.,08AM00.,09,08,4
2012-09-13 09:00:00,3,0,1,1,24.6,30.305,64,6.0032,46,292,338,12091310.,09AM00.,09,09,4
2012-09-13 10:00:00,3,0,1,1,26.24,31.06,61,6.0032,63,149,212,12091310.,10AM00.,09,10,4
2012-09-13 11:00:00,3,0,1,1,27.06,31.06,50,11.0014,71,183,254,12091310.,11AM00.,09,11,4
2012-09-13 12:00:00,3,0,1,1,27.88,31.82,44,7.0015,57,240,297,12091310.,12PM00.,09,12,4
2012-09-13 13:00:00,3,0,1,1,28.7,31.82,42,0.0,60,223,283,12091310.,01PM00.,09,13,4
2012-09-13 14:00:00,3,0,1,1,29.52,32.575,39,8.9981,60,214,274,12091310.,02PM00.,09,14,4
2012-09-13 15:00:00,3,0,1,1,29.52,32.575,42,7.0015,99,253,352,12091310.,03PM00.,09,15,4
2012-09-13 16:00:00,3,0,1,1,29.52,32.575,39,6.0032,85,406,491,12091310.,04PM00.,09,16,4
2012-09-13 17:00:00,3,0,1,1,29.52,32.575,42,12.998,97,787,884,12091310.,05PM00.,09,17,4
2012-09-13 18:00:00,3,0,1,1,27.88,31.82,57,16.9979,108,744,852,12091310.,06PM00.,09,18,4
2012-09-13 19:00:00,3,0,1,1,26.24,30.305,65,8.9981,80,594,674,12091310.,07PM00.,09,19,4
2012-09-13 20:00:00,3,0,1,1,25.42,30.305,69,7.0015,55,408,463,12091310.,08PM00.,09,20,4
2012-09-13 21:00:00,3,0,1,1,25.42,30.305,65,7.0015,26,291,317,12091310.,09PM00.,09,21,4
2012-09-13 22:00:00,3,0,1,1,24.6,29.545,69,8.9981,28,223,251,12091310.,10PM00.,09,22,4
2012-09-13 23:00:00,3,0,1,1,23.78,27.275,73,7.0015,33,137,170,12091310.,11PM00.,09,23,4
2012-09-14 00:00:00,3,0,1,1,22.96,26.515,73,6.0032,24,63,87,12091410.,12AM00.,09,00,5
2012-09-14 01:00:00,3,0,1,1,22.96,26.515,73,6.0032,6,35,41,12091410.,01AM00.,09,01,5
2012-09-14 02:00:00,3,0,1,1,22.96,26.515,73,0.0,7,23,30,12091410.,02AM00.,09,02,5
2012-09-14 03:00:00,3,0,1,1,22.14,25.76,77,0.0,5,9,14,12091410.,03AM00.,09,03,5
2012-09-14 04:00:00,3,0,1,1,22.14,25.76,77,0.0,1,11,12,12091410.,04AM00.,09,04,5
2012-09-14 05:00:00,3,0,1,1,22.14,25.76,83,0.0,1,40,41,12091410.,05AM00.,09,05,5
2012-09-14 06:00:00,3,0,1,1,22.14,25.76,88,0.0,8,144,152,12091410.,06AM00.,09,06,5
2012-09-14 07:00:00,3,0,1,2,22.96,26.515,88,0.0,17,437,454,12091410.,07AM00.,09,07,5
2012-09-14 08:00:00,3,0,1,2,24.6,28.79,78,11.0014,51,715,766,12091410.,08AM00.,09,08,5
2012-09-14 09:00:00,3,0,1,2,25.42,29.545,78,11.0014,46,301,347,12091410.,09AM00.,09,09,5
2012-09-14 10:00:00,3,0,1,2,27.88,31.82,65,0.0,75,171,246,12091410.,10AM00.,09,10,5
2012-09-14 11:00:00,3,0,1,2,27.88,31.82,61,7.0015,84,196,280,12091410.,11AM00.,09,11,5
2012-09-14 12:00:00,3,0,1,2,28.7,32.575,54,12.998,119,290,409,12091410.,12PM00.,09,12,5
2012-09-14 13:00:00,3,0,1,2,28.7,32.575,54,12.998,107,301,408,12091410.,01PM00.,09,13,5
2012-09-14 14:00:00,3,0,1,2,29.52,32.575,45,11.0014,113,258,371,12091410.,02PM00.,09,14,5
2012-09-14 15:00:00,3,0,1,2,29.52,33.335,48,8.9981,94,273,367,12091410.,03PM00.,09,15,5
2012-09-14 16:00:00,3,0,1,2,29.52,33.335,51,0.0,109,454,563,12091410.,04PM00.,09,16,5
2012-09-14 17:00:00,3,0,1,1,29.52,33.335,51,12.998,137,757,894,12091410.,05PM00.,09,17,5
2012-09-14 18:00:00,3,0,1,1,29.52,32.575,45,15.0013,116,692,808,12091410.,06PM00.,09,18,5
2012-09-14 19:00:00,3,0,1,1,27.88,31.82,57,11.0014,83,496,579,12091410.,07PM00.,09,19,5
2012-09-14 20:00:00,3,0,1,1,27.06,31.06,61,7.0015,67,337,404,12091410.,08PM00.,09,20,5
2012-09-14 21:00:00,3,0,1,1,26.24,30.305,73,15.0013,42,270,312,12091410.,09PM00.,09,21,5
2012-09-14 22:00:00,3,0,1,1,25.42,28.79,83,12.998,40,189,229,12091410.,10PM00.,09,22,5
2012-09-14 23:00:00,3,0,1,1,25.42,29.545,78,6.0032,27,168,195,12091410.,11PM00.,09,23,5
2012-09-15 00:00:00,3,0,0,1,24.6,28.03,83,7.0015,38,169,207,12091510.,12AM00.,09,00,6
2012-09-15 01:00:00,3,0,0,1,24.6,29.545,73,0.0,8,101,109,12091510.,01AM00.,09,01,6
2012-09-15 02:00:00,3,0,0,1,23.78,27.275,78,7.0015,18,75,93,12091510.,02AM00.,09,02,6
2012-09-15 03:00:00,3,0,0,1,24.6,29.545,73,16.9979,6,31,37,12091510.,03AM00.,09,03,6
2012-09-15 04:00:00,3,0,0,2,24.6,29.545,69,23.9994,3,3,6,12091510.,04AM00.,09,04,6
2012-09-15 05:00:00,3,0,0,1,23.78,27.275,60,35.0008,1,15,16,12091510.,05AM00.,09,05,6
2012-09-15 06:00:00,3,0,0,1,22.14,25.76,49,27.9993,6,27,33,12091510.,06AM00.,09,06,6
2012-09-15 07:00:00,3,0,0,1,22.14,25.76,52,19.0012,10,63,73,12091510.,07AM00.,09,07,6
2012-09-15 08:00:00,3,0,0,1,22.96,26.515,49,27.9993,43,169,212,12091510.,08AM00.,09,08,6
2012-09-15 09:00:00,3,0,0,1,24.6,31.06,43,27.9993,79,263,342,12091510.,09AM00.,09,09,6
2012-09-15 10:00:00,3,0,0,1,25.42,31.06,41,26.0027,119,323,442,12091510.,10AM00.,09,10,6
2012-09-15 11:00:00,3,0,0,1,26.24,31.06,38,26.0027,228,399,627,12091510.,11AM00.,09,11,6
2012-09-15 12:00:00,3,0,0,1,27.06,31.06,36,23.9994,287,419,706,12091510.,12PM00.,09,12,6
2012-09-15 13:00:00,3,0,0,1,27.88,31.82,36,12.998,327,377,704,12091510.,01PM00.,09,13,6
2012-09-15 14:00:00,3,0,0,1,27.88,31.82,34,22.0028,325,390,715,12091510.,02PM00.,09,14,6
2012-09-15 15:00:00,3,0,0,2,27.88,31.82,34,19.0012,312,342,654,12091510.,03PM00.,09,15,6
2012-09-15 16:00:00,3,0,0,2,27.06,31.06,36,15.0013,350,433,783,12091510.,04PM00.,09,16,6
2012-09-15 17:00:00,3,0,0,2,27.06,31.06,36,16.9979,295,434,729,12091510.,05PM00.,09,17,6
2012-09-15 18:00:00,3,0,0,2,26.24,31.06,36,19.0012,232,382,614,12091510.,06PM00.,09,18,6
2012-09-15 19:00:00,3,0,0,1,25.42,31.06,41,11.0014,169,309,478,12091510.,07PM00.,09,19,6
2012-09-15 20:00:00,3,0,0,1,24.6,31.06,43,6.0032,89,241,330,12091510.,08PM00.,09,20,6
2012-09-15 21:00:00,3,0,0,1,22.96,26.515,52,7.0015,86,210,296,12091510.,09PM00.,09,21,6
2012-09-15 22:00:00,3,0,0,1,22.96,26.515,52,0.0,82,197,279,12091510.,10PM00.,09,22,6
2012-09-15 23:00:00,3,0,0,1,22.14,25.76,60,0.0,47,182,229,12091510.,11PM00.,09,23,6
2012-09-16 00:00:00,3,0,0,1,22.14,25.76,64,0.0,28,123,151,12091610.,12AM00.,09,00,7
2012-09-16 01:00:00,3,0,0,1,22.14,25.76,64,0.0,35,82,117,12091610.,01AM00.,09,01,7
2012-09-16 02:00:00,3,0,0,1,21.32,25.0,63,0.0,27,62,89,12091610.,02AM00.,09,02,7
2012-09-16 03:00:00,3,0,0,1,20.5,24.24,68,0.0,10,38,48,12091610.,03AM00.,09,03,7
2012-09-16 04:00:00,3,0,0,1,20.5,24.24,72,0.0,2,6,8,12091610.,04AM00.,09,04,7
2012-09-16 05:00:00,3,0,0,1,20.5,24.24,72,0.0,3,10,13,12091610.,05AM00.,09,05,7
2012-09-16 06:00:00,3,0,0,1,20.5,24.24,72,0.0,9,26,35,12091610.,06AM00.,09,06,7
2012-09-16 07:00:00,3,0,0,1,20.5,24.24,77,7.0015,28,43,71,12091610.,07AM00.,09,07,7
2012-09-16 08:00:00,3,0,0,1,22.14,25.76,64,11.0014,34,94,128,12091610.,08AM00.,09,08,7
2012-09-16 09:00:00,3,0,0,1,23.78,27.275,60,8.9981,70,226,296,12091610.,09AM00.,09,09,7
2012-09-16 10:00:00,3,0,0,1,25.42,31.06,50,7.0015,160,330,490,12091610.,10AM00.,09,10,7
2012-09-16 11:00:00,3,0,0,1,26.24,31.06,47,11.0014,183,376,559,12091610.,11AM00.,09,11,7
2012-09-16 12:00:00,3,0,0,1,27.06,31.06,44,11.0014,188,468,656,12091610.,12PM00.,09,12,7
2012-09-16 13:00:00,3,0,0,1,26.24,31.06,41,11.0014,240,454,694,12091610.,01PM00.,09,13,7
2012-09-16 14:00:00,3,0,0,1,27.06,31.06,39,8.9981,225,410,635,12091610.,02PM00.,09,14,7
2012-09-16 15:00:00,3,0,0,1,26.24,31.06,41,11.0014,215,342,557,12091610.,03PM00.,09,15,7
2012-09-16 16:00:00,3,0,0,1,26.24,31.06,44,11.0014,194,402,596,12091610.,04PM00.,09,16,7
2012-09-16 17:00:00,3,0,0,1,27.06,31.06,41,0.0,177,393,570,12091610.,05PM00.,09,17,7
2012-09-16 18:00:00,3,0,0,1,25.42,31.06,50,11.0014,120,361,481,12091610.,06PM00.,09,18,7
2012-09-16 19:00:00,3,0,0,1,25.42,31.06,50,8.9981,91,312,403,12091610.,07PM00.,09,19,7
2012-09-16 20:00:00,3,0,0,1,24.6,31.06,53,7.0015,57,267,324,12091610.,08PM00.,09,20,7
2012-09-16 21:00:00,3,0,0,1,24.6,31.06,56,7.0015,43,148,191,12091610.,09PM00.,09,21,7
2012-09-16 22:00:00,3,0,0,1,22.96,26.515,68,6.0032,18,109,127,12091610.,10PM00.,09,22,7
2012-09-16 23:00:00,3,0,0,1,22.14,25.76,68,7.0015,9,85,94,12091610.,11PM00.,09,23,7
2012-09-17 00:00:00,3,0,1,1,22.14,25.76,68,11.0014,14,31,45,12091710.,12AM00.,09,00,1
2012-09-17 01:00:00,3,0,1,1,21.32,25.0,72,6.0032,9,12,21,12091710.,01AM00.,09,01,1
2012-09-17 02:00:00,3,0,1,1,21.32,25.0,72,0.0,5,8,13,12091710.,02AM00.,09,02,1
2012-09-17 03:00:00,3,0,1,1,20.5,24.24,77,6.0032,0,7,7,12091710.,03AM00.,09,03,1
2012-09-17 04:00:00,3,0,1,1,20.5,24.24,77,0.0,2,9,11,12091710.,04AM00.,09,04,1
2012-09-17 05:00:00,3,0,1,1,19.68,23.485,82,6.0032,1,44,45,12091710.,05AM00.,09,05,1
2012-09-17 06:00:00,3,0,1,1,19.68,23.485,82,0.0,7,157,164,12091710.,06AM00.,09,06,1
2012-09-17 07:00:00,3,0,1,1,21.32,25.0,77,0.0,18,474,492,12091710.,07AM00.,09,07,1
2012-09-17 08:00:00,3,0,1,1,22.14,25.76,77,6.0032,36,647,683,12091710.,08AM00.,09,08,1
2012-09-17 09:00:00,3,0,1,1,23.78,27.275,68,8.9981,34,265,299,12091710.,09AM00.,09,09,1
2012-09-17 10:00:00,3,0,1,2,25.42,30.305,65,12.998,73,129,202,12091710.,10AM00.,09,10,1
2012-09-17 11:00:00,3,0,1,2,25.42,30.305,69,15.0013,61,191,252,12091710.,11AM00.,09,11,1
2012-09-17 12:00:00,3,0,1,2,25.42,30.305,69,12.998,62,233,295,12091710.,12PM00.,09,12,1
2012-09-17 13:00:00,3,0,1,1,26.24,30.305,65,16.9979,112,231,343,12091710.,01PM00.,09,13,1
2012-09-17 14:00:00,3,0,1,2,26.24,30.305,65,16.9979,129,203,332,12091710.,02PM00.,09,14,1
2012-09-17 15:00:00,3,0,1,2,26.24,30.305,65,16.9979,82,256,338,12091710.,03PM00.,09,15,1
2012-09-17 16:00:00,3,0,1,2,26.24,30.305,69,16.9979,74,379,453,12091710.,04PM00.,09,16,1
2012-09-17 17:00:00,3,0,1,2,26.24,30.305,65,15.0013,102,740,842,12091710.,05PM00.,09,17,1
2012-09-17 18:00:00,3,0,1,2,25.42,29.545,73,11.0014,66,708,774,12091710.,06PM00.,09,18,1
2012-09-17 19:00:00,3,0,1,2,25.42,29.545,73,7.0015,51,435,486,12091710.,07PM00.,09,19,1
2012-09-17 20:00:00,3,0,1,2,25.42,29.545,73,8.9981,32,308,340,12091710.,08PM00.,09,20,1
2012-09-17 21:00:00,3,0,1,3,25.42,28.79,83,15.0013,28,205,233,12091710.,09PM00.,09,21,1
2012-09-17 22:00:00,3,0,1,3,25.42,28.79,83,16.9979,20,109,129,12091710.,10PM00.,09,22,1
2012-09-17 23:00:00,3,0,1,3,24.6,25.76,94,16.9979,4,66,70,12091710.,11PM00.,09,23,1
2012-09-18 00:00:00,3,0,1,3,24.6,25.76,94,16.9979,2,11,13,12091810.,12AM00.,09,00,2
2012-09-18 01:00:00,3,0,1,3,24.6,25.76,94,12.998,0,5,5,12091810.,01AM00.,09,01,2
2012-09-18 02:00:00,3,0,1,3,24.6,25.76,94,12.998,0,4,4,12091810.,02AM00.,09,02,2
2012-09-18 03:00:00,3,0,1,2,25.42,27.275,94,19.0012,0,6,6,12091810.,03AM00.,09,03,2
2012-09-18 04:00:00,3,0,1,2,25.42,27.275,94,23.9994,2,5,7,12091810.,04AM00.,09,04,2
2012-09-18 05:00:00,3,0,1,2,26.24,28.79,89,22.0028,3,45,48,12091810.,05AM00.,09,05,2
2012-09-18 06:00:00,3,0,1,2,26.24,28.79,89,22.0028,4,163,167,12091810.,06AM00.,09,06,2
2012-09-18 07:00:00,3,0,1,2,26.24,28.79,89,30.0026,13,343,356,12091810.,07AM00.,09,07,2
2012-09-18 08:00:00,3,0,1,2,27.06,30.305,83,36.9974,32,640,672,12091810.,08AM00.,09,08,2
2012-09-18 09:00:00,3,0,1,2,27.06,30.305,83,39.0007,27,266,293,12091810.,09AM00.,09,09,2
2012-09-18 10:00:00,3,0,1,3,27.88,31.82,79,43.0006,30,130,160,12091810.,10AM00.,09,10,2
2012-09-18 11:00:00,3,0,1,2,27.88,31.82,79,43.0006,36,115,151,12091810.,11AM00.,09,11,2
2012-09-18 12:00:00,3,0,1,3,27.88,31.82,83,30.0026,16,72,88,12091810.,12PM00.,09,12,2
2012-09-18 13:00:00,3,0,1,2,28.7,33.335,74,39.0007,17,97,114,12091810.,01PM00.,09,13,2
2012-09-18 14:00:00,3,0,1,3,24.6,25.76,94,31.0009,27,116,143,12091810.,02PM00.,09,14,2
2012-09-18 15:00:00,3,0,1,3,24.6,27.275,88,16.9979,1,35,36,12091810.,03PM00.,09,15,2
2012-09-18 16:00:00,3,0,1,3,24.6,27.275,88,19.9995,19,122,141,12091810.,04PM00.,09,16,2
2012-09-18 17:00:00,3,0,1,3,24.6,27.275,88,12.998,36,302,338,12091810.,05PM00.,09,17,2
2012-09-18 18:00:00,3,0,1,2,24.6,27.275,88,11.0014,19,262,281,12091810.,06PM00.,09,18,2
2012-09-18 19:00:00,3,0,1,2,24.6,27.275,88,19.9995,22,302,324,12091810.,07PM00.,09,19,2
2012-09-18 20:00:00,3,0,1,2,24.6,27.275,88,12.998,19,271,290,12091810.,08PM00.,09,20,2
2012-09-18 21:00:00,3,0,1,2,24.6,27.275,88,12.998,21,186,207,12091810.,09PM00.,09,21,2
2012-09-18 22:00:00,3,0,1,3,23.78,27.275,83,31.0009,14,137,151,12091810.,10PM00.,09,22,2
2012-09-18 23:00:00,3,0,1,2,22.96,26.515,83,15.0013,11,67,78,12091810.,11PM00.,09,23,2
2012-09-19 00:00:00,3,0,1,2,22.96,26.515,68,19.0012,3,23,26,12091910.,12AM00.,09,00,3
2012-09-19 01:00:00,3,0,1,2,22.14,25.76,68,16.9979,0,12,12,12091910.,01AM00.,09,01,3
2012-09-19 02:00:00,3,0,1,2,22.14,25.76,64,22.0028,0,3,3,12091910.,02AM00.,09,02,3
2012-09-19 03:00:00,3,0,1,2,21.32,25.0,63,16.9979,1,4,5,12091910.,03AM00.,09,03,3
2012-09-19 04:00:00,3,0,1,2,21.32,25.0,68,23.9994,0,10,10,12091910.,04AM00.,09,04,3
2012-09-19 05:00:00,3,0,1,2,21.32,25.0,68,19.0012,2,54,56,12091910.,05AM00.,09,05,3
2012-09-19 06:00:00,3,0,1,1,21.32,25.0,63,16.9979,6,166,172,12091910.,06AM00.,09,06,3
2012-09-19 07:00:00,3,0,1,1,21.32,25.0,63,15.0013,16,529,545,12091910.,07AM00.,09,07,3
2012-09-19 08:00:00,3,0,1,1,21.32,25.0,59,15.0013,39,758,797,12091910.,08AM00.,09,08,3
2012-09-19 09:00:00,3,0,1,1,22.14,25.76,60,16.9979,26,336,362,12091910.,09AM00.,09,09,3
2012-09-19 10:00:00,3,0,1,1,22.96,26.515,52,12.998,23,169,192,12091910.,10AM00.,09,10,3
2012-09-19 11:00:00,3,0,1,1,24.6,31.06,43,16.9979,44,203,247,12091910.,11AM00.,09,11,3
2012-09-19 12:00:00,3,0,1,1,24.6,31.06,43,16.9979,53,260,313,12091910.,12PM00.,09,12,3
2012-09-19 13:00:00,3,0,1,1,24.6,31.06,40,16.9979,55,234,289,12091910.,01PM00.,09,13,3
2012-09-19 14:00:00,3,0,1,1,25.42,31.06,38,16.9979,59,227,286,12091910.,02PM00.,09,14,3
2012-09-19 15:00:00,3,0,1,1,25.42,31.06,35,0.0,57,254,311,12091910.,03PM00.,09,15,3
2012-09-19 16:00:00,3,0,1,1,25.42,31.06,35,0.0,69,397,466,12091910.,04PM00.,09,16,3
2012-09-19 17:00:00,3,0,1,1,24.6,31.06,38,15.0013,74,812,886,12091910.,05PM00.,09,17,3
2012-09-19 18:00:00,3,0,1,1,23.78,27.275,40,19.0012,85,807,892,12091910.,06PM00.,09,18,3
2012-09-19 19:00:00,3,0,1,1,22.96,26.515,43,15.0013,72,539,611,12091910.,07PM00.,09,19,3
2012-09-19 20:00:00,3,0,1,1,21.32,25.0,48,11.0014,31,378,409,12091910.,08PM00.,09,20,3
2012-09-19 21:00:00,3,0,1,1,20.5,24.24,59,11.0014,25,324,349,12091910.,09PM00.,09,21,3
2012-09-19 22:00:00,3,0,1,1,20.5,24.24,63,6.0032,31,198,229,12091910.,10PM00.,09,22,3
2012-09-19 23:00:00,3,0,1,1,19.68,23.485,67,6.0032,17,106,123,12091910.,11PM00.,09,23,3
2012-10-01 00:00:00,4,0,1,1,18.86,22.725,72,7.0015,6,39,45,12100110.,12AM00.,10,00,1
2012-10-01 01:00:00,4,0,1,1,18.04,21.97,77,6.0032,5,13,18,12100110.,01AM00.,10,01,1
2012-10-01 02:00:00,4,0,1,1,18.86,22.725,72,0.0,6,6,12,12100110.,02AM00.,10,02,1
2012-10-01 03:00:00,4,0,1,1,18.04,21.97,77,0.0,1,6,7,12100110.,03AM00.,10,03,1
2012-10-01 04:00:00,4,0,1,1,17.22,21.21,82,7.0015,0,10,10,12100110.,04AM00.,10,04,1
2012-10-01 05:00:00,4,0,1,1,18.04,21.97,77,0.0,2,34,36,12100110.,05AM00.,10,05,1
2012-10-01 06:00:00,4,0,1,1,18.04,21.97,77,7.0015,8,147,155,12100110.,06AM00.,10,06,1
2012-10-01 07:00:00,4,0,1,1,18.04,21.97,77,11.0014,13,470,483,12100110.,07AM00.,10,07,1
2012-10-01 08:00:00,4,0,1,2,18.86,22.725,77,7.0015,40,744,784,12100110.,08AM00.,10,08,1
2012-10-01 09:00:00,4,0,1,2,21.32,25.0,63,0.0,26,314,340,12100110.,09AM00.,10,09,1
2012-10-01 10:00:00,4,0,1,1,22.14,25.76,56,0.0,44,135,179,12100110.,10AM00.,10,10,1
2012-10-01 11:00:00,4,0,1,1,23.78,27.275,46,0.0,76,196,272,12100110.,11AM00.,10,11,1
2012-10-01 12:00:00,4,0,1,2,24.6,31.06,43,11.0014,61,262,323,12100110.,12PM00.,10,12,1
2012-10-01 13:00:00,4,0,1,2,24.6,31.06,43,11.0014,80,225,305,12100110.,01PM00.,10,13,1
2012-10-01 14:00:00,4,0,1,2,24.6,31.06,43,7.0015,51,193,244,12100110.,02PM00.,10,14,1
2012-10-01 15:00:00,4,0,1,2,25.42,31.06,43,8.9981,95,234,329,12100110.,03PM00.,10,15,1
2012-10-01 16:00:00,4,0,1,2,25.42,31.06,46,16.9979,51,408,459,12100110.,04PM00.,10,16,1
2012-10-01 17:00:00,4,0,1,3,22.96,26.515,60,16.9979,65,791,856,12100110.,05PM00.,10,17,1
2012-10-01 18:00:00,4,0,1,3,22.96,26.515,64,7.0015,42,571,613,12100110.,06PM00.,10,18,1
2012-10-01 19:00:00,4,0,1,2,22.14,25.76,68,7.0015,33,483,516,12100110.,07PM00.,10,19,1
2012-10-01 20:00:00,4,0,1,3,22.14,25.76,68,0.0,11,251,262,12100110.,08PM00.,10,20,1
2012-10-01 21:00:00,4,0,1,2,22.14,25.76,73,8.9981,13,205,218,12100110.,09PM00.,10,21,1
2012-10-01 22:00:00,4,0,1,3,22.14,25.76,77,6.0032,17,190,207,12100110.,10PM00.,10,22,1
2012-10-01 23:00:00,4,0,1,3,22.14,25.76,77,0.0,17,88,105,12100110.,11PM00.,10,23,1
2012-10-02 00:00:00,4,0,1,2,22.96,26.515,73,0.0,1,30,31,12100210.,12AM00.,10,00,2
2012-10-02 01:00:00,4,0,1,2,22.14,25.76,77,7.0015,0,11,11,12100210.,01AM00.,10,01,2
2012-10-02 02:00:00,4,0,1,2,22.14,25.76,77,7.0015,0,2,2,12100210.,02AM00.,10,02,2
2012-10-02 03:00:00,4,0,1,2,22.14,25.76,88,12.998,1,4,5,12100210.,03AM00.,10,03,2
2012-10-02 04:00:00,4,0,1,2,22.96,26.515,83,6.0032,2,8,10,12100210.,04AM00.,10,04,2
2012-10-02 05:00:00,4,0,1,2,22.96,26.515,83,8.9981,1,42,43,12100210.,05AM00.,10,05,2
2012-10-02 06:00:00,4,0,1,3,23.78,27.275,83,7.0015,3,176,179,12100210.,06AM00.,10,06,2
2012-10-02 07:00:00,4,0,1,3,23.78,27.275,83,7.0015,4,256,260,12100210.,07AM00.,10,07,2
2012-10-02 08:00:00,4,0,1,3,24.6,27.275,88,0.0,6,128,134,12100210.,08AM00.,10,08,2
2012-10-02 09:00:00,4,0,1,3,23.78,27.275,88,8.9981,3,83,86,12100210.,09AM00.,10,09,2
2012-10-02 10:00:00,4,0,1,3,23.78,27.275,88,8.9981,3,42,45,12100210.,10AM00.,10,10,2
2012-10-02 11:00:00,4,0,1,3,23.78,27.275,94,8.9981,7,92,99,12100210.,11AM00.,10,11,2
2012-10-02 12:00:00,4,0,1,2,24.6,27.275,88,12.998,6,98,104,12100210.,12PM00.,10,12,2
2012-10-02 13:00:00,4,0,1,2,24.6,27.275,88,8.9981,6,148,154,12100210.,01PM00.,10,13,2
2012-10-02 14:00:00,4,0,1,3,24.6,27.275,88,8.9981,16,147,163,12100210.,02PM00.,10,14,2
2012-10-02 15:00:00,4,0,1,3,25.42,28.79,83,8.9981,14,195,209,12100210.,03PM00.,10,15,2
2012-10-02 16:00:00,4,0,1,3,25.42,28.03,88,8.9981,46,328,374,12100210.,04PM00.,10,16,2
2012-10-02 17:00:00,4,0,1,3,25.42,28.03,88,7.0015,38,677,715,12100210.,05PM00.,10,17,2
2012-10-02 18:00:00,4,0,1,3,25.42,27.275,94,6.0032,48,639,687,12100210.,06PM00.,10,18,2
2012-10-02 19:00:00,4,0,1,3,25.42,27.275,94,0.0,27,368,395,12100210.,07PM00.,10,19,2
2012-10-02 20:00:00,4,0,1,3,25.42,27.275,94,8.9981,20,286,306,12100210.,08PM00.,10,20,2
2012-10-02 21:00:00,4,0,1,3,25.42,27.275,94,7.0015,24,265,289,12100210.,09PM00.,10,21,2
2012-10-02 22:00:00,4,0,1,2,25.42,27.275,94,7.0015,28,212,240,12100210.,10PM00.,10,22,2
2012-10-02 23:00:00,4,0,1,2,25.42,27.275,94,0.0,11,87,98,12100210.,11PM00.,10,23,2
2012-10-03 00:00:00,4,0,1,3,25.42,27.275,94,0.0,5,47,52,12100310.,12AM00.,10,00,3
2012-10-03 01:00:00,4,0,1,2,25.42,27.275,94,0.0,3,16,19,12100310.,01AM00.,10,01,3
2012-10-03 02:00:00,4,0,1,2,25.42,27.275,94,0.0,2,7,9,12100310.,02AM00.,10,02,3
2012-10-03 03:00:00,4,0,1,2,24.6,25.76,94,0.0,0,7,7,12100310.,03AM00.,10,03,3
2012-10-03 04:00:00,4,0,1,2,24.6,25.0,100,0.0,2,9,11,12100310.,04AM00.,10,04,3
2012-10-03 05:00:00,4,0,1,2,25.42,27.275,94,7.0015,2,32,34,12100310.,05AM00.,10,05,3
2012-10-03 06:00:00,4,0,1,2,24.6,25.76,94,8.9981,4,173,177,12100310.,06AM00.,10,06,3
2012-10-03 07:00:00,4,0,1,2,24.6,25.76,94,12.998,11,504,515,12100310.,07AM00.,10,07,3
2012-10-03 08:00:00,4,0,1,2,25.42,28.03,88,7.0015,28,781,809,12100310.,08AM00.,10,08,3
2012-10-03 09:00:00,4,0,1,2,25.42,28.79,83,12.998,30,332,362,12100310.,09AM00.,10,09,3
2012-10-03 10:00:00,4,0,1,1,27.06,30.305,78,11.0014,29,146,175,12100310.,10AM00.,10,10,3
2012-10-03 11:00:00,4,0,1,1,27.06,30.305,78,11.0014,52,178,230,12100310.,11AM00.,10,11,3
2012-10-03 12:00:00,4,0,1,2,28.7,32.575,70,7.0015,69,289,358,12100310.,12PM00.,10,12,3
2012-10-03 13:00:00,4,0,1,2,28.7,33.335,74,7.0015,55,224,279,12100310.,01PM00.,10,13,3
2012-10-03 14:00:00,4,0,1,2,29.52,34.09,70,11.0014,56,195,251,12100310.,02PM00.,10,14,3
2012-10-03 15:00:00,4,0,1,2,29.52,34.09,62,11.0014,59,260,319,12100310.,03PM00.,10,15,3
2012-10-03 16:00:00,4,0,1,2,29.52,33.335,58,0.0,42,436,478,12100310.,04PM00.,10,16,3
2012-10-03 17:00:00,4,0,1,1,28.7,32.575,65,0.0,84,833,917,12100310.,05PM00.,10,17,3
2012-10-03 18:00:00,4,0,1,1,28.7,32.575,65,0.0,54,756,810,12100310.,06PM00.,10,18,3
2012-10-03 19:00:00,4,0,1,1,28.7,32.575,65,0.0,49,544,593,12100310.,07PM00.,10,19,3
2012-10-03 20:00:00,4,0,1,1,28.7,32.575,65,0.0,48,449,497,12100310.,08PM00.,10,20,3
2012-10-03 21:00:00,4,0,1,2,27.06,31.06,74,0.0,14,195,209,12100310.,09PM00.,10,21,3
2012-10-03 22:00:00,4,0,1,1,27.06,31.06,74,0.0,9,232,241,12100310.,10PM00.,10,22,3
2012-10-03 23:00:00,4,0,1,2,27.06,30.305,78,0.0,21,199,220,12100310.,11PM00.,10,23,3
2012-10-04 00:00:00,4,0,1,3,26.24,28.79,89,0.0,11,65,76,12100410.,12AM00.,10,00,4
2012-10-04 01:00:00,4,0,1,2,25.42,27.275,94,0.0,2,23,25,12100410.,01AM00.,10,01,4
2012-10-04 02:00:00,4,0,1,1,26.24,28.79,89,0.0,3,10,13,12100410.,02AM00.,10,02,4
2012-10-04 03:00:00,4,0,1,2,25.42,28.03,88,0.0,5,6,11,12100410.,03AM00.,10,03,4
2012-10-04 04:00:00,4,0,1,2,26.24,28.79,89,0.0,0,10,10,12100410.,04AM00.,10,04,4
2012-10-04 05:00:00,4,0,1,3,26.24,28.79,89,7.0015,2,37,39,12100410.,05AM00.,10,05,4
2012-10-04 06:00:00,4,0,1,3,25.42,27.275,94,6.0032,1,132,133,12100410.,06AM00.,10,06,4
2012-10-04 07:00:00,4,0,1,2,26.24,28.79,89,6.0032,12,379,391,12100410.,07AM00.,10,07,4
2012-10-04 08:00:00,4,0,1,1,26.24,28.79,89,0.0,27,711,738,12100410.,08AM00.,10,08,4
2012-10-04 09:00:00,4,0,1,2,26.24,28.79,89,12.998,40,319,359,12100410.,09AM00.,10,09,4
2012-10-04 10:00:00,4,0,1,2,27.06,30.305,83,8.9981,27,150,177,12100410.,10AM00.,10,10,4
2012-10-04 11:00:00,4,0,1,2,28.7,32.575,70,7.0015,38,176,214,12100410.,11AM00.,10,11,4
2012-10-04 12:00:00,4,0,1,2,29.52,33.335,54,12.998,57,231,288,12100410.,12PM00.,10,12,4
2012-10-04 13:00:00,4,0,1,2,29.52,33.335,58,22.0028,63,231,294,12100410.,01PM00.,10,13,4
2012-10-04 14:00:00,4,0,1,1,28.7,32.575,61,16.9979,56,211,267,12100410.,02PM00.,10,14,4
2012-10-04 15:00:00,4,0,1,1,29.52,33.335,54,19.0012,77,248,325,12100410.,03PM00.,10,15,4
2012-10-04 16:00:00,4,0,1,1,28.7,32.575,54,19.0012,86,411,497,12100410.,04PM00.,10,16,4
2012-10-04 17:00:00,4,0,1,1,28.7,32.575,51,15.0013,112,789,901,12100410.,05PM00.,10,17,4
2012-10-04 18:00:00,4,0,1,1,27.06,31.06,57,7.0015,75,812,887,12100410.,06PM00.,10,18,4
2012-10-04 19:00:00,4,0,1,1,27.06,31.06,57,7.0015,67,467,534,12100410.,07PM00.,10,19,4
2012-10-04 20:00:00,4,0,1,1,26.24,30.305,65,7.0015,50,391,441,12100410.,08PM00.,10,20,4
2012-10-04 21:00:00,4,0,1,1,25.42,30.305,69,0.0,33,288,321,12100410.,09PM00.,10,21,4
2012-10-04 22:00:00,4,0,1,1,26.24,31.06,47,8.9981,29,203,232,12100410.,10PM00.,10,22,4
2012-10-04 23:00:00,4,0,1,1,24.6,31.06,56,6.0032,18,137,155,12100410.,11PM00.,10,23,4
2012-10-05 00:00:00,4,0,1,1,22.96,26.515,73,0.0,16,86,102,12100510.,12AM00.,10,00,5
2012-10-05 01:00:00,4,0,1,1,22.14,25.76,68,7.0015,3,43,46,12100510.,01AM00.,10,01,5
2012-10-05 02:00:00,4,0,1,1,22.14,25.76,73,6.0032,1,10,11,12100510.,02AM00.,10,02,5
2012-10-05 03:00:00,4,0,1,1,22.14,25.76,73,0.0,5,11,16,12100510.,03AM00.,10,03,5
2012-10-05 04:00:00,4,0,1,1,22.14,25.76,77,0.0,0,11,11,12100510.,04AM00.,10,04,5
2012-10-05 05:00:00,4,0,1,1,21.32,25.0,77,0.0,0,41,41,12100510.,05AM00.,10,05,5
2012-10-05 06:00:00,4,0,1,1,21.32,25.0,83,0.0,4,133,137,12100510.,06AM00.,10,06,5
2012-10-05 07:00:00,4,0,1,1,21.32,25.0,83,7.0015,11,417,428,12100510.,07AM00.,10,07,5
2012-10-05 08:00:00,4,0,1,1,23.78,27.275,64,0.0,36,749,785,12100510.,08AM00.,10,08,5
2012-10-05 09:00:00,4,0,1,1,24.6,30.305,60,6.0032,58,326,384,12100510.,09AM00.,10,09,5
2012-10-05 10:00:00,4,0,1,1,27.06,31.06,54,0.0,68,192,260,12100510.,10AM00.,10,10,5
2012-10-05 11:00:00,4,0,1,1,28.7,32.575,48,12.998,90,214,304,12100510.,11AM00.,10,11,5
2012-10-05 12:00:00,4,0,1,1,29.52,32.575,42,11.0014,161,307,468,12100510.,12PM00.,10,12,5
2012-10-05 13:00:00,4,0,1,1,28.7,32.575,48,0.0,117,307,424,12100510.,01PM00.,10,13,5
2012-10-05 14:00:00,4,0,1,1,30.34,32.575,37,15.0013,113,287,400,12100510.,02PM00.,10,14,5
2012-10-05 15:00:00,4,0,1,1,29.52,32.575,39,16.9979,150,320,470,12100510.,03PM00.,10,15,5
2012-10-05 16:00:00,4,0,1,1,29.52,32.575,37,0.0,153,481,634,12100510.,04PM00.,10,16,5
2012-10-05 17:00:00,4,0,1,1,28.7,31.82,42,11.0014,158,742,900,12100510.,05PM00.,10,17,5
2012-10-05 18:00:00,4,0,1,1,26.24,31.06,57,8.9981,106,655,761,12100510.,06PM00.,10,18,5
2012-10-05 19:00:00,4,0,1,1,25.42,29.545,73,11.0014,67,433,500,12100510.,07PM00.,10,19,5
2012-10-05 20:00:00,4,0,1,1,24.6,28.79,78,8.9981,66,306,372,12100510.,08PM00.,10,20,5
2012-10-05 21:00:00,4,0,1,1,24.6,29.545,69,15.0013,47,220,267,12100510.,09PM00.,10,21,5
2012-10-05 22:00:00,4,0,1,1,24.6,29.545,73,19.0012,63,201,264,12100510.,10PM00.,10,22,5
2012-10-05 23:00:00,4,0,1,1,23.78,27.275,78,15.0013,23,148,171,12100510.,11PM00.,10,23,5
2012-10-06 00:00:00,4,0,0,1,22.96,26.515,83,11.0014,37,154,191,12100610.,12AM00.,10,00,6
2012-10-06 01:00:00,4,0,0,1,22.96,26.515,83,16.9979,25,116,141,12100610.,01AM00.,10,01,6
2012-10-06 02:00:00,4,0,0,1,22.96,26.515,78,12.998,13,62,75,12100610.,02AM00.,10,02,6
2012-10-06 03:00:00,4,0,0,1,22.14,25.76,77,15.0013,2,54,56,12100610.,03AM00.,10,03,6
2012-10-06 04:00:00,4,0,0,1,22.14,25.76,83,16.9979,4,7,11,12100610.,04AM00.,10,04,6
2012-10-06 05:00:00,4,0,0,1,22.14,25.76,83,12.998,2,8,10,12100610.,05AM00.,10,05,6
2012-10-06 06:00:00,4,0,0,1,22.14,25.76,88,16.9979,2,28,30,12100610.,06AM00.,10,06,6
2012-10-06 07:00:00,4,0,0,1,22.14,25.76,83,19.9995,13,71,84,12100610.,07AM00.,10,07,6
2012-10-06 08:00:00,4,0,0,1,22.96,26.515,83,12.998,22,184,206,12100610.,08AM00.,10,08,6
2012-10-06 09:00:00,4,0,0,1,24.6,29.545,73,12.998,130,265,395,12100610.,09AM00.,10,09,6
2012-10-06 10:00:00,4,0,0,1,25.42,30.305,69,19.0012,198,341,539,12100610.,10AM00.,10,10,6
2012-10-06 11:00:00,4,0,0,1,26.24,30.305,65,16.9979,258,389,647,12100610.,11AM00.,10,11,6
2012-10-06 12:00:00,4,0,0,1,28.7,32.575,54,7.0015,362,381,743,12100610.,12PM00.,10,12,6
2012-10-06 13:00:00,4,0,0,2,26.24,31.06,57,35.0008,310,400,710,12100610.,01PM00.,10,13,6
2012-10-06 14:00:00,4,0,0,2,24.6,31.06,56,27.9993,269,307,576,12100610.,02PM00.,10,14,6
2012-10-06 15:00:00,4,0,0,1,24.6,31.06,46,27.9993,279,341,620,12100610.,03PM00.,10,15,6
2012-10-06 16:00:00,4,0,0,1,24.6,31.06,43,35.0008,317,342,659,12100610.,04PM00.,10,16,6
2012-10-06 17:00:00,4,0,0,1,22.14,25.76,49,26.0027,268,342,610,12100610.,05PM00.,10,17,6
2012-10-06 18:00:00,4,0,0,1,21.32,25.0,48,27.9993,183,312,495,12100610.,06PM00.,10,18,6
2012-10-06 19:00:00,4,0,0,1,19.68,23.485,55,15.0013,102,239,341,12100610.,07PM00.,10,19,6
2012-10-06 20:00:00,4,0,0,1,19.68,23.485,55,16.9979,75,172,247,12100610.,08PM00.,10,20,6
2012-10-06 21:00:00,4,0,0,1,18.86,22.725,59,8.9981,78,137,215,12100610.,09PM00.,10,21,6
2012-10-06 22:00:00,4,0,0,1,18.04,21.97,62,8.9981,45,140,185,12100610.,10PM00.,10,22,6
2012-10-06 23:00:00,4,0,0,1,18.04,21.97,62,8.9981,37,142,179,12100610.,11PM00.,10,23,6
2012-10-07 00:00:00,4,0,0,1,18.04,21.97,62,11.0014,28,99,127,12100710.,12AM00.,10,00,7
2012-10-07 01:00:00,4,0,0,1,18.04,21.97,54,15.0013,29,80,109,12100710.,01AM00.,10,01,7
2012-10-07 02:00:00,4,0,0,1,17.22,21.21,62,8.9981,10,64,74,12100710.,02AM00.,10,02,7
2012-10-07 03:00:00,4,0,0,2,18.04,21.97,62,8.9981,5,17,22,12100710.,03AM00.,10,03,7
2012-10-07 04:00:00,4,0,0,2,18.04,21.97,54,16.9979,5,6,11,12100710.,04AM00.,10,04,7
2012-10-07 05:00:00,4,0,0,2,18.04,21.97,54,8.9981,2,8,10,12100710.,05AM00.,10,05,7
2012-10-07 06:00:00,4,0,0,2,18.04,21.97,54,12.998,4,19,23,12100710.,06AM00.,10,06,7
2012-10-07 07:00:00,4,0,0,3,17.22,21.21,58,11.0014,6,29,35,12100710.,07AM00.,10,07,7
2012-10-07 08:00:00,4,0,0,3,17.22,21.21,67,8.9981,11,51,62,12100710.,08AM00.,10,08,7
2012-10-07 09:00:00,4,0,0,3,16.4,20.455,71,8.9981,16,70,86,12100710.,09AM00.,10,09,7
2012-10-07 10:00:00,4,0,0,2,17.22,21.21,67,12.998,41,144,185,12100710.,10AM00.,10,10,7
2012-10-07 11:00:00,4,0,0,2,17.22,21.21,71,7.0015,76,260,336,12100710.,11AM00.,10,11,7
2012-10-07 12:00:00,4,0,0,2,17.22,21.21,71,0.0,100,292,392,12100710.,12PM00.,10,12,7
2012-10-07 13:00:00,4,0,0,2,18.04,21.97,72,6.0032,80,240,320,12100710.,01PM00.,10,13,7
2012-10-07 14:00:00,4,0,0,2,18.04,21.97,67,0.0,71,243,314,12100710.,02PM00.,10,14,7
2012-10-07 15:00:00,4,0,0,3,17.22,21.21,77,8.9981,74,232,306,12100710.,03PM00.,10,15,7
2012-10-07 16:00:00,4,0,0,3,16.4,20.455,82,11.0014,87,246,333,12100710.,04PM00.,10,16,7
2012-10-07 17:00:00,4,0,0,3,16.4,20.455,82,15.0013,35,122,157,12100710.,05PM00.,10,17,7
2012-10-07 18:00:00,4,0,0,3,16.4,20.455,82,12.998,24,82,106,12100710.,06PM00.,10,18,7
2012-10-07 19:00:00,4,0,0,2,16.4,20.455,82,7.0015,17,97,114,12100710.,07PM00.,10,19,7
2012-10-07 20:00:00,4,0,0,1,16.4,20.455,82,8.9981,19,97,116,12100710.,08PM00.,10,20,7
2012-10-07 21:00:00,4,0,0,1,15.58,19.695,87,7.0015,22,91,113,12100710.,09PM00.,10,21,7
2012-10-07 22:00:00,4,0,0,1,15.58,19.695,87,8.9981,7,72,79,12100710.,10PM00.,10,22,7
2012-10-07 23:00:00,4,0,0,1,14.76,17.425,93,8.9981,12,68,80,12100710.,11PM00.,10,23,7
2012-10-08 00:00:00,4,1,0,1,15.58,19.695,76,19.0012,7,44,51,12100810.,12AM00.,10,00,1
2012-10-08 01:00:00,4,1,0,1,13.94,16.665,87,11.0014,2,35,37,12100810.,01AM00.,10,01,1
2012-10-08 02:00:00,4,1,0,1,13.94,16.665,81,12.998,3,12,15,12100810.,02AM00.,10,02,1
2012-10-08 03:00:00,4,1,0,1,13.94,17.425,81,7.0015,2,8,10,12100810.,03AM00.,10,03,1
2012-10-08 04:00:00,4,1,0,1,13.12,16.665,87,8.9981,1,6,7,12100810.,04AM00.,10,04,1
2012-10-08 05:00:00,4,1,0,1,13.94,15.91,76,15.0013,2,17,19,12100810.,05AM00.,10,05,1
2012-10-08 06:00:00,4,1,0,1,13.94,17.425,76,7.0015,5,54,59,12100810.,06AM00.,10,06,1
2012-10-08 07:00:00,4,1,0,2,13.94,16.665,76,11.0014,3,151,154,12100810.,07AM00.,10,07,1
2012-10-08 08:00:00,4,1,0,2,14.76,17.425,71,15.0013,23,374,397,12100810.,08AM00.,10,08,1
2012-10-08 09:00:00,4,1,0,2,15.58,19.695,66,11.0014,59,273,332,12100810.,09AM00.,10,09,1
2012-10-08 10:00:00,4,1,0,2,15.58,19.695,68,8.9981,69,229,298,12100810.,10AM00.,10,10,1
2012-10-08 11:00:00,4,1,0,2,16.4,20.455,62,6.0032,72,236,308,12100810.,11AM00.,10,11,1
2012-10-08 12:00:00,4,1,0,2,17.22,21.21,63,11.0014,74,267,341,12100810.,12PM00.,10,12,1
2012-10-08 13:00:00,4,1,0,2,17.22,21.21,62,12.998,82,323,405,12100810.,01PM00.,10,13,1
2012-10-08 14:00:00,4,1,0,2,17.22,21.21,58,7.0015,121,299,420,12100810.,02PM00.,10,14,1
2012-10-08 15:00:00,4,1,0,3,17.22,21.21,58,12.998,76,294,370,12100810.,03PM00.,10,15,1
2012-10-08 16:00:00,4,1,0,3,17.22,21.21,58,12.998,61,316,377,12100810.,04PM00.,10,16,1
2012-10-08 17:00:00,4,1,0,2,17.22,21.21,66,16.9979,81,416,497,12100810.,05PM00.,10,17,1
2012-10-08 18:00:00,4,1,0,2,17.22,21.21,66,19.0012,41,415,456,12100810.,06PM00.,10,18,1
2012-10-08 19:00:00,4,1,0,2,16.4,20.455,71,16.9979,38,333,371,12100810.,07PM00.,10,19,1
2012-10-08 20:00:00,4,1,0,3,16.4,20.455,71,15.0013,20,207,227,12100810.,08PM00.,10,20,1
2012-10-08 21:00:00,4,1,0,2,16.4,20.455,76,15.0013,17,134,151,12100810.,09PM00.,10,21,1
2012-10-08 22:00:00,4,1,0,3,16.4,20.455,76,16.9979,6,101,107,12100810.,10PM00.,10,22,1
2012-10-08 23:00:00,4,1,0,2,16.4,20.455,71,15.0013,9,60,69,12100810.,11PM00.,10,23,1
2012-10-09 00:00:00,4,0,1,2,15.58,19.695,82,15.0013,9,22,31,12100910.,12AM00.,10,00,2
2012-10-09 01:00:00,4,0,1,3,14.76,17.425,87,15.0013,0,13,13,12100910.,01AM00.,10,01,2
2012-10-09 02:00:00,4,0,1,3,14.76,16.665,87,16.9979,2,5,7,12100910.,02AM00.,10,02,2
2012-10-09 03:00:00,4,0,1,3,14.76,16.665,87,19.0012,0,3,3,12100910.,03AM00.,10,03,2
2012-10-09 04:00:00,4,0,1,3,14.76,17.425,87,11.0014,1,6,7,12100910.,04AM00.,10,04,2
2012-10-09 05:00:00,4,0,1,2,15.58,19.695,82,12.998,0,19,19,12100910.,05AM00.,10,05,2
2012-10-09 06:00:00,4,0,1,2,15.58,19.695,82,16.9979,2,141,143,12100910.,06AM00.,10,06,2
2012-10-09 07:00:00,4,0,1,1,15.58,19.695,83,16.9979,5,357,362,12100910.,07AM00.,10,07,2
2012-10-09 08:00:00,4,0,1,2,17.22,21.21,80,12.998,15,698,713,12100910.,08AM00.,10,08,2
2012-10-09 09:00:00,4,0,1,2,17.22,21.21,77,15.0013,37,345,382,12100910.,09AM00.,10,09,2
2012-10-09 10:00:00,4,0,1,2,18.04,21.97,75,15.0013,33,131,164,12100910.,10AM00.,10,10,2
2012-10-09 11:00:00,4,0,1,2,19.68,23.485,69,12.998,37,156,193,12100910.,11AM00.,10,11,2
2012-10-09 12:00:00,4,0,1,2,19.68,23.485,69,12.998,43,217,260,12100910.,12PM00.,10,12,2
2012-10-09 13:00:00,4,0,1,2,20.5,24.24,67,8.9981,54,184,238,12100910.,01PM00.,10,13,2
2012-10-09 14:00:00,4,0,1,2,22.14,25.76,64,12.998,43,201,244,12100910.,02PM00.,10,14,2
2012-10-09 15:00:00,4,0,1,2,21.32,25.0,63,11.0014,59,195,254,12100910.,03PM00.,10,15,2
2012-10-09 16:00:00,4,0,1,2,20.5,24.24,72,11.0014,70,354,424,12100910.,04PM00.,10,16,2
2012-10-09 17:00:00,4,0,1,2,21.32,25.0,68,11.0014,73,733,806,12100910.,05PM00.,10,17,2
2012-10-09 18:00:00,4,0,1,2,20.5,24.24,72,15.0013,26,758,784,12100910.,06PM00.,10,18,2
2012-10-09 19:00:00,4,0,1,2,20.5,24.24,72,11.0014,31,483,514,12100910.,07PM00.,10,19,2
2012-10-09 20:00:00,4,0,1,2,20.5,24.24,72,11.0014,30,330,360,12100910.,08PM00.,10,20,2
2012-10-09 21:00:00,4,0,1,2,19.68,23.485,77,8.9981,16,209,225,12100910.,09PM00.,10,21,2
2012-10-09 22:00:00,4,0,1,2,19.68,23.485,77,6.0032,7,155,162,12100910.,10PM00.,10,22,2
2012-10-09 23:00:00,4,0,1,2,19.68,23.485,77,6.0032,8,76,84,12100910.,11PM00.,10,23,2
2012-10-10 00:00:00,4,0,1,2,18.86,22.725,88,6.0032,0,33,33,12101010.,12AM00.,10,00,3
2012-10-10 01:00:00,4,0,1,2,18.86,22.725,88,0.0,2,6,8,12101010.,01AM00.,10,01,3
2012-10-10 02:00:00,4,0,1,2,18.86,22.725,88,0.0,2,6,8,12101010.,02AM00.,10,02,3
2012-10-10 03:00:00,4,0,1,2,18.86,22.725,88,0.0,0,6,6,12101010.,03AM00.,10,03,3
2012-10-10 04:00:00,4,0,1,2,18.86,22.725,88,7.0015,0,6,6,12101010.,04AM00.,10,04,3
2012-10-10 05:00:00,4,0,1,2,18.86,22.725,88,6.0032,2,38,40,12101010.,05AM00.,10,05,3
2012-10-10 06:00:00,4,0,1,2,18.86,22.725,88,6.0032,3,172,175,12101010.,06AM00.,10,06,3
2012-10-10 07:00:00,4,0,1,1,18.86,22.725,82,7.0015,9,498,507,12101010.,07AM00.,10,07,3
2012-10-10 08:00:00,4,0,1,1,20.5,24.24,77,11.0014,33,806,839,12101010.,08AM00.,10,08,3
2012-10-10 09:00:00,4,0,1,1,22.14,25.76,60,19.0012,35,331,366,12101010.,09AM00.,10,09,3
2012-10-10 10:00:00,4,0,1,1,22.96,26.515,52,19.9995,27,190,217,12101010.,10AM00.,10,10,3
2012-10-10 11:00:00,4,0,1,1,22.14,25.76,52,12.998,53,238,291,12101010.,11AM00.,10,11,3
2012-10-10 12:00:00,4,0,1,1,22.14,25.76,56,15.0013,78,312,390,12101010.,12PM00.,10,12,3
2012-10-10 13:00:00,4,0,1,1,22.96,26.515,49,0.0,60,237,297,12101010.,01PM00.,10,13,3
2012-10-10 14:00:00,4,0,1,1,24.6,31.06,40,11.0014,63,208,271,12101010.,02PM00.,10,14,3
2012-10-10 15:00:00,4,0,1,1,24.6,31.06,40,11.0014,58,261,319,12101010.,03PM00.,10,15,3
2012-10-10 16:00:00,4,0,1,1,24.6,31.06,40,15.0013,92,474,566,12101010.,04PM00.,10,16,3
2012-10-10 17:00:00,4,0,1,1,23.78,27.275,43,15.0013,91,857,948,12101010.,05PM00.,10,17,3
2012-10-10 18:00:00,4,0,1,2,22.96,26.515,49,11.0014,57,787,844,12101010.,06PM00.,10,18,3
2012-10-10 19:00:00,4,0,1,2,22.96,26.515,46,39.0007,32,534,566,12101010.,07PM00.,10,19,3
2012-10-10 20:00:00,4,0,1,1,21.32,25.0,48,32.9975,21,371,392,12101010.,08PM00.,10,20,3
2012-10-10 21:00:00,4,0,1,1,20.5,24.24,51,23.9994,18,251,269,12101010.,09PM00.,10,21,3
2012-10-10 22:00:00,4,0,1,1,18.86,22.725,55,19.9995,27,170,197,12101010.,10PM00.,10,22,3
2012-10-10 23:00:00,4,0,1,1,18.04,21.97,58,12.998,17,119,136,12101010.,11PM00.,10,23,3
2012-10-11 00:00:00,4,0,1,1,18.04,21.97,51,8.9981,1,41,42,12101110.,12AM00.,10,00,4
2012-10-11 01:00:00,4,0,1,1,18.04,21.97,47,12.998,1,10,11,12101110.,01AM00.,10,01,4
2012-10-11 02:00:00,4,0,1,1,17.22,21.21,50,8.9981,4,7,11,12101110.,02AM00.,10,02,4
2012-10-11 03:00:00,4,0,1,1,17.22,21.21,47,19.9995,0,3,3,12101110.,03AM00.,10,03,4
2012-10-11 04:00:00,4,0,1,1,16.4,20.455,50,16.9979,0,10,10,12101110.,04AM00.,10,04,4
2012-10-11 05:00:00,4,0,1,1,14.76,17.425,50,11.0014,0,42,42,12101110.,05AM00.,10,05,4
2012-10-11 06:00:00,4,0,1,1,14.76,17.425,50,11.0014,1,158,159,12101110.,06AM00.,10,06,4
2012-10-11 07:00:00,4,0,1,1,14.76,16.665,50,16.9979,11,467,478,12101110.,07AM00.,10,07,4
2012-10-11 08:00:00,4,0,1,1,15.58,19.695,46,26.0027,25,773,798,12101110.,08AM00.,10,08,4
2012-10-11 09:00:00,4,0,1,1,16.4,20.455,43,26.0027,27,328,355,12101110.,09AM00.,10,09,4
2012-10-11 10:00:00,4,0,1,1,18.04,21.97,41,23.9994,39,165,204,12101110.,10AM00.,10,10,4
2012-10-11 11:00:00,4,0,1,1,18.86,22.725,36,0.0,76,175,251,12101110.,11AM00.,10,11,4
2012-10-11 12:00:00,4,0,1,1,18.86,22.725,36,0.0,47,279,326,12101110.,12PM00.,10,12,4
2012-10-11 13:00:00,4,0,1,1,20.5,24.24,31,7.0015,48,243,291,12101110.,01PM00.,10,13,4
2012-10-11 14:00:00,4,0,1,1,21.32,25.0,32,6.0032,78,270,348,12101110.,02PM00.,10,14,4
2012-10-11 15:00:00,4,0,1,1,21.32,25.0,34,11.0014,102,358,460,12101110.,03PM00.,10,15,4
2012-10-11 16:00:00,4,0,1,1,20.5,24.24,36,8.9981,68,413,481,12101110.,04PM00.,10,16,4
2012-10-11 17:00:00,4,0,1,1,20.5,24.24,39,19.0012,90,737,827,12101110.,05PM00.,10,17,4
2012-10-11 18:00:00,4,0,1,1,18.86,22.725,44,11.0014,64,628,692,12101110.,06PM00.,10,18,4
2012-10-11 19:00:00,4,0,1,1,18.04,21.97,51,8.9981,81,662,743,12101110.,07PM00.,10,19,4
2012-10-11 20:00:00,4,0,1,1,17.22,21.21,62,11.0014,27,388,415,12101110.,08PM00.,10,20,4
2012-10-11 21:00:00,4,0,1,1,17.22,21.21,62,8.9981,24,236,260,12101110.,09PM00.,10,21,4
2012-10-11 22:00:00,4,0,1,1,16.4,20.455,66,11.0014,10,167,177,12101110.,10PM00.,10,22,4
2012-10-11 23:00:00,4,0,1,1,17.22,21.21,58,6.0032,10,176,186,12101110.,11PM00.,10,23,4
2012-10-12 00:00:00,4,0,1,1,16.4,20.455,66,7.0015,8,60,68,12101210.,12AM00.,10,00,5
2012-10-12 01:00:00,4,0,1,1,16.4,20.455,66,6.0032,8,29,37,12101210.,01AM00.,10,01,5
2012-10-12 02:00:00,4,0,1,1,16.4,20.455,66,6.0032,0,16,16,12101210.,02AM00.,10,02,5
2012-10-12 03:00:00,4,0,1,1,14.76,18.18,76,6.0032,0,6,6,12101210.,03AM00.,10,03,5
2012-10-12 04:00:00,4,0,1,1,14.76,18.18,76,7.0015,0,8,8,12101210.,04AM00.,10,04,5
2012-10-12 05:00:00,4,0,1,1,14.76,18.18,81,6.0032,2,33,35,12101210.,05AM00.,10,05,5
2012-10-12 06:00:00,4,0,1,1,13.94,17.425,81,6.0032,3,140,143,12101210.,06AM00.,10,06,5
2012-10-12 07:00:00,4,0,1,1,14.76,18.18,81,6.0032,8,384,392,12101210.,07AM00.,10,07,5
2012-10-12 08:00:00,4,0,1,1,17.22,21.21,71,6.0032,34,711,745,12101210.,08AM00.,10,08,5
2012-10-12 09:00:00,4,0,1,1,20.5,24.24,39,19.9995,26,374,400,12101210.,09AM00.,10,09,5
2012-10-12 10:00:00,4,0,1,1,21.32,25.0,36,19.9995,75,200,275,12101210.,10AM00.,10,10,5
2012-10-12 11:00:00,4,0,1,1,22.14,25.76,37,23.9994,61,252,313,12101210.,11AM00.,10,11,5
2012-10-12 12:00:00,4,0,1,1,22.14,25.76,39,31.0009,75,312,387,12101210.,12PM00.,10,12,5
2012-10-12 13:00:00,4,0,1,1,22.96,26.515,37,26.0027,81,300,381,12101210.,01PM00.,10,13,5
2012-10-12 14:00:00,4,0,1,1,22.96,26.515,37,31.0009,109,262,371,12101210.,02PM00.,10,14,5
2012-10-12 15:00:00,4,0,1,1,21.32,25.0,42,30.0026,138,317,455,12101210.,03PM00.,10,15,5
2012-10-12 16:00:00,4,0,1,1,18.86,22.725,41,23.9994,108,412,520,12101210.,04PM00.,10,16,5
2012-10-12 17:00:00,4,0,1,1,18.86,22.725,38,26.0027,131,706,837,12101210.,05PM00.,10,17,5
2012-10-12 18:00:00,4,0,1,1,18.04,21.97,38,19.9995,76,566,642,12101210.,06PM00.,10,18,5
2012-10-12 19:00:00,4,0,1,1,17.22,21.21,41,15.0013,40,453,493,12101210.,07PM00.,10,19,5
2012-10-12 20:00:00,4,0,1,1,17.22,21.21,47,8.9981,28,280,308,12101210.,08PM00.,10,20,5
2012-10-12 21:00:00,4,0,1,1,16.4,20.455,54,12.998,21,169,190,12101210.,09PM00.,10,21,5
2012-10-12 22:00:00,4,0,1,1,16.4,20.455,47,19.9995,17,143,160,12101210.,10PM00.,10,22,5
2012-10-12 23:00:00,4,0,1,1,14.76,17.425,57,12.998,11,89,100,12101210.,11PM00.,10,23,5
2012-10-13 00:00:00,4,0,0,1,14.76,18.18,57,6.0032,31,218,249,12101310.,12AM00.,10,00,6
2012-10-13 01:00:00,4,0,0,1,13.94,16.665,53,8.9981,23,123,146,12101310.,01AM00.,10,01,6
2012-10-13 02:00:00,4,0,0,1,13.94,16.665,53,12.998,7,60,67,12101310.,02AM00.,10,02,6
2012-10-13 03:00:00,4,0,0,1,13.12,15.15,66,15.0013,2,13,15,12101310.,03AM00.,10,03,6
2012-10-13 04:00:00,4,0,0,1,12.3,15.15,65,11.0014,2,9,11,12101310.,04AM00.,10,04,6
2012-10-13 05:00:00,4,0,0,1,12.3,14.395,61,12.998,0,11,11,12101310.,05AM00.,10,05,6
2012-10-13 06:00:00,4,0,0,1,12.3,14.395,61,12.998,5,23,28,12101310.,06AM00.,10,06,6
2012-10-13 07:00:00,4,0,0,1,12.3,15.15,61,11.0014,10,60,70,12101310.,07AM00.,10,07,6
2012-10-13 08:00:00,4,0,0,1,13.94,17.425,53,7.0015,23,151,174,12101310.,08AM00.,10,08,6
2012-10-13 09:00:00,4,0,0,1,14.76,18.18,50,6.0032,46,220,266,12101310.,09AM00.,10,09,6
2012-10-13 10:00:00,4,0,0,1,16.4,20.455,43,0.0,82,265,347,12101310.,10AM00.,10,10,6
2012-10-13 11:00:00,4,0,0,1,17.22,21.21,35,8.9981,192,335,527,12101310.,11AM00.,10,11,6
2012-10-13 12:00:00,4,0,0,1,18.04,21.97,35,0.0,202,371,573,12101310.,12PM00.,10,12,6
2012-10-13 13:00:00,4,0,0,1,18.86,22.725,36,12.998,235,435,670,12101310.,01PM00.,10,13,6
2012-10-13 14:00:00,4,0,0,1,19.68,23.485,33,12.998,243,354,597,12101310.,02PM00.,10,14,6
2012-10-13 15:00:00,4,0,0,1,20.5,24.24,36,12.998,251,364,615,12101310.,03PM00.,10,15,6
2012-10-13 16:00:00,4,0,0,1,20.5,24.24,31,12.998,294,343,637,12101310.,04PM00.,10,16,6
2012-10-13 17:00:00,4,0,0,1,18.86,22.725,38,11.0014,193,335,528,12101310.,05PM00.,10,17,6
2012-10-13 18:00:00,4,0,0,1,18.86,22.725,44,8.9981,174,299,473,12101310.,06PM00.,10,18,6
2012-10-13 19:00:00,4,0,0,1,18.04,21.97,44,11.0014,73,259,332,12101310.,07PM00.,10,19,6
2012-10-13 20:00:00,4,0,0,1,16.4,20.455,54,6.0032,57,198,255,12101310.,08PM00.,10,20,6
2012-10-13 21:00:00,4,0,0,1,16.4,20.455,58,12.998,47,157,204,12101310.,09PM00.,10,21,6
2012-10-13 22:00:00,4,0,0,1,16.4,20.455,62,0.0,33,156,189,12101310.,10PM00.,10,22,6
2012-10-13 23:00:00,4,0,0,1,17.22,21.21,58,19.9995,27,98,125,12101310.,11PM00.,10,23,6
2012-10-14 00:00:00,4,0,0,1,16.4,20.455,71,16.9979,8,103,111,12101410.,12AM00.,10,00,7
2012-10-14 01:00:00,4,0,0,1,17.22,21.21,77,19.0012,16,96,112,12101410.,01AM00.,10,01,7
2012-10-14 02:00:00,4,0,0,1,16.4,20.455,76,6.0032,8,58,66,12101410.,02AM00.,10,02,7
2012-10-14 03:00:00,4,0,0,1,17.22,21.21,77,19.9995,3,25,28,12101410.,03AM00.,10,03,7
2012-10-14 04:00:00,4,0,0,1,17.22,21.21,77,19.0012,2,10,12,12101410.,04AM00.,10,04,7
2012-10-14 05:00:00,4,0,0,1,16.4,20.455,82,12.998,5,6,11,12101410.,05AM00.,10,05,7
2012-10-14 06:00:00,4,0,0,1,16.4,20.455,82,11.0014,4,20,24,12101410.,06AM00.,10,06,7
2012-10-14 07:00:00,4,0,0,1,17.22,21.21,82,15.0013,7,44,51,12101410.,07AM00.,10,07,7
2012-10-14 08:00:00,4,0,0,1,18.04,21.97,77,12.998,28,104,132,12101410.,08AM00.,10,08,7
2012-10-14 09:00:00,4,0,0,2,19.68,23.485,67,19.0012,62,161,223,12101410.,09AM00.,10,09,7
2012-10-14 10:00:00,4,0,0,1,22.14,25.76,56,12.998,150,278,428,12101410.,10AM00.,10,10,7
2012-10-14 11:00:00,4,0,0,1,22.96,26.515,52,19.9995,156,338,494,12101410.,11AM00.,10,11,7
2012-10-14 12:00:00,4,0,0,1,25.42,31.06,46,22.0028,200,362,562,12101410.,12PM00.,10,12,7
2012-10-14 13:00:00,4,0,0,1,26.24,31.06,41,30.0026,218,401,619,12101410.,01PM00.,10,13,7
2012-10-14 14:00:00,4,0,0,1,27.06,31.06,39,27.9993,249,368,617,12101410.,02PM00.,10,14,7
2012-10-14 15:00:00,4,0,0,1,27.06,31.06,39,27.9993,213,355,568,12101410.,03PM00.,10,15,7
2012-10-14 16:00:00,4,0,0,1,26.24,31.06,41,19.9995,203,378,581,12101410.,04PM00.,10,16,7
2012-10-14 17:00:00,4,0,0,1,26.24,31.06,44,12.998,193,346,539,12101410.,05PM00.,10,17,7
2012-10-14 18:00:00,4,0,0,1,23.78,27.275,60,16.9979,134,319,453,12101410.,06PM00.,10,18,7
2012-10-14 19:00:00,4,0,0,1,22.96,26.515,64,15.0013,68,268,336,12101410.,07PM00.,10,19,7
2012-10-14 20:00:00,4,0,0,1,22.14,25.76,73,15.0013,48,198,246,12101410.,08PM00.,10,20,7
2012-10-14 21:00:00,4,0,0,1,22.96,26.515,73,30.0026,40,156,196,12101410.,09PM00.,10,21,7
2012-10-14 22:00:00,4,0,0,1,22.96,26.515,73,26.0027,38,87,125,12101410.,10PM00.,10,22,7
2012-10-14 23:00:00,4,0,0,2,22.96,26.515,68,19.0012,27,78,105,12101410.,11PM00.,10,23,7
2012-10-15 00:00:00,4,0,1,2,22.96,26.515,73,16.9979,17,31,48,12101510.,12AM00.,10,00,1
2012-10-15 01:00:00,4,0,1,2,23.78,27.275,64,26.0027,5,24,29,12101510.,01AM00.,10,01,1
2012-10-15 02:00:00,4,0,1,2,23.78,27.275,64,23.9994,1,5,6,12101510.,02AM00.,10,02,1
2012-10-15 03:00:00,4,0,1,2,22.96,26.515,73,16.9979,2,2,4,12101510.,03AM00.,10,03,1
2012-10-15 04:00:00,4,0,1,2,22.96,26.515,68,15.0013,1,9,10,12101510.,04AM00.,10,04,1
2012-10-15 05:00:00,4,0,1,2,22.96,26.515,73,19.0012,2,38,40,12101510.,05AM00.,10,05,1
2012-10-15 06:00:00,4,0,1,2,22.96,26.515,73,19.9995,6,141,147,12101510.,06AM00.,10,06,1
2012-10-15 07:00:00,4,0,1,2,23.78,27.275,68,22.0028,15,461,476,12101510.,07AM00.,10,07,1
2012-10-15 08:00:00,4,0,1,2,24.6,30.305,64,26.0027,24,713,737,12101510.,08AM00.,10,08,1
2012-10-15 09:00:00,4,0,1,3,24.6,29.545,69,26.0027,31,328,359,12101510.,09AM00.,10,09,1
2012-10-15 10:00:00,4,0,1,2,24.6,29.545,73,26.0027,43,125,168,12101510.,10AM00.,10,10,1
2012-10-15 11:00:00,4,0,1,2,24.6,29.545,73,26.0027,88,175,263,12101510.,11AM00.,10,11,1
2012-10-15 12:00:00,4,0,1,3,24.6,28.79,78,22.0028,73,211,284,12101510.,12PM00.,10,12,1
2012-10-15 13:00:00,4,0,1,2,22.96,26.515,88,15.0013,37,109,146,12101510.,01PM00.,10,13,1
2012-10-15 14:00:00,4,0,1,2,24.6,28.79,78,19.0012,57,128,185,12101510.,02PM00.,10,14,1
2012-10-15 15:00:00,4,0,1,1,24.6,28.79,78,22.0028,70,190,260,12101510.,03PM00.,10,15,1
2012-10-15 16:00:00,4,0,1,1,22.96,26.515,64,19.9995,76,371,447,12101510.,04PM00.,10,16,1
2012-10-15 17:00:00,4,0,1,1,22.96,26.515,64,16.9979,96,670,766,12101510.,05PM00.,10,17,1
2012-10-15 18:00:00,4,0,1,3,22.14,25.76,77,8.9981,52,540,592,12101510.,06PM00.,10,18,1
2012-10-15 19:00:00,4,0,1,3,21.32,25.0,83,6.0032,12,227,239,12101510.,07PM00.,10,19,1
2012-10-15 20:00:00,4,0,1,2,21.32,25.0,72,26.0027,19,237,256,12101510.,08PM00.,10,20,1
2012-10-15 21:00:00,4,0,1,1,21.32,25.0,59,22.0028,16,190,206,12101510.,09PM00.,10,21,1
2012-10-15 22:00:00,4,0,1,1,20.5,24.24,59,19.0012,8,118,126,12101510.,10PM00.,10,22,1
2012-10-15 23:00:00,4,0,1,1,18.86,22.725,63,15.0013,9,72,81,12101510.,11PM00.,10,23,1
2012-10-16 00:00:00,4,0,1,1,18.86,22.725,63,26.0027,3,45,48,12101610.,12AM00.,10,00,2
2012-10-16 01:00:00,4,0,1,1,18.04,21.97,67,12.998,4,9,13,12101610.,01AM00.,10,01,2
2012-10-16 02:00:00,4,0,1,1,18.04,21.97,67,8.9981,2,1,3,12101610.,02AM00.,10,02,2
2012-10-16 03:00:00,4,0,1,1,17.22,21.21,67,7.0015,0,2,2,12101610.,03AM00.,10,03,2
2012-10-16 04:00:00,4,0,1,1,17.22,21.21,67,11.0014,0,7,7,12101610.,04AM00.,10,04,2
2012-10-16 05:00:00,4,0,1,1,17.22,21.21,67,16.9979,5,47,52,12101610.,05AM00.,10,05,2
2012-10-16 06:00:00,4,0,1,1,17.22,21.21,67,11.0014,4,168,172,12101610.,06AM00.,10,06,2
2012-10-16 07:00:00,4,0,1,1,17.22,21.21,67,6.0032,20,505,525,12101610.,07AM00.,10,07,2
2012-10-16 08:00:00,4,0,1,1,18.04,21.97,62,0.0,35,800,835,12101610.,08AM00.,10,08,2
2012-10-16 09:00:00,4,0,1,1,19.68,23.485,55,16.9979,32,323,355,12101610.,09AM00.,10,09,2
2012-10-16 10:00:00,4,0,1,1,20.5,24.24,48,19.0012,65,157,222,12101610.,10AM00.,10,10,2
2012-10-16 11:00:00,4,0,1,1,20.5,24.24,45,27.9993,56,172,228,12101610.,11AM00.,10,11,2
2012-10-16 12:00:00,4,0,1,2,21.32,25.0,45,22.0028,69,256,325,12101610.,12PM00.,10,12,2
2012-10-16 13:00:00,4,0,1,1,21.32,25.0,45,19.0012,68,260,328,12101610.,01PM00.,10,13,2
2012-10-16 14:00:00,4,0,1,1,22.14,25.76,39,16.9979,94,214,308,12101610.,02PM00.,10,14,2
2012-10-16 15:00:00,4,0,1,1,22.14,25.76,41,22.0028,76,270,346,12101610.,03PM00.,10,15,2
2012-10-16 16:00:00,4,0,1,1,22.14,25.76,39,19.0012,79,367,446,12101610.,04PM00.,10,16,2
2012-10-16 17:00:00,4,0,1,1,21.32,25.0,39,12.998,104,839,943,12101610.,05PM00.,10,17,2
2012-10-16 18:00:00,4,0,1,1,20.5,24.24,42,11.0014,71,767,838,12101610.,06PM00.,10,18,2
2012-10-16 19:00:00,4,0,1,1,19.68,23.485,48,0.0,40,491,531,12101610.,07PM00.,10,19,2
2012-10-16 20:00:00,4,0,1,1,18.86,22.725,55,0.0,35,397,432,12101610.,08PM00.,10,20,2
2012-10-16 21:00:00,4,0,1,1,18.86,22.725,63,0.0,19,176,195,12101610.,09PM00.,10,21,2
2012-10-16 22:00:00,4,0,1,1,16.4,20.455,71,6.0032,18,163,181,12101610.,10PM00.,10,22,2
2012-10-16 23:00:00,4,0,1,1,16.4,20.455,71,0.0,23,176,199,12101610.,11PM00.,10,23,2
2012-10-17 00:00:00,4,0,1,1,15.58,19.695,76,0.0,1,48,49,12101710.,12AM00.,10,00,3
2012-10-17 01:00:00,4,0,1,1,15.58,19.695,76,0.0,3,14,17,12101710.,01AM00.,10,01,3
2012-10-17 02:00:00,4,0,1,1,15.58,19.695,76,0.0,4,12,16,12101710.,02AM00.,10,02,3
2012-10-17 03:00:00,4,0,1,1,14.76,18.94,87,0.0,0,7,7,12101710.,03AM00.,10,03,3
2012-10-17 04:00:00,4,0,1,1,14.76,18.18,81,6.0032,0,4,4,12101710.,04AM00.,10,04,3
2012-10-17 05:00:00,4,0,1,2,14.76,18.94,81,0.0,2,39,41,12101710.,05AM00.,10,05,3
2012-10-17 06:00:00,4,0,1,1,15.58,19.695,82,0.0,7,171,178,12101710.,06AM00.,10,06,3
2012-10-17 07:00:00,4,0,1,1,14.76,18.18,81,7.0015,15,449,464,12101710.,07AM00.,10,07,3
2012-10-17 08:00:00,4,0,1,2,16.4,20.455,76,0.0,38,779,817,12101710.,08AM00.,10,08,3
2012-10-17 09:00:00,4,0,1,2,17.22,21.21,77,0.0,38,344,382,12101710.,09AM00.,10,09,3
2012-10-17 10:00:00,4,0,1,2,18.86,22.725,67,0.0,60,168,228,12101710.,10AM00.,10,10,3
2012-10-17 11:00:00,4,0,1,2,20.5,24.24,51,6.0032,78,156,234,12101710.,11AM00.,10,11,3
2012-10-17 12:00:00,4,0,1,2,21.32,25.0,48,11.0014,71,261,332,12101710.,12PM00.,10,12,3
2012-10-17 13:00:00,4,0,1,2,22.14,25.76,49,8.9981,73,237,310,12101710.,01PM00.,10,13,3
2012-10-17 14:00:00,4,0,1,2,22.96,26.515,43,11.0014,82,188,270,12101710.,02PM00.,10,14,3
2012-10-17 15:00:00,4,0,1,2,23.78,27.275,43,15.0013,62,239,301,12101710.,03PM00.,10,15,3
2012-10-17 16:00:00,4,0,1,1,22.96,26.515,52,12.998,70,396,466,12101710.,04PM00.,10,16,3
2012-10-17 17:00:00,4,0,1,1,22.14,25.76,56,7.0015,122,766,888,12101710.,05PM00.,10,17,3
2012-10-17 18:00:00,4,0,1,1,21.32,25.0,59,11.0014,90,794,884,12101710.,06PM00.,10,18,3
2012-10-17 19:00:00,4,0,1,1,20.5,24.24,72,12.998,49,467,516,12101710.,07PM00.,10,19,3
2012-10-17 20:00:00,4,0,1,1,20.5,24.24,72,8.9981,54,360,414,12101710.,08PM00.,10,20,3
2012-10-17 21:00:00,4,0,1,1,18.86,22.725,82,12.998,28,301,329,12101710.,09PM00.,10,21,3
2012-10-17 22:00:00,4,0,1,1,18.86,22.725,88,16.9979,17,198,215,12101710.,10PM00.,10,22,3
2012-10-17 23:00:00,4,0,1,1,18.86,22.725,88,15.0013,15,84,99,12101710.,11PM00.,10,23,3
2012-10-18 00:00:00,4,0,1,1,18.86,22.725,88,12.998,4,53,57,12101810.,12AM00.,10,00,4
2012-10-18 01:00:00,4,0,1,1,18.86,22.725,82,15.0013,0,14,14,12101810.,01AM00.,10,01,4
2012-10-18 02:00:00,4,0,1,1,18.86,22.725,82,12.998,1,13,14,12101810.,02AM00.,10,02,4
2012-10-18 03:00:00,4,0,1,1,18.04,21.97,88,15.0013,0,5,5,12101810.,03AM00.,10,03,4
2012-10-18 04:00:00,4,0,1,1,18.04,21.97,88,15.0013,0,5,5,12101810.,04AM00.,10,04,4
2012-10-18 05:00:00,4,0,1,1,18.04,21.97,82,15.0013,1,41,42,12101810.,05AM00.,10,05,4
2012-10-18 06:00:00,4,0,1,1,18.04,21.97,88,19.9995,3,150,153,12101810.,06AM00.,10,06,4
2012-10-18 07:00:00,4,0,1,1,18.04,21.97,88,16.9979,20,488,508,12101810.,07AM00.,10,07,4
2012-10-18 08:00:00,4,0,1,1,18.86,22.725,82,16.9979,31,803,834,12101810.,08AM00.,10,08,4
2012-10-18 09:00:00,4,0,1,2,20.5,24.24,77,11.0014,41,346,387,12101810.,09AM00.,10,09,4
2012-10-18 10:00:00,4,0,1,2,21.32,25.0,68,15.0013,60,158,218,12101810.,10AM00.,10,10,4
2012-10-18 11:00:00,4,0,1,2,22.96,26.515,56,15.0013,79,189,268,12101810.,11AM00.,10,11,4
2012-10-18 12:00:00,4,0,1,2,24.6,31.06,53,16.9979,93,284,377,12101810.,12PM00.,10,12,4
2012-10-18 13:00:00,4,0,1,1,25.42,31.06,53,23.9994,96,236,332,12101810.,01PM00.,10,13,4
2012-10-18 14:00:00,4,0,1,2,25.42,31.06,50,19.9995,94,191,285,12101810.,02PM00.,10,14,4
2012-10-18 15:00:00,4,0,1,2,24.6,30.305,60,12.998,69,284,353,12101810.,03PM00.,10,15,4
2012-10-18 16:00:00,4,0,1,1,24.6,31.06,56,19.0012,94,356,450,12101810.,04PM00.,10,16,4
2012-10-18 17:00:00,4,0,1,2,23.78,27.275,64,22.0028,102,788,890,12101810.,05PM00.,10,17,4
2012-10-18 18:00:00,4,0,1,2,22.96,26.515,64,22.0028,68,720,788,12101810.,06PM00.,10,18,4
2012-10-18 19:00:00,4,0,1,2,22.96,26.515,68,19.9995,42,471,513,12101810.,07PM00.,10,19,4
2012-10-18 20:00:00,4,0,1,2,22.96,26.515,68,16.9979,39,348,387,12101810.,08PM00.,10,20,4
2012-10-18 21:00:00,4,0,1,2,22.14,25.76,77,12.998,38,245,283,12101810.,09PM00.,10,21,4
2012-10-18 22:00:00,4,0,1,2,22.14,25.76,83,12.998,27,202,229,12101810.,10PM00.,10,22,4
2012-10-18 23:00:00,4,0,1,2,22.14,25.76,83,0.0,6,111,117,12101810.,11PM00.,10,23,4
2012-10-19 00:00:00,4,0,1,2,22.96,26.515,83,7.0015,5,51,56,12101910.,12AM00.,10,00,5
2012-10-19 01:00:00,4,0,1,3,22.14,25.76,88,0.0,4,12,16,12101910.,01AM00.,10,01,5
2012-10-19 02:00:00,4,0,1,2,22.14,25.76,88,0.0,1,9,10,12101910.,02AM00.,10,02,5
2012-10-19 03:00:00,4,0,1,2,22.96,26.515,83,0.0,0,5,5,12101910.,03AM00.,10,03,5
2012-10-19 04:00:00,4,0,1,2,22.96,26.515,83,0.0,1,5,6,12101910.,04AM00.,10,04,5
2012-10-19 05:00:00,4,0,1,2,22.14,25.76,88,0.0,1,35,36,12101910.,05AM00.,10,05,5
2012-10-19 06:00:00,4,0,1,3,22.14,25.76,94,11.0014,5,126,131,12101910.,06AM00.,10,06,5
2012-10-19 07:00:00,4,0,1,3,22.14,25.76,94,0.0,5,149,154,12101910.,07AM00.,10,07,5
2012-10-19 08:00:00,4,0,1,2,22.14,25.76,94,7.0015,20,447,467,12101910.,08AM00.,10,08,5
2012-10-19 09:00:00,4,0,1,2,22.14,25.76,94,7.0015,26,363,389,12101910.,09AM00.,10,09,5
2012-10-19 10:00:00,4,0,1,2,23.78,27.275,88,12.998,26,198,224,12101910.,10AM00.,10,10,5
2012-10-19 11:00:00,4,0,1,1,24.6,28.03,83,12.998,41,211,252,12101910.,11AM00.,10,11,5
2012-10-19 12:00:00,4,0,1,1,26.24,30.305,69,15.0013,74,258,332,12101910.,12PM00.,10,12,5
2012-10-19 13:00:00,4,0,1,1,25.42,29.545,73,15.0013,87,288,375,12101910.,01PM00.,10,13,5
2012-10-19 14:00:00,4,0,1,1,27.06,31.06,61,16.9979,88,277,365,12101910.,02PM00.,10,14,5
2012-10-19 15:00:00,4,0,1,1,26.24,30.305,65,19.9995,93,302,395,12101910.,03PM00.,10,15,5
2012-10-19 16:00:00,4,0,1,3,25.42,30.305,69,23.9994,131,434,565,12101910.,04PM00.,10,16,5
2012-10-19 17:00:00,4,0,1,3,25.42,30.305,69,23.9994,48,377,425,12101910.,05PM00.,10,17,5
2012-10-19 18:00:00,4,0,1,1,22.96,26.515,83,7.0015,21,212,233,12101910.,06PM00.,10,18,5
2012-10-19 19:00:00,4,0,1,1,22.14,25.76,88,11.0014,19,213,232,12101910.,07PM00.,10,19,5
2012-10-19 20:00:00,4,0,1,1,21.32,25.0,77,12.998,13,216,229,12101910.,08PM00.,10,20,5
2012-10-19 21:00:00,4,0,1,1,20.5,24.24,77,0.0,17,189,206,12101910.,09PM00.,10,21,5
2012-10-19 22:00:00,4,0,1,1,20.5,24.24,77,6.0032,14,176,190,12101910.,10PM00.,10,22,5
2012-10-19 23:00:00,4,0,1,1,18.86,22.725,88,7.0015,13,118,131,12101910.,11PM00.,10,23,5
2012-11-01 00:00:00,4,0,1,1,14.76,18.18,57,6.0032,8,52,60,12110110.,12AM00.,11,00,4
2012-11-01 01:00:00,4,0,1,1,12.3,15.91,75,7.0015,8,22,30,12110110.,01AM00.,11,01,4
2012-11-01 02:00:00,4,0,1,1,13.12,16.665,66,8.9981,10,10,20,12110110.,02AM00.,11,02,4
2012-11-01 03:00:00,4,0,1,1,13.94,16.665,61,8.9981,5,10,15,12110110.,03AM00.,11,03,4
2012-11-01 04:00:00,4,0,1,2,13.94,17.425,66,7.0015,2,8,10,12110110.,04AM00.,11,04,4
2012-11-01 05:00:00,4,0,1,1,13.94,16.665,66,8.9981,1,39,40,12110110.,05AM00.,11,05,4
2012-11-01 06:00:00,4,0,1,1,13.94,16.665,61,11.0014,2,146,148,12110110.,06AM00.,11,06,4
2012-11-01 07:00:00,4,0,1,2,14.76,17.425,57,11.0014,6,414,420,12110110.,07AM00.,11,07,4
2012-11-01 08:00:00,4,0,1,2,14.76,18.94,56,7.0015,12,668,680,12110110.,08AM00.,11,08,4
2012-11-01 09:00:00,4,0,1,3,14.76,18.18,57,7.0015,21,310,331,12110110.,09AM00.,11,09,4
2012-11-01 10:00:00,4,0,1,3,14.76,17.425,62,12.998,13,133,146,12110110.,10AM00.,11,10,4
2012-11-01 11:00:00,4,0,1,3,14.76,17.425,62,12.998,14,156,170,12110110.,11AM00.,11,11,4
2012-11-01 12:00:00,4,0,1,3,15.58,19.695,62,11.0014,23,198,221,12110110.,12PM00.,11,12,4
2012-11-01 13:00:00,4,0,1,2,16.4,20.455,58,11.0014,49,199,248,12110110.,01PM00.,11,13,4
2012-11-01 14:00:00,4,0,1,2,16.4,20.455,50,15.0013,31,154,185,12110110.,02PM00.,11,14,4
2012-11-01 15:00:00,4,0,1,2,16.4,20.455,54,11.0014,35,179,214,12110110.,03PM00.,11,15,4
2012-11-01 16:00:00,4,0,1,2,16.4,20.455,54,11.0014,31,313,344,12110110.,04PM00.,11,16,4
2012-11-01 17:00:00,4,0,1,3,16.4,20.455,50,15.0013,37,652,689,12110110.,05PM00.,11,17,4
2012-11-01 18:00:00,4,0,1,2,16.4,20.455,50,11.0014,50,628,678,12110110.,06PM00.,11,18,4
2012-11-01 19:00:00,4,0,1,2,16.4,20.455,50,11.0014,28,424,452,12110110.,07PM00.,11,19,4
2012-11-01 20:00:00,4,0,1,2,15.58,19.695,54,16.9979,16,280,296,12110110.,08PM00.,11,20,4
2012-11-01 21:00:00,4,0,1,2,15.58,19.695,54,8.9981,29,238,267,12110110.,09PM00.,11,21,4
2012-11-01 22:00:00,4,0,1,1,14.76,17.425,57,11.0014,27,175,202,12110110.,10PM00.,11,22,4
2012-11-01 23:00:00,4,0,1,1,13.94,16.665,57,11.0014,8,112,120,12110110.,11PM00.,11,23,4
2012-11-02 00:00:00,4,0,1,1,13.94,16.665,57,11.0014,10,40,50,12110210.,12AM00.,11,00,5
2012-11-02 01:00:00,4,0,1,1,13.12,15.91,66,11.0014,5,19,24,12110210.,01AM00.,11,01,5
2012-11-02 02:00:00,4,0,1,1,13.12,15.91,66,11.0014,3,7,10,12110210.,02AM00.,11,02,5
2012-11-02 03:00:00,4,0,1,1,12.3,15.15,70,11.0014,0,3,3,12110210.,03AM00.,11,03,5
2012-11-02 04:00:00,4,0,1,1,12.3,15.91,70,7.0015,1,6,7,12110210.,04AM00.,11,04,5
2012-11-02 05:00:00,4,0,1,2,13.12,15.91,66,11.0014,1,25,26,12110210.,05AM00.,11,05,5
2012-11-02 06:00:00,4,0,1,1,12.3,15.15,70,11.0014,2,120,122,12110210.,06AM00.,11,06,5
2012-11-02 07:00:00,4,0,1,2,12.3,15.15,70,8.9981,8,349,357,12110210.,07AM00.,11,07,5
2012-11-02 08:00:00,4,0,1,1,13.12,16.665,57,7.0015,31,656,687,12110210.,08AM00.,11,08,5
2012-11-02 09:00:00,4,0,1,1,13.94,17.425,53,7.0015,27,355,382,12110210.,09AM00.,11,09,5
2012-11-02 10:00:00,4,0,1,1,15.58,19.695,46,19.9995,21,183,204,12110210.,10AM00.,11,10,5
2012-11-02 11:00:00,4,0,1,1,17.22,21.21,41,27.9993,42,179,221,12110210.,11AM00.,11,11,5
2012-11-02 12:00:00,4,0,1,1,17.22,21.21,41,23.9994,52,240,292,12110210.,12PM00.,11,12,5
2012-11-02 13:00:00,4,0,1,1,16.4,20.455,43,23.9994,64,230,294,12110210.,01PM00.,11,13,5
2012-11-02 14:00:00,4,0,1,2,16.4,20.455,40,32.9975,63,199,262,12110210.,02PM00.,11,14,5
2012-11-02 15:00:00,4,0,1,2,16.4,20.455,40,27.9993,51,255,306,12110210.,03PM00.,11,15,5
2012-11-02 16:00:00,4,0,1,1,15.58,19.695,40,22.0028,48,373,421,12110210.,04PM00.,11,16,5
2012-11-02 17:00:00,4,0,1,1,15.58,19.695,40,22.0028,57,581,638,12110210.,05PM00.,11,17,5
2012-11-02 18:00:00,4,0,1,2,15.58,19.695,43,22.0028,32,490,522,12110210.,06PM00.,11,18,5
2012-11-02 19:00:00,4,0,1,2,15.58,19.695,43,19.9995,38,336,374,12110210.,07PM00.,11,19,5
2012-11-02 20:00:00,4,0,1,2,14.76,16.665,46,27.9993,14,207,221,12110210.,08PM00.,11,20,5
2012-11-02 21:00:00,4,0,1,2,14.76,16.665,46,23.9994,23,133,156,12110210.,09PM00.,11,21,5
2012-11-02 22:00:00,4,0,1,1,14.76,16.665,46,16.9979,14,135,149,12110210.,10PM00.,11,22,5
2012-11-02 23:00:00,4,0,1,1,13.94,15.15,53,19.9995,11,108,119,12110210.,11PM00.,11,23,5
2012-11-03 00:00:00,4,0,0,1,13.94,16.665,53,11.0014,9,99,108,12110310.,12AM00.,11,00,6
2012-11-03 01:00:00,4,0,0,2,13.94,15.15,49,22.0028,6,83,89,12110310.,01AM00.,11,01,6
2012-11-03 02:00:00,4,0,0,2,13.94,15.91,49,16.9979,10,36,46,12110310.,02AM00.,11,02,6
2012-11-03 03:00:00,4,0,0,2,13.94,15.91,49,16.9979,6,22,28,12110310.,03AM00.,11,03,6
2012-11-03 04:00:00,4,0,0,2,13.12,15.15,49,19.9995,8,8,16,12110310.,04AM00.,11,04,6
2012-11-03 05:00:00,4,0,0,2,13.12,15.15,49,16.9979,1,8,9,12110310.,05AM00.,11,05,6
2012-11-03 06:00:00,4,0,0,2,13.12,15.91,49,12.998,4,17,21,12110310.,06AM00.,11,06,6
2012-11-03 07:00:00,4,0,0,2,13.12,15.15,49,16.9979,1,58,59,12110310.,07AM00.,11,07,6
2012-11-03 08:00:00,4,0,0,2,13.94,15.15,46,19.9995,10,132,142,12110310.,08AM00.,11,08,6
2012-11-03 09:00:00,4,0,0,2,13.94,15.15,49,19.9995,31,188,219,12110310.,09AM00.,11,09,6
2012-11-03 10:00:00,4,0,0,1,14.76,16.665,46,26.0027,68,260,328,12110310.,10AM00.,11,10,6
2012-11-03 11:00:00,4,0,0,2,14.76,16.665,46,26.0027,56,284,340,12110310.,11AM00.,11,11,6
2012-11-03 12:00:00,4,0,0,2,14.76,15.91,46,31.0009,74,320,394,12110310.,12PM00.,11,12,6
2012-11-03 13:00:00,4,0,0,2,14.76,16.665,46,23.9994,110,339,449,12110310.,01PM00.,11,13,6
2012-11-03 14:00:00,4,0,0,2,14.76,16.665,50,22.0028,136,319,455,12110310.,02PM00.,11,14,6
2012-11-03 15:00:00,4,0,0,2,14.76,15.91,46,30.0026,117,331,448,12110310.,03PM00.,11,15,6
2012-11-03 16:00:00,4,0,0,2,14.76,16.665,46,22.0028,108,292,400,12110310.,04PM00.,11,16,6
2012-11-03 17:00:00,4,0,0,2,14.76,16.665,46,19.9995,112,298,410,12110310.,05PM00.,11,17,6
2012-11-03 18:00:00,4,0,0,2,14.76,16.665,46,19.0012,58,239,297,12110310.,06PM00.,11,18,6
2012-11-03 19:00:00,4,0,0,1,14.76,17.425,50,11.0014,22,217,239,12110310.,07PM00.,11,19,6
2012-11-03 20:00:00,4,0,0,1,13.94,16.665,53,8.9981,23,158,181,12110310.,08PM00.,11,20,6
2012-11-03 21:00:00,4,0,0,1,13.94,17.425,53,7.0015,31,135,166,12110310.,09PM00.,11,21,6
2012-11-03 22:00:00,4,0,0,1,13.12,16.665,57,7.0015,13,133,146,12110310.,10PM00.,11,22,6
2012-11-03 23:00:00,4,0,0,1,13.12,16.665,57,7.0015,15,133,148,12110310.,11PM00.,11,23,6
2012-11-04 00:00:00,4,0,0,1,12.3,15.91,61,7.0015,5,97,102,12110410.,12AM00.,11,00,7
2012-11-04 01:00:00,4,0,0,1,10.66,14.395,81,6.0032,26,139,165,12110410.,01AM00.,11,01,7
2012-11-04 02:00:00,4,0,0,1,12.3,16.665,65,0.0,6,31,37,12110410.,02AM00.,11,02,7
2012-11-04 03:00:00,4,0,0,1,11.48,14.395,61,7.0015,1,10,11,12110410.,03AM00.,11,03,7
2012-11-04 04:00:00,4,0,0,1,10.66,13.635,65,8.9981,2,7,9,12110410.,04AM00.,11,04,7
2012-11-04 05:00:00,4,0,0,1,10.66,13.635,65,7.0015,0,5,5,12110410.,05AM00.,11,05,7
2012-11-04 06:00:00,4,0,0,1,11.48,14.395,61,8.9981,2,14,16,12110410.,06AM00.,11,06,7
2012-11-04 07:00:00,4,0,0,1,10.66,13.635,65,7.0015,11,39,50,12110410.,07AM00.,11,07,7
2012-11-04 08:00:00,4,0,0,1,12.3,15.15,56,8.9981,34,115,149,12110410.,08AM00.,11,08,7
2012-11-04 09:00:00,4,0,0,1,13.12,16.665,53,0.0,56,161,217,12110410.,09AM00.,11,09,7
2012-11-04 10:00:00,4,0,0,1,13.94,16.665,49,12.998,73,287,360,12110410.,10AM00.,11,10,7
2012-11-04 11:00:00,4,0,0,1,15.58,19.695,46,15.0013,134,311,445,12110410.,11AM00.,11,11,7
2012-11-04 12:00:00,4,0,0,1,15.58,19.695,46,15.0013,150,354,504,12110410.,12PM00.,11,12,7
2012-11-04 13:00:00,4,0,0,1,16.4,20.455,43,15.0013,122,371,493,12110410.,01PM00.,11,13,7
2012-11-04 14:00:00,4,0,0,1,16.4,20.455,40,12.998,149,360,509,12110410.,02PM00.,11,14,7
2012-11-04 15:00:00,4,0,0,1,16.4,20.455,40,15.0013,149,300,449,12110410.,03PM00.,11,15,7
2012-11-04 16:00:00,4,0,0,1,16.4,20.455,40,22.0028,119,316,435,12110410.,04PM00.,11,16,7
2012-11-04 17:00:00,4,0,0,1,14.76,17.425,43,12.998,57,270,327,12110410.,05PM00.,11,17,7
2012-11-04 18:00:00,4,0,0,1,14.76,17.425,43,15.0013,31,206,237,12110410.,06PM00.,11,18,7
2012-11-04 19:00:00,4,0,0,1,14.76,16.665,43,16.9979,24,203,227,12110410.,07PM00.,11,19,7
2012-11-04 20:00:00,4,0,0,1,13.12,14.395,53,23.9994,7,134,141,12110410.,08PM00.,11,20,7
2012-11-04 21:00:00,4,0,0,1,12.3,13.635,52,19.9995,16,71,87,12110410.,09PM00.,11,21,7
2012-11-04 22:00:00,4,0,0,1,12.3,14.395,52,19.0012,15,64,79,12110410.,10PM00.,11,22,7
2012-11-04 23:00:00,4,0,0,2,12.3,15.15,56,11.0014,12,41,53,12110410.,11PM00.,11,23,7
2012-11-05 00:00:00,4,0,1,2,12.3,14.395,56,12.998,3,20,23,12110510.,12AM00.,11,00,1
2012-11-05 01:00:00,4,0,1,2,12.3,15.15,56,11.0014,0,8,8,12110510.,01AM00.,11,01,1
2012-11-05 02:00:00,4,0,1,2,12.3,15.15,56,11.0014,2,4,6,12110510.,02AM00.,11,02,1
2012-11-05 03:00:00,4,0,1,2,12.3,14.395,56,15.0013,1,3,4,12110510.,03AM00.,11,03,1
2012-11-05 04:00:00,4,0,1,2,12.3,14.395,52,16.9979,5,11,16,12110510.,04AM00.,11,04,1
2012-11-05 05:00:00,4,0,1,2,12.3,13.635,52,22.0028,1,38,39,12110510.,05AM00.,11,05,1
2012-11-05 06:00:00,4,0,1,2,12.3,14.395,49,19.0012,4,135,139,12110510.,06AM00.,11,06,1
2012-11-05 07:00:00,4,0,1,2,12.3,14.395,49,16.9979,8,453,461,12110510.,07AM00.,11,07,1
2012-11-05 08:00:00,4,0,1,2,12.3,14.395,49,15.0013,19,629,648,12110510.,08AM00.,11,08,1
2012-11-05 09:00:00,4,0,1,2,12.3,14.395,52,19.0012,18,239,257,12110510.,09AM00.,11,09,1
2012-11-05 10:00:00,4,0,1,1,13.12,15.15,49,19.0012,30,112,142,12110510.,10AM00.,11,10,1
2012-11-05 11:00:00,4,0,1,1,13.94,15.91,46,15.0013,31,119,150,12110510.,11AM00.,11,11,1
2012-11-05 12:00:00,4,0,1,1,14.76,16.665,43,22.0028,38,206,244,12110510.,12PM00.,11,12,1
2012-11-05 13:00:00,4,0,1,1,14.76,16.665,40,16.9979,39,183,222,12110510.,01PM00.,11,13,1
2012-11-05 14:00:00,4,0,1,1,15.58,19.695,40,11.0014,31,165,196,12110510.,02PM00.,11,14,1
2012-11-05 15:00:00,4,0,1,1,15.58,19.695,40,19.0012,24,207,231,12110510.,03PM00.,11,15,1
2012-11-05 16:00:00,4,0,1,1,14.76,16.665,43,19.0012,35,325,360,12110510.,04PM00.,11,16,1
2012-11-05 17:00:00,4,0,1,1,13.94,15.91,46,15.0013,34,604,638,12110510.,05PM00.,11,17,1
2012-11-05 18:00:00,4,0,1,1,13.94,15.91,46,15.0013,19,523,542,12110510.,06PM00.,11,18,1
2012-11-05 19:00:00,4,0,1,1,13.12,15.91,49,11.0014,11,361,372,12110510.,07PM00.,11,19,1
2012-11-05 20:00:00,4,0,1,1,13.12,15.15,49,16.9979,13,228,241,12110510.,08PM00.,11,20,1
2012-11-05 21:00:00,4,0,1,1,12.3,14.395,52,19.0012,8,144,152,12110510.,09PM00.,11,21,1
2012-11-05 22:00:00,4,0,1,1,11.48,13.635,56,12.998,4,111,115,12110510.,10PM00.,11,22,1
2012-11-05 23:00:00,4,0,1,1,10.66,13.635,60,8.9981,0,53,53,12110510.,11PM00.,11,23,1
2012-11-06 00:00:00,4,0,1,1,9.84,12.88,60,7.0015,1,18,19,12110610.,12AM00.,11,00,2
2012-11-06 01:00:00,4,0,1,1,9.84,12.12,60,11.0014,0,8,8,12110610.,01AM00.,11,01,2
2012-11-06 02:00:00,4,0,1,1,9.84,12.88,65,6.0032,0,2,2,12110610.,02AM00.,11,02,2
2012-11-06 03:00:00,4,0,1,1,9.02,12.12,64,7.0015,0,4,4,12110610.,03AM00.,11,03,2
2012-11-06 04:00:00,4,0,1,1,9.02,12.88,69,6.0032,0,7,7,12110610.,04AM00.,11,04,2
2012-11-06 05:00:00,4,0,1,2,9.02,11.365,64,12.998,1,40,41,12110610.,05AM00.,11,05,2
2012-11-06 06:00:00,4,0,1,1,9.02,11.365,69,8.9981,6,143,149,12110610.,06AM00.,11,06,2
2012-11-06 07:00:00,4,0,1,1,8.2,10.605,69,11.0014,9,378,387,12110610.,07AM00.,11,07,2
2012-11-06 08:00:00,4,0,1,1,9.02,11.365,69,11.0014,20,568,588,12110610.,08AM00.,11,08,2
2012-11-06 09:00:00,4,0,1,1,10.66,12.88,60,11.0014,25,338,363,12110610.,09AM00.,11,09,2
2012-11-06 10:00:00,4,0,1,1,12.3,14.395,49,12.998,41,189,230,12110610.,10AM00.,11,10,2
2012-11-06 11:00:00,4,0,1,1,13.12,16.665,45,8.9981,39,177,216,12110610.,11AM00.,11,11,2
2012-11-06 12:00:00,4,0,1,1,13.12,16.665,45,8.9981,31,217,248,12110610.,12PM00.,11,12,2
2012-11-06 13:00:00,4,0,1,1,13.94,16.665,46,8.9981,46,232,278,12110610.,01PM00.,11,13,2
2012-11-06 14:00:00,4,0,1,1,14.76,18.18,40,7.0015,44,196,240,12110610.,02PM00.,11,14,2
2012-11-06 15:00:00,4,0,1,1,13.94,15.91,46,16.9979,45,227,272,12110610.,03PM00.,11,15,2
2012-11-06 16:00:00,4,0,1,1,13.94,16.665,46,11.0014,33,369,402,12110610.,04PM00.,11,16,2
2012-11-06 17:00:00,4,0,1,1,13.12,15.15,53,15.0013,30,597,627,12110610.,05PM00.,11,17,2
2012-11-06 18:00:00,4,0,1,1,13.12,15.15,57,19.9995,20,477,497,12110610.,06PM00.,11,18,2
2012-11-06 19:00:00,4,0,1,1,12.3,14.395,56,15.0013,15,356,371,12110610.,07PM00.,11,19,2
2012-11-06 20:00:00,4,0,1,1,12.3,14.395,61,15.0013,10,218,228,12110610.,08PM00.,11,20,2
2012-11-06 21:00:00,4,0,1,2,12.3,14.395,56,16.9979,14,137,151,12110610.,09PM00.,11,21,2
2012-11-06 22:00:00,4,0,1,2,12.3,14.395,56,15.0013,17,136,153,12110610.,10PM00.,11,22,2
2012-11-06 23:00:00,4,0,1,1,12.3,14.395,56,15.0013,19,186,205,12110610.,11PM00.,11,23,2
2012-11-07 00:00:00,4,0,1,2,12.3,14.395,56,19.0012,49,234,283,12110710.,12AM00.,11,00,3
2012-11-07 01:00:00,4,0,1,2,11.48,13.635,61,16.9979,6,86,92,12110710.,01AM00.,11,01,3
2012-11-07 02:00:00,4,0,1,2,11.48,12.88,56,19.9995,6,68,74,12110710.,02AM00.,11,02,3
2012-11-07 03:00:00,4,0,1,2,11.48,12.88,52,22.0028,2,9,11,12110710.,03AM00.,11,03,3
2012-11-07 04:00:00,4,0,1,2,11.48,12.88,52,19.9995,0,9,9,12110710.,04AM00.,11,04,3
2012-11-07 05:00:00,4,0,1,2,11.48,12.88,52,22.0028,0,27,27,12110710.,05AM00.,11,05,3
2012-11-07 06:00:00,4,0,1,2,10.66,12.12,56,19.0012,3,115,118,12110710.,06AM00.,11,06,3
2012-11-07 07:00:00,4,0,1,2,10.66,11.365,56,19.9995,5,314,319,12110710.,07AM00.,11,07,3
2012-11-07 08:00:00,4,0,1,2,10.66,12.12,60,19.0012,18,583,601,12110710.,08AM00.,11,08,3
2012-11-07 09:00:00,4,0,1,2,10.66,12.12,60,19.0012,17,351,368,12110710.,09AM00.,11,09,3
2012-11-07 10:00:00,4,0,1,2,11.48,12.88,56,19.9995,27,151,178,12110710.,10AM00.,11,10,3
2012-11-07 11:00:00,4,0,1,2,13.12,14.395,51,23.9994,15,132,147,12110710.,11AM00.,11,11,3
2012-11-07 12:00:00,4,0,1,2,13.12,15.15,53,19.0012,24,188,212,12110710.,12PM00.,11,12,3
2012-11-07 13:00:00,4,0,1,2,13.12,15.15,53,16.9979,23,158,181,12110710.,01PM00.,11,13,3
2012-11-07 14:00:00,4,0,1,2,13.12,14.395,53,23.9994,19,142,161,12110710.,02PM00.,11,14,3
2012-11-07 15:00:00,4,0,1,2,13.12,15.15,53,19.9995,20,178,198,12110710.,03PM00.,11,15,3
2012-11-07 16:00:00,4,0,1,2,13.12,14.395,53,23.9994,23,250,273,12110710.,04PM00.,11,16,3
2012-11-07 17:00:00,4,0,1,2,13.12,14.395,53,26.0027,16,501,517,12110710.,05PM00.,11,17,3
2012-11-07 18:00:00,4,0,1,2,13.12,14.395,53,23.9994,17,448,465,12110710.,06PM00.,11,18,3
2012-11-07 19:00:00,4,0,1,2,12.3,13.635,56,19.9995,17,302,319,12110710.,07PM00.,11,19,3
2012-11-07 20:00:00,4,0,1,2,13.12,15.15,49,22.0028,7,249,256,12110710.,08PM00.,11,20,3
2012-11-07 21:00:00,4,0,1,2,13.12,15.15,49,19.9995,5,121,126,12110710.,09PM00.,11,21,3
2012-11-07 22:00:00,4,0,1,3,12.3,14.395,56,16.9979,4,56,60,12110710.,10PM00.,11,22,3
2012-11-07 23:00:00,4,0,1,3,11.48,13.635,65,15.0013,3,37,40,12110710.,11PM00.,11,23,3
2012-11-08 00:00:00,4,0,1,3,11.48,13.635,61,15.0013,1,14,15,12110810.,12AM00.,11,00,4
2012-11-08 01:00:00,4,0,1,3,12.3,13.635,52,23.9994,1,11,12,12110810.,01AM00.,11,01,4
2012-11-08 02:00:00,4,0,1,2,12.3,14.395,49,15.0013,1,5,6,12110810.,02AM00.,11,02,4
2012-11-08 04:00:00,4,0,1,2,12.3,14.395,45,19.0012,1,9,10,12110810.,04AM00.,11,04,4
2012-11-08 05:00:00,4,0,1,2,12.3,14.395,42,15.0013,0,35,35,12110810.,05AM00.,11,05,4
2012-11-08 06:00:00,4,0,1,1,12.3,14.395,39,15.0013,2,122,124,12110810.,06AM00.,11,06,4
2012-11-08 07:00:00,4,0,1,1,11.48,12.88,36,26.0027,12,411,423,12110810.,07AM00.,11,07,4
2012-11-08 08:00:00,4,0,1,1,12.3,14.395,33,19.0012,16,652,668,12110810.,08AM00.,11,08,4
2012-11-08 09:00:00,4,0,1,1,13.12,14.395,31,23.9994,22,253,275,12110810.,09AM00.,11,09,4
2012-11-08 10:00:00,4,0,1,1,13.12,15.15,31,22.0028,13,148,161,12110810.,10AM00.,11,10,4
2012-11-08 11:00:00,4,0,1,1,14.76,16.665,29,26.0027,16,155,171,12110810.,11AM00.,11,11,4
2012-11-08 12:00:00,4,0,1,1,16.4,20.455,24,32.9975,33,202,235,12110810.,12PM00.,11,12,4
2012-11-08 13:00:00,4,0,1,1,18.04,21.97,18,27.9993,33,195,228,12110810.,01PM00.,11,13,4
2012-11-08 14:00:00,4,0,1,1,18.04,21.97,18,27.9993,33,149,182,12110810.,02PM00.,11,14,4
2012-11-08 15:00:00,4,0,1,1,18.04,21.97,18,27.9993,32,201,233,12110810.,03PM00.,11,15,4
2012-11-08 16:00:00,4,0,1,1,17.22,21.21,16,26.0027,18,321,339,12110810.,04PM00.,11,16,4
2012-11-08 17:00:00,4,0,1,1,16.4,20.455,20,19.9995,36,556,592,12110810.,05PM00.,11,17,4
2012-11-08 18:00:00,4,0,1,1,16.4,20.455,24,27.9993,16,491,507,12110810.,06PM00.,11,18,4
2012-11-08 19:00:00,4,0,1,1,15.58,19.695,27,23.9994,14,359,373,12110810.,07PM00.,11,19,4
2012-11-08 20:00:00,4,0,1,1,15.58,19.695,29,31.0009,10,235,245,12110810.,08PM00.,11,20,4
2012-11-08 21:00:00,4,0,1,1,14.76,16.665,37,26.0027,11,222,233,12110810.,09PM00.,11,21,4
2012-11-08 22:00:00,4,0,1,1,13.94,15.15,42,19.9995,14,147,161,12110810.,10PM00.,11,22,4
2012-11-08 23:00:00,4,0,1,1,13.94,15.15,46,23.9994,5,82,87,12110810.,11PM00.,11,23,4
2012-11-09 00:00:00,4,0,1,1,13.94,15.15,49,22.0028,9,46,55,12110910.,12AM00.,11,00,5
2012-11-09 01:00:00,4,0,1,1,13.12,15.15,53,19.0012,3,17,20,12110910.,01AM00.,11,01,5
2012-11-09 02:00:00,4,0,1,1,13.12,15.15,53,16.9979,1,11,12,12110910.,02AM00.,11,02,5
2012-11-09 03:00:00,4,0,1,1,13.12,14.395,53,27.9993,3,6,9,12110910.,03AM00.,11,03,5
2012-11-09 04:00:00,4,0,1,1,13.12,14.395,53,23.9994,0,14,14,12110910.,04AM00.,11,04,5
2012-11-09 05:00:00,4,0,1,1,12.3,14.395,56,12.998,2,25,27,12110910.,05AM00.,11,05,5
2012-11-09 06:00:00,4,0,1,1,10.66,13.635,65,7.0015,5,126,131,12110910.,06AM00.,11,06,5
2012-11-09 07:00:00,4,0,1,1,10.66,13.635,65,8.9981,9,332,341,12110910.,07AM00.,11,07,5
2012-11-09 08:00:00,4,0,1,1,13.12,15.91,57,11.0014,25,668,693,12110910.,08AM00.,11,08,5
2012-11-09 09:00:00,4,0,1,1,13.94,15.15,53,27.9993,23,304,327,12110910.,09AM00.,11,09,5
2012-11-09 10:00:00,4,0,1,1,14.76,16.665,50,22.0028,34,163,197,12110910.,10AM00.,11,10,5
2012-11-09 11:00:00,4,0,1,1,16.4,20.455,47,19.9995,66,185,251,12110910.,11AM00.,11,11,5
2012-11-09 12:00:00,4,0,1,1,18.04,21.97,41,22.0028,48,214,262,12110910.,12PM00.,11,12,5
2012-11-09 13:00:00,4,0,1,1,18.86,22.725,38,19.9995,62,237,299,12110910.,01PM00.,11,13,5
2012-11-09 14:00:00,4,0,1,1,18.86,22.725,38,12.998,67,207,274,12110910.,02PM00.,11,14,5
2012-11-09 15:00:00,4,0,1,1,18.86,22.725,36,15.0013,78,278,356,12110910.,03PM00.,11,15,5
2012-11-09 16:00:00,4,0,1,1,18.86,22.725,38,11.0014,57,377,434,12110910.,04PM00.,11,16,5
2012-11-09 17:00:00,4,0,1,1,17.22,21.21,44,8.9981,61,593,654,12110910.,05PM00.,11,17,5
2012-11-09 18:00:00,4,0,1,1,17.22,21.21,44,7.0015,46,450,496,12110910.,06PM00.,11,18,5
2012-11-09 19:00:00,4,0,1,1,13.94,17.425,71,6.0032,30,331,361,12110910.,07PM00.,11,19,5
2012-11-09 20:00:00,4,0,1,1,14.76,17.425,66,8.9981,20,235,255,12110910.,08PM00.,11,20,5
2012-11-09 21:00:00,4,0,1,1,13.94,18.18,76,0.0,23,176,199,12110910.,09PM00.,11,21,5
2012-11-09 22:00:00,4,0,1,1,13.94,17.425,71,7.0015,17,146,163,12110910.,10PM00.,11,22,5
2012-11-09 23:00:00,4,0,1,1,13.12,16.665,81,6.0032,20,142,162,12110910.,11PM00.,11,23,5
2012-11-10 00:00:00,4,0,0,1,13.12,16.665,76,6.0032,16,106,122,12111010.,12AM00.,11,00,6
2012-11-10 01:00:00,4,0,0,1,12.3,15.91,81,6.0032,8,68,76,12111010.,01AM00.,11,01,6
2012-11-10 02:00:00,4,0,0,1,13.12,17.425,81,0.0,2,42,44,12111010.,02AM00.,11,02,6
2012-11-10 03:00:00,4,0,0,1,12.3,16.665,81,0.0,9,11,20,12111010.,03AM00.,11,03,6
2012-11-10 04:00:00,4,0,0,1,10.66,13.635,87,7.0015,2,4,6,12111010.,04AM00.,11,04,6
2012-11-10 05:00:00,4,0,0,1,11.48,15.91,87,0.0,1,9,10,12111010.,05AM00.,11,05,6
2012-11-10 06:00:00,4,0,0,1,9.84,12.88,93,6.0032,5,11,16,12111010.,06AM00.,11,06,6
2012-11-10 07:00:00,4,0,0,1,10.66,13.635,87,7.0015,14,57,71,12111010.,07AM00.,11,07,6
2012-11-10 08:00:00,4,0,0,1,13.12,17.425,76,0.0,16,130,146,12111010.,08AM00.,11,08,6
2012-11-10 09:00:00,4,0,0,1,14.76,17.425,66,12.998,43,216,259,12111010.,09AM00.,11,09,6
2012-11-10 10:00:00,4,0,0,1,16.4,20.455,58,0.0,86,264,350,12111010.,10AM00.,11,10,6
2012-11-10 11:00:00,4,0,0,1,16.4,20.455,58,7.0015,143,323,466,12111010.,11AM00.,11,11,6
2012-11-10 12:00:00,4,0,0,1,19.68,23.485,48,0.0,258,348,606,12111010.,12PM00.,11,12,6
2012-11-10 13:00:00,4,0,0,1,21.32,25.0,39,0.0,268,383,651,12111010.,01PM00.,11,13,6
2012-11-10 14:00:00,4,0,0,1,22.14,25.76,37,0.0,280,347,627,12111010.,02PM00.,11,14,6
2012-11-10 15:00:00,4,0,0,1,21.32,25.0,45,0.0,216,351,567,12111010.,03PM00.,11,15,6
2012-11-10 16:00:00,4,0,0,1,22.14,25.76,37,0.0,227,378,605,12111010.,04PM00.,11,16,6
2012-11-10 17:00:00,4,0,0,1,20.5,24.24,45,12.998,183,318,501,12111010.,05PM00.,11,17,6
2012-11-10 18:00:00,4,0,0,1,18.04,21.97,54,8.9981,103,256,359,12111010.,06PM00.,11,18,6
2012-11-10 19:00:00,4,0,0,1,18.86,22.725,51,6.0032,55,228,283,12111010.,07PM00.,11,19,6
2012-11-10 20:00:00,4,0,0,1,18.04,21.97,54,0.0,39,153,192,12111010.,08PM00.,11,20,6
2012-11-10 21:00:00,4,0,0,1,16.4,20.455,66,0.0,51,169,220,12111010.,09PM00.,11,21,6
2012-11-10 22:00:00,4,0,0,1,15.58,19.695,71,6.0032,39,154,193,12111010.,10PM00.,11,22,6
2012-11-10 23:00:00,4,0,0,1,14.76,18.18,71,7.0015,26,120,146,12111010.,11PM00.,11,23,6
2012-11-11 00:00:00,4,0,0,1,13.94,17.425,81,6.0032,14,110,124,12111110.,12AM00.,11,00,7
2012-11-11 01:00:00,4,0,0,1,13.94,17.425,76,6.0032,26,82,108,12111110.,01AM00.,11,01,7
2012-11-11 02:00:00,4,0,0,1,13.12,16.665,87,7.0015,12,58,70,12111110.,02AM00.,11,02,7
2012-11-11 03:00:00,4,0,0,1,13.94,18.18,81,0.0,9,39,48,12111110.,03AM00.,11,03,7
2012-11-11 04:00:00,4,0,0,1,13.12,16.665,81,7.0015,5,6,11,12111110.,04AM00.,11,04,7
2012-11-11 05:00:00,4,0,0,1,12.3,15.15,87,8.9981,0,12,12,12111110.,05AM00.,11,05,7
2012-11-11 06:00:00,4,0,0,1,12.3,15.91,87,6.0032,3,16,19,12111110.,06AM00.,11,06,7
2012-11-11 07:00:00,4,0,0,1,12.3,15.91,89,6.0032,12,56,68,12111110.,07AM00.,11,07,7
2012-11-11 08:00:00,4,0,0,1,13.12,16.665,87,7.0015,32,87,119,12111110.,08AM00.,11,08,7
2012-11-11 09:00:00,4,0,0,1,14.76,18.94,77,0.0,94,179,273,12111110.,09AM00.,11,09,7
2012-11-11 10:00:00,4,0,0,1,16.4,20.455,69,7.0015,133,272,405,12111110.,10AM00.,11,10,7
2012-11-11 11:00:00,4,0,0,1,18.86,22.725,59,8.9981,180,324,504,12111110.,11AM00.,11,11,7
2012-11-11 12:00:00,4,0,0,1,20.5,24.24,48,6.0032,195,390,585,12111110.,12PM00.,11,12,7
2012-11-11 13:00:00,4,0,0,1,22.14,25.76,45,7.0015,262,424,686,12111110.,01PM00.,11,13,7
2012-11-11 14:00:00,4,0,0,1,24.6,31.06,33,11.0014,292,362,654,12111110.,02PM00.,11,14,7
2012-11-11 15:00:00,4,0,0,1,22.96,26.515,37,15.0013,304,420,724,12111110.,03PM00.,11,15,7
2012-11-11 16:00:00,4,0,0,1,22.14,25.76,42,15.0013,260,393,653,12111110.,04PM00.,11,16,7
2012-11-11 17:00:00,4,0,0,1,22.14,25.76,45,11.0014,151,342,493,12111110.,05PM00.,11,17,7
2012-11-11 18:00:00,4,0,0,1,21.32,25.0,45,8.9981,102,303,405,12111110.,06PM00.,11,18,7
2012-11-11 19:00:00,4,0,0,1,19.68,23.485,55,8.9981,69,208,277,12111110.,07PM00.,11,19,7
2012-11-11 20:00:00,4,0,0,1,18.04,21.97,62,11.0014,54,146,200,12111110.,08PM00.,11,20,7
2012-11-11 21:00:00,4,0,0,1,18.04,21.97,67,15.0013,44,127,171,12111110.,09PM00.,11,21,7
2012-11-11 22:00:00,4,0,0,1,17.22,21.21,71,12.998,21,113,134,12111110.,10PM00.,11,22,7
2012-11-11 23:00:00,4,0,0,1,17.22,21.21,71,12.998,16,93,109,12111110.,11PM00.,11,23,7
2012-11-12 00:00:00,4,1,0,1,17.22,21.21,71,7.0015,6,43,49,12111210.,12AM00.,11,00,1
2012-11-12 01:00:00,4,1,0,1,16.4,20.455,76,11.0014,4,26,30,12111210.,01AM00.,11,01,1
2012-11-12 02:00:00,4,1,0,1,16.4,20.455,76,8.9981,6,14,20,12111210.,02AM00.,11,02,1
2012-11-12 03:00:00,4,1,0,1,16.4,20.455,76,8.9981,1,3,4,12111210.,03AM00.,11,03,1
2012-11-12 04:00:00,4,1,0,1,16.4,20.455,76,6.0032,1,3,4,12111210.,04AM00.,11,04,1
2012-11-12 05:00:00,4,1,0,1,15.58,19.695,87,0.0,1,23,24,12111210.,05AM00.,11,05,1
2012-11-12 06:00:00,4,1,0,1,15.58,19.695,87,7.0015,7,64,71,12111210.,06AM00.,11,06,1
2012-11-12 07:00:00,4,1,0,1,16.4,20.455,87,0.0,16,248,264,12111210.,07AM00.,11,07,1
2012-11-12 08:00:00,4,1,0,1,17.22,21.21,82,11.0014,50,490,540,12111210.,08AM00.,11,08,1
2012-11-12 09:00:00,4,1,0,1,18.04,21.97,88,7.0015,60,337,397,12111210.,09AM00.,11,09,1
2012-11-12 10:00:00,4,1,0,1,19.68,23.485,77,11.0014,82,184,266,12111210.,10AM00.,11,10,1
2012-11-12 11:00:00,4,1,0,1,21.32,25.0,72,11.0014,112,255,367,12111210.,11AM00.,11,11,1
2012-11-12 12:00:00,4,1,0,1,22.96,26.515,64,15.0013,105,314,419,12111210.,12PM00.,11,12,1
2012-11-12 13:00:00,4,1,0,1,24.6,30.305,60,15.0013,108,312,420,12111210.,01PM00.,11,13,1
2012-11-12 14:00:00,4,1,0,1,23.78,27.275,60,19.0012,134,310,444,12111210.,02PM00.,11,14,1
2012-11-12 15:00:00,4,1,0,1,22.96,26.515,64,16.9979,102,280,382,12111210.,03PM00.,11,15,1
2012-11-12 16:00:00,4,1,0,1,22.96,26.515,64,11.0014,87,347,434,12111210.,04PM00.,11,16,1
2012-11-12 17:00:00,4,1,0,1,22.96,26.515,64,19.0012,66,530,596,12111210.,05PM00.,11,17,1
2012-11-12 18:00:00,4,1,0,1,21.32,25.0,72,8.9981,65,486,551,12111210.,06PM00.,11,18,1
2012-11-12 19:00:00,4,1,0,1,22.14,25.76,73,19.0012,30,323,353,12111210.,07PM00.,11,19,1
2012-11-12 20:00:00,4,1,0,2,21.32,25.0,77,19.0012,31,273,304,12111210.,08PM00.,11,20,1
2012-11-12 21:00:00,4,1,0,3,22.14,25.76,73,15.0013,10,145,155,12111210.,09PM00.,11,21,1
2012-11-12 22:00:00,4,1,0,1,21.32,25.0,77,16.9979,12,100,112,12111210.,10PM00.,11,22,1
2012-11-12 23:00:00,4,1,0,2,22.14,25.76,77,15.0013,1,62,63,12111210.,11PM00.,11,23,1
2012-11-13 00:00:00,4,0,1,2,21.32,25.0,83,19.0012,5,18,23,12111310.,12AM00.,11,00,2
2012-11-13 01:00:00,4,0,1,3,18.04,21.97,88,43.0006,0,5,5,12111310.,01AM00.,11,01,2
2012-11-13 02:00:00,4,0,1,3,14.76,15.91,87,30.0026,7,4,11,12111310.,02AM00.,11,02,2
2012-11-13 03:00:00,4,0,1,3,14.76,16.665,87,23.9994,2,3,5,12111310.,03AM00.,11,03,2
2012-11-13 04:00:00,4,0,1,2,14.76,16.665,81,26.0027,0,9,9,12111310.,04AM00.,11,04,2
2012-11-13 05:00:00,4,0,1,2,13.94,15.91,87,19.0012,0,18,18,12111310.,05AM00.,11,05,2
2012-11-13 06:00:00,4,0,1,3,13.12,14.395,81,31.0009,2,48,50,12111310.,06AM00.,11,06,2
2012-11-13 07:00:00,4,0,1,3,13.12,15.15,87,16.9979,1,106,107,12111310.,07AM00.,11,07,2
2012-11-13 08:00:00,4,0,1,3,13.12,15.15,87,16.9979,4,207,211,12111310.,08AM00.,11,08,2
2012-11-13 09:00:00,4,0,1,3,13.12,15.15,81,22.0028,1,109,110,12111310.,09AM00.,11,09,2
2012-11-13 10:00:00,4,0,1,3,12.3,13.635,75,26.0027,10,84,94,12111310.,10AM00.,11,10,2
2012-11-13 11:00:00,4,0,1,1,13.12,15.15,70,16.9979,22,133,155,12111310.,11AM00.,11,11,2
2012-11-13 12:00:00,4,0,1,1,13.94,15.91,61,19.0012,16,180,196,12111310.,12PM00.,11,12,2
2012-11-13 13:00:00,4,0,1,1,13.94,15.91,53,16.9979,30,188,218,12111310.,01PM00.,11,13,2
2012-11-13 14:00:00,4,0,1,1,15.58,19.695,46,26.0027,34,169,203,12111310.,02PM00.,11,14,2
2012-11-13 15:00:00,4,0,1,1,16.4,20.455,40,19.9995,33,184,217,12111310.,03PM00.,11,15,2
2012-11-13 16:00:00,4,0,1,1,15.58,19.695,40,19.9995,28,282,310,12111310.,04PM00.,11,16,2
2012-11-13 17:00:00,4,0,1,1,13.94,15.15,49,23.9994,33,575,608,12111310.,05PM00.,11,17,2
2012-11-13 18:00:00,4,0,1,1,13.94,15.91,49,19.0012,45,514,559,12111310.,06PM00.,11,18,2
2012-11-13 19:00:00,4,0,1,1,13.12,14.395,49,23.9994,12,344,356,12111310.,07PM00.,11,19,2
2012-11-13 20:00:00,4,0,1,1,12.3,13.635,49,23.9994,12,211,223,12111310.,08PM00.,11,20,2
2012-11-13 21:00:00,4,0,1,1,12.3,13.635,49,23.9994,9,178,187,12111310.,09PM00.,11,21,2
2012-11-13 22:00:00,4,0,1,1,10.66,11.365,56,22.0028,15,120,135,12111310.,10PM00.,11,22,2
2012-11-13 23:00:00,4,0,1,1,10.66,11.365,56,19.9995,6,78,84,12111310.,11PM00.,11,23,2
2012-11-14 00:00:00,4,0,1,1,10.66,12.12,56,19.0012,4,20,24,12111410.,12AM00.,11,00,3
2012-11-14 01:00:00,4,0,1,1,9.84,10.605,60,19.9995,2,10,12,12111410.,01AM00.,11,01,3
2012-11-14 02:00:00,4,0,1,1,9.84,10.605,60,19.9995,0,1,1,12111410.,02AM00.,11,02,3
2012-11-14 03:00:00,4,0,1,1,9.84,11.365,65,15.0013,0,5,5,12111410.,03AM00.,11,03,3
2012-11-14 04:00:00,4,0,1,1,9.02,11.365,69,12.998,0,6,6,12111410.,04AM00.,11,04,3
2012-11-14 05:00:00,4,0,1,1,9.02,11.365,69,12.998,0,39,39,12111410.,05AM00.,11,05,3
2012-11-14 06:00:00,4,0,1,1,9.84,11.365,65,12.998,4,142,146,12111410.,06AM00.,11,06,3
2012-11-14 07:00:00,4,0,1,1,9.84,10.605,65,19.0012,10,405,415,12111410.,07AM00.,11,07,3
2012-11-14 08:00:00,4,0,1,1,11.48,12.88,56,19.9995,27,664,691,12111410.,08AM00.,11,08,3
2012-11-14 09:00:00,4,0,1,1,12.3,13.635,52,26.0027,22,310,332,12111410.,09AM00.,11,09,3
2012-11-14 10:00:00,4,0,1,1,13.12,14.395,45,23.9994,18,153,171,12111410.,10AM00.,11,10,3
2012-11-14 11:00:00,4,0,1,1,13.12,15.15,49,16.9979,25,126,151,12111410.,11AM00.,11,11,3
2012-11-14 12:00:00,4,0,1,1,13.94,16.665,46,0.0,40,200,240,12111410.,12PM00.,11,12,3
2012-11-14 13:00:00,4,0,1,1,14.76,16.665,43,16.9979,32,182,214,12111410.,01PM00.,11,13,3
2012-11-14 14:00:00,4,0,1,1,14.76,17.425,43,8.9981,20,161,181,12111410.,02PM00.,11,14,3
2012-11-14 15:00:00,4,0,1,1,14.76,16.665,43,19.0012,32,228,260,12111410.,03PM00.,11,15,3
2012-11-14 16:00:00,4,0,1,1,13.94,17.425,46,7.0015,31,290,321,12111410.,04PM00.,11,16,3
2012-11-14 17:00:00,4,0,1,1,13.12,15.91,49,12.998,19,564,583,12111410.,05PM00.,11,17,3
2012-11-14 18:00:00,4,0,1,1,13.12,15.91,53,11.0014,24,543,567,12111410.,06PM00.,11,18,3
2012-11-14 19:00:00,4,0,1,1,12.3,15.15,52,11.0014,28,368,396,12111410.,07PM00.,11,19,3
2012-11-14 20:00:00,4,0,1,1,12.3,15.91,52,6.0032,15,252,267,12111410.,08PM00.,11,20,3
2012-11-14 21:00:00,4,0,1,1,12.3,16.665,56,0.0,5,208,213,12111410.,09PM00.,11,21,3
2012-11-14 22:00:00,4,0,1,1,11.48,15.91,61,0.0,6,167,173,12111410.,10PM00.,11,22,3
2012-11-14 23:00:00,4,0,1,1,9.84,12.12,70,8.9981,9,78,87,12111410.,11PM00.,11,23,3
2012-11-15 00:00:00,4,0,1,2,10.66,15.15,65,0.0,1,33,34,12111510.,12AM00.,11,00,4
2012-11-15 01:00:00,4,0,1,2,10.66,13.635,65,7.0015,2,14,16,12111510.,01AM00.,11,01,4
2012-11-15 02:00:00,4,0,1,2,10.66,12.88,70,11.0014,0,7,7,12111510.,02AM00.,11,02,4
2012-11-15 03:00:00,4,0,1,2,10.66,14.395,70,6.0032,0,2,2,12111510.,03AM00.,11,03,4
2012-11-15 04:00:00,4,0,1,2,11.48,14.395,65,8.9981,0,5,5,12111510.,04AM00.,11,04,4
2012-11-15 05:00:00,4,0,1,2,12.3,14.395,61,15.0013,3,34,37,12111510.,05AM00.,11,05,4
2012-11-15 06:00:00,4,0,1,2,12.3,14.395,65,16.9979,1,146,147,12111510.,06AM00.,11,06,4
2012-11-15 07:00:00,4,0,1,2,12.3,14.395,65,12.998,7,403,410,12111510.,07AM00.,11,07,4
2012-11-15 08:00:00,4,0,1,2,12.3,14.395,61,15.0013,21,625,646,12111510.,08AM00.,11,08,4
2012-11-15 09:00:00,4,0,1,2,13.12,15.91,61,12.998,17,306,323,12111510.,09AM00.,11,09,4
2012-11-15 10:00:00,4,0,1,2,13.12,16.665,66,8.9981,11,142,153,12111510.,10AM00.,11,10,4
2012-11-15 11:00:00,4,0,1,2,13.94,16.665,61,8.9981,28,138,166,12111510.,11AM00.,11,11,4
2012-11-15 12:00:00,4,0,1,2,14.76,18.18,62,7.0015,29,184,213,12111510.,12PM00.,11,12,4
2012-11-15 13:00:00,4,0,1,2,15.58,19.695,54,7.0015,20,197,217,12111510.,01PM00.,11,13,4
2012-11-15 14:00:00,4,0,1,2,15.58,19.695,54,11.0014,27,174,201,12111510.,02PM00.,11,14,4
2012-11-15 15:00:00,4,0,1,2,15.58,19.695,58,11.0014,26,191,217,12111510.,03PM00.,11,15,4
2012-11-15 16:00:00,4,0,1,2,14.76,17.425,57,12.998,24,318,342,12111510.,04PM00.,11,16,4
2012-11-15 17:00:00,4,0,1,2,14.76,17.425,57,15.0013,22,541,563,12111510.,05PM00.,11,17,4
2012-11-15 18:00:00,4,0,1,2,14.76,17.425,57,12.998,10,563,573,12111510.,06PM00.,11,18,4
2012-11-15 19:00:00,4,0,1,2,13.94,16.665,61,8.9981,11,375,386,12111510.,07PM00.,11,19,4
2012-11-15 20:00:00,4,0,1,1,13.94,17.425,61,7.0015,23,262,285,12111510.,08PM00.,11,20,4
2012-11-15 21:00:00,4,0,1,2,13.12,16.665,66,7.0015,20,204,224,12111510.,09PM00.,11,21,4
2012-11-15 22:00:00,4,0,1,2,13.12,15.91,66,11.0014,10,143,153,12111510.,10PM00.,11,22,4
2012-11-15 23:00:00,4,0,1,2,13.12,15.91,61,11.0014,7,118,125,12111510.,11PM00.,11,23,4
2012-11-16 00:00:00,4,0,1,2,13.12,16.665,66,7.0015,7,58,65,12111610.,12AM00.,11,00,5
2012-11-16 01:00:00,4,0,1,2,12.3,15.91,65,6.0032,5,16,21,12111610.,01AM00.,11,01,5
2012-11-16 02:00:00,4,0,1,2,12.3,15.15,70,11.0014,0,9,9,12111610.,02AM00.,11,02,5
2012-11-16 03:00:00,4,0,1,2,12.3,15.15,65,8.9981,0,6,6,12111610.,03AM00.,11,03,5
2012-11-16 04:00:00,4,0,1,2,12.3,15.91,65,7.0015,0,5,5,12111610.,04AM00.,11,04,5
2012-11-16 05:00:00,4,0,1,2,12.3,15.91,65,6.0032,2,34,36,12111610.,05AM00.,11,05,5
2012-11-16 06:00:00,4,0,1,2,12.3,15.91,61,6.0032,4,126,130,12111610.,06AM00.,11,06,5
2012-11-16 07:00:00,4,0,1,2,12.3,15.15,61,11.0014,5,362,367,12111610.,07AM00.,11,07,5
2012-11-16 08:00:00,4,0,1,2,13.12,16.665,57,8.9981,17,694,711,12111610.,08AM00.,11,08,5
2012-11-16 09:00:00,4,0,1,1,13.94,17.425,53,7.0015,21,330,351,12111610.,09AM00.,11,09,5
2012-11-16 10:00:00,4,0,1,1,13.94,16.665,53,12.998,33,165,198,12111610.,10AM00.,11,10,5
2012-11-16 11:00:00,4,0,1,1,15.58,19.695,43,15.0013,33,185,218,12111610.,11AM00.,11,11,5
2012-11-16 12:00:00,4,0,1,1,16.4,20.455,43,19.0012,28,262,290,12111610.,12PM00.,11,12,5
2012-11-16 13:00:00,4,0,1,1,17.22,21.21,38,12.998,52,226,278,12111610.,01PM00.,11,13,5
2012-11-16 14:00:00,4,0,1,1,17.22,21.21,35,7.0015,47,204,251,12111610.,02PM00.,11,14,5
2012-11-16 15:00:00,4,0,1,1,17.22,21.21,38,8.9981,30,237,267,12111610.,03PM00.,11,15,5
2012-11-16 16:00:00,4,0,1,1,17.22,21.21,35,19.0012,33,350,383,12111610.,04PM00.,11,16,5
2012-11-16 17:00:00,4,0,1,1,14.76,17.425,46,12.998,41,539,580,12111610.,05PM00.,11,17,5
2012-11-16 18:00:00,4,0,1,1,13.94,16.665,53,11.0014,22,483,505,12111610.,06PM00.,11,18,5
2012-11-16 19:00:00,4,0,1,1,14.76,17.425,46,15.0013,26,306,332,12111610.,07PM00.,11,19,5
2012-11-16 20:00:00,4,0,1,1,14.76,16.665,46,16.9979,20,207,227,12111610.,08PM00.,11,20,5
2012-11-16 21:00:00,4,0,1,1,13.94,16.665,49,12.998,21,157,178,12111610.,09PM00.,11,21,5
2012-11-16 22:00:00,4,0,1,1,13.12,15.15,53,16.9979,23,139,162,12111610.,10PM00.,11,22,5
2012-11-16 23:00:00,4,0,1,1,13.12,15.15,53,15.0013,14,114,128,12111610.,11PM00.,11,23,5
2012-11-17 00:00:00,4,0,0,1,12.3,15.15,52,11.0014,11,95,106,12111710.,12AM00.,11,00,6
2012-11-17 01:00:00,4,0,0,1,10.66,12.88,60,12.998,13,74,87,12111710.,01AM00.,11,01,6
2012-11-17 02:00:00,4,0,0,1,10.66,12.88,65,12.998,8,41,49,12111710.,02AM00.,11,02,6
2012-11-17 03:00:00,4,0,0,1,10.66,12.88,65,12.998,2,19,21,12111710.,03AM00.,11,03,6
2012-11-17 04:00:00,4,0,0,1,9.84,11.365,70,12.998,1,6,7,12111710.,04AM00.,11,04,6
2012-11-17 05:00:00,4,0,0,1,9.84,12.12,70,11.0014,1,10,11,12111710.,05AM00.,11,05,6
2012-11-17 06:00:00,4,0,0,1,9.84,11.365,70,15.0013,0,21,21,12111710.,06AM00.,11,06,6
2012-11-17 07:00:00,4,0,0,1,9.84,11.365,70,12.998,8,70,78,12111710.,07AM00.,11,07,6
2012-11-17 08:00:00,4,0,0,1,10.66,12.88,65,15.0013,30,138,168,12111710.,08AM00.,11,08,6
2012-11-17 09:00:00,4,0,0,1,13.94,15.91,49,15.0013,48,200,248,12111710.,09AM00.,11,09,6
2012-11-17 10:00:00,4,0,0,1,14.76,16.665,46,16.9979,62,258,320,12111710.,10AM00.,11,10,6
2012-11-17 11:00:00,4,0,0,1,15.58,19.695,43,12.998,80,343,423,12111710.,11AM00.,11,11,6
2012-11-17 12:00:00,4,0,0,1,16.4,20.455,40,11.0014,117,359,476,12111710.,12PM00.,11,12,6
2012-11-17 13:00:00,4,0,0,1,17.22,21.21,38,16.9979,179,346,525,12111710.,01PM00.,11,13,6
2012-11-17 14:00:00,4,0,0,1,17.22,21.21,38,12.998,175,380,555,12111710.,02PM00.,11,14,6
2012-11-17 15:00:00,4,0,0,1,17.22,21.21,35,19.9995,175,374,549,12111710.,03PM00.,11,15,6
2012-11-17 16:00:00,4,0,0,1,16.4,20.455,40,15.0013,144,325,469,12111710.,04PM00.,11,16,6
2012-11-17 17:00:00,4,0,0,1,15.58,19.695,40,11.0014,101,302,403,12111710.,05PM00.,11,17,6
2012-11-17 18:00:00,4,0,0,1,14.76,18.18,50,7.0015,34,237,271,12111710.,06PM00.,11,18,6
2012-11-17 19:00:00,4,0,0,1,13.94,17.425,53,6.0032,45,208,253,12111710.,07PM00.,11,19,6
2012-11-17 20:00:00,4,0,0,2,13.94,17.425,66,6.0032,30,142,172,12111710.,08PM00.,11,20,6
2012-11-17 21:00:00,4,0,0,2,13.12,16.665,57,7.0015,15,124,139,12111710.,09PM00.,11,21,6
2012-11-17 22:00:00,4,0,0,2,13.12,16.665,57,7.0015,15,130,145,12111710.,10PM00.,11,22,6
2012-11-17 23:00:00,4,0,0,2,12.3,15.91,70,7.0015,19,114,133,12111710.,11PM00.,11,23,6
2012-11-18 00:00:00,4,0,0,2,12.3,15.15,70,11.0014,11,118,129,12111810.,12AM00.,11,00,7
2012-11-18 01:00:00,4,0,0,1,12.3,14.395,70,12.998,14,81,95,12111810.,01AM00.,11,01,7
2012-11-18 02:00:00,4,0,0,1,11.48,14.395,81,7.0015,8,65,73,12111810.,02AM00.,11,02,7
2012-11-18 03:00:00,4,0,0,2,12.3,15.15,81,11.0014,9,37,46,12111810.,03AM00.,11,03,7
2012-11-18 04:00:00,4,0,0,2,12.3,14.395,81,12.998,4,8,12,12111810.,04AM00.,11,04,7
2012-11-18 05:00:00,4,0,0,1,11.48,14.395,81,8.9981,5,7,12,12111810.,05AM00.,11,05,7
2012-11-18 06:00:00,4,0,0,1,11.48,13.635,81,11.0014,2,13,15,12111810.,06AM00.,11,06,7
2012-11-18 07:00:00,4,0,0,1,11.48,13.635,81,12.998,3,39,42,12111810.,07AM00.,11,07,7
2012-11-18 08:00:00,4,0,0,1,12.3,14.395,75,16.9979,19,100,119,12111810.,08AM00.,11,08,7
2012-11-18 09:00:00,4,0,0,1,13.12,15.15,70,16.9979,49,155,204,12111810.,09AM00.,11,09,7
2012-11-18 10:00:00,4,0,0,1,13.94,15.15,66,19.9995,79,250,329,12111810.,10AM00.,11,10,7
2012-11-18 11:00:00,4,0,0,1,15.58,19.695,62,19.0012,92,267,359,12111810.,11AM00.,11,11,7
2012-11-18 12:00:00,4,0,0,1,16.4,20.455,62,19.0012,101,341,442,12111810.,12PM00.,11,12,7
2012-11-18 13:00:00,4,0,0,1,16.4,20.455,62,22.0028,113,334,447,12111810.,01PM00.,11,13,7
2012-11-18 14:00:00,4,0,0,1,16.4,20.455,62,19.9995,125,303,428,12111810.,02PM00.,11,14,7
2012-11-18 15:00:00,4,0,0,1,17.22,21.21,54,19.0012,89,318,407,12111810.,03PM00.,11,15,7
2012-11-18 16:00:00,4,0,0,2,16.4,20.455,62,22.0028,59,313,372,12111810.,04PM00.,11,16,7
2012-11-18 17:00:00,4,0,0,2,15.58,19.695,66,16.9979,48,232,280,12111810.,05PM00.,11,17,7
2012-11-18 18:00:00,4,0,0,1,14.76,17.425,66,15.0013,36,240,276,12111810.,06PM00.,11,18,7
2012-11-18 19:00:00,4,0,0,1,14.76,17.425,66,11.0014,16,194,210,12111810.,07PM00.,11,19,7
2012-11-18 20:00:00,4,0,0,1,14.76,17.425,66,11.0014,9,120,129,12111810.,08PM00.,11,20,7
2012-11-18 21:00:00,4,0,0,1,14.76,16.665,66,16.9979,17,93,110,12111810.,09PM00.,11,21,7
2012-11-18 22:00:00,4,0,0,2,14.76,16.665,66,16.9979,8,66,74,12111810.,10PM00.,11,22,7
2012-11-18 23:00:00,4,0,0,1,14.76,17.425,66,15.0013,6,53,59,12111810.,11PM00.,11,23,7
2012-11-19 00:00:00,4,0,1,1,14.76,17.425,66,15.0013,5,22,27,12111910.,12AM00.,11,00,1
2012-11-19 01:00:00,4,0,1,2,14.76,17.425,66,15.0013,0,19,19,12111910.,01AM00.,11,01,1
2012-11-19 02:00:00,4,0,1,2,14.76,16.665,66,16.9979,0,5,5,12111910.,02AM00.,11,02,1
2012-11-19 03:00:00,4,0,1,2,14.76,17.425,66,15.0013,0,2,2,12111910.,03AM00.,11,03,1
2012-11-19 04:00:00,4,0,1,2,14.76,17.425,66,15.0013,1,11,12,12111910.,04AM00.,11,04,1
2012-11-19 05:00:00,4,0,1,2,14.76,17.425,66,15.0013,1,38,39,12111910.,05AM00.,11,05,1
2012-11-19 06:00:00,4,0,1,2,14.76,16.665,66,16.9979,3,128,131,12111910.,06AM00.,11,06,1
2012-11-19 07:00:00,4,0,1,2,14.76,16.665,66,19.9995,5,381,386,12111910.,07AM00.,11,07,1
2012-11-19 08:00:00,4,0,1,2,14.76,16.665,66,19.9995,13,650,663,12111910.,08AM00.,11,08,1
2012-11-19 09:00:00,4,0,1,2,14.76,16.665,66,16.9979,18,260,278,12111910.,09AM00.,11,09,1
2012-11-19 10:00:00,4,0,1,2,14.76,16.665,66,16.9979,33,106,139,12111910.,10AM00.,11,10,1
2012-11-19 11:00:00,4,0,1,2,15.58,19.695,66,16.9979,33,164,197,12111910.,11AM00.,11,11,1
2012-11-19 12:00:00,4,0,1,2,16.4,20.455,62,19.0012,35,207,242,12111910.,12PM00.,11,12,1
2012-11-19 13:00:00,4,0,1,1,18.04,21.97,54,16.9979,46,205,251,12111910.,01PM00.,11,13,1
2012-11-19 14:00:00,4,0,1,1,18.04,21.97,54,16.9979,47,170,217,12111910.,02PM00.,11,14,1
2012-11-19 15:00:00,4,0,1,1,18.04,21.97,54,12.998,44,213,257,12111910.,03PM00.,11,15,1
2012-11-19 16:00:00,4,0,1,1,17.22,21.21,58,16.9979,55,325,380,12111910.,04PM00.,11,16,1
2012-11-19 17:00:00,4,0,1,2,17.22,21.21,58,12.998,33,586,619,12111910.,05PM00.,11,17,1
2012-11-19 18:00:00,4,0,1,2,16.4,20.455,58,16.9979,21,559,580,12111910.,06PM00.,11,18,1
2012-11-19 19:00:00,4,0,1,2,16.4,20.455,58,19.0012,25,381,406,12111910.,07PM00.,11,19,1
2012-11-19 20:00:00,4,0,1,2,15.58,19.695,62,16.9979,7,252,259,12111910.,08PM00.,11,20,1
2012-11-19 21:00:00,4,0,1,2,15.58,19.695,54,15.0013,15,188,203,12111910.,09PM00.,11,21,1
2012-11-19 22:00:00,4,0,1,1,13.94,17.425,66,7.0015,7,106,113,12111910.,10PM00.,11,22,1
2012-11-19 23:00:00,4,0,1,1,13.94,17.425,66,7.0015,2,72,74,12111910.,11PM00.,11,23,1
2012-12-01 00:00:00,4,0,0,1,10.66,15.15,81,0.0,9,99,108,12120110.,12AM00.,12,00,6
2012-12-01 01:00:00,4,0,0,1,10.66,15.15,81,0.0,5,64,69,12120110.,01AM00.,12,01,6
2012-12-01 02:00:00,4,0,0,2,10.66,15.15,81,0.0,3,47,50,12120110.,02AM00.,12,02,6
2012-12-01 03:00:00,4,0,0,2,10.66,13.635,81,8.9981,1,14,15,12120110.,03AM00.,12,03,6
2012-12-01 04:00:00,4,0,0,1,10.66,14.395,81,6.0032,0,5,5,12120110.,04AM00.,12,04,6
2012-12-01 05:00:00,4,0,0,1,9.84,12.88,87,6.0032,1,12,13,12120110.,05AM00.,12,05,6
2012-12-01 06:00:00,4,0,0,1,9.84,12.12,87,8.9981,7,20,27,12120110.,06AM00.,12,06,6
2012-12-01 07:00:00,4,0,0,2,9.84,12.12,87,8.9981,7,56,63,12120110.,07AM00.,12,07,6
2012-12-01 08:00:00,4,0,0,2,9.84,12.12,87,8.9981,11,133,144,12120110.,08AM00.,12,08,6
2012-12-01 09:00:00,4,0,0,2,10.66,12.12,93,16.9979,34,159,193,12120110.,09AM00.,12,09,6
2012-12-01 10:00:00,4,0,0,2,11.48,13.635,89,11.0014,45,211,256,12120110.,10AM00.,12,10,6
2012-12-01 11:00:00,4,0,0,2,13.12,16.665,76,7.0015,74,318,392,12120110.,11AM00.,12,11,6
2012-12-01 12:00:00,4,0,0,2,13.12,16.665,81,6.0032,119,327,446,12120110.,12PM00.,12,12,6
2012-12-01 13:00:00,4,0,0,2,13.94,18.18,76,0.0,123,386,509,12120110.,01PM00.,12,13,6
2012-12-01 14:00:00,4,0,0,2,14.76,18.94,71,0.0,110,369,479,12120110.,02PM00.,12,14,6
2012-12-01 15:00:00,4,0,0,2,16.4,20.455,62,0.0,113,371,484,12120110.,03PM00.,12,15,6
2012-12-01 16:00:00,4,0,0,2,15.58,19.695,66,0.0,89,354,443,12120110.,04PM00.,12,16,6
2012-12-01 17:00:00,4,0,0,2,13.94,17.425,76,7.0015,50,270,320,12120110.,05PM00.,12,17,6
2012-12-01 18:00:00,4,0,0,2,13.94,18.18,76,0.0,42,255,297,12120110.,06PM00.,12,18,6
2012-12-01 19:00:00,4,0,0,2,13.12,17.425,81,0.0,30,219,249,12120110.,07PM00.,12,19,6
2012-12-01 20:00:00,4,0,0,1,13.12,17.425,81,0.0,28,170,198,12120110.,08PM00.,12,20,6
2012-12-01 21:00:00,4,0,0,2,12.3,16.665,87,0.0,23,135,158,12120110.,09PM00.,12,21,6
2012-12-01 22:00:00,4,0,0,2,12.3,16.665,87,0.0,17,130,147,12120110.,10PM00.,12,22,6
2012-12-01 23:00:00,4,0,0,2,13.12,17.425,81,0.0,10,116,126,12120110.,11PM00.,12,23,6
2012-12-02 00:00:00,4,0,0,2,12.3,15.91,87,6.0032,9,108,117,12120210.,12AM00.,12,00,7
2012-12-02 01:00:00,4,0,0,2,12.3,15.91,87,6.0032,10,84,94,12120210.,01AM00.,12,01,7
2012-12-02 02:00:00,4,0,0,2,12.3,16.665,87,0.0,2,72,74,12120210.,02AM00.,12,02,7
2012-12-02 03:00:00,4,0,0,2,10.66,15.15,93,0.0,4,21,25,12120210.,03AM00.,12,03,7
2012-12-02 04:00:00,4,0,0,2,10.66,15.15,93,0.0,1,6,7,12120210.,04AM00.,12,04,7
2012-12-02 05:00:00,4,0,0,2,10.66,15.15,93,0.0,1,7,8,12120210.,05AM00.,12,05,7
2012-12-02 06:00:00,4,0,0,2,9.84,12.12,93,8.9981,1,15,16,12120210.,06AM00.,12,06,7
2012-12-02 07:00:00,4,0,0,2,9.84,12.12,93,8.9981,5,26,31,12120210.,07AM00.,12,07,7
2012-12-02 08:00:00,4,0,0,2,10.66,14.395,93,6.0032,12,81,93,12120210.,08AM00.,12,08,7
2012-12-02 09:00:00,4,0,0,2,11.48,13.635,93,11.0014,37,135,172,12120210.,09AM00.,12,09,7
2012-12-02 10:00:00,4,0,0,2,12.3,16.665,87,0.0,63,230,293,12120210.,10AM00.,12,10,7
2012-12-02 11:00:00,4,0,0,2,13.12,15.91,81,11.0014,81,274,355,12120210.,11AM00.,12,11,7
2012-12-02 12:00:00,4,0,0,2,13.94,16.665,81,11.0014,111,409,520,12120210.,12PM00.,12,12,7
2012-12-02 13:00:00,4,0,0,1,16.4,20.455,71,15.0013,84,347,431,12120210.,01PM00.,12,13,7
2012-12-02 14:00:00,4,0,0,1,18.04,21.97,62,16.9979,142,331,473,12120210.,02PM00.,12,14,7
2012-12-02 15:00:00,4,0,0,1,18.04,21.97,67,8.9981,106,311,417,12120210.,03PM00.,12,15,7
2012-12-02 16:00:00,4,0,0,2,18.04,21.97,67,7.0015,85,358,443,12120210.,04PM00.,12,16,7
2012-12-02 17:00:00,4,0,0,3,16.4,20.455,76,12.998,59,244,303,12120210.,05PM00.,12,17,7
2012-12-02 18:00:00,4,0,0,2,18.04,21.97,72,7.0015,25,178,203,12120210.,06PM00.,12,18,7
2012-12-02 19:00:00,4,0,0,2,16.4,20.455,82,12.998,16,158,174,12120210.,07PM00.,12,19,7
2012-12-02 20:00:00,4,0,0,2,17.22,21.21,82,12.998,12,142,154,12120210.,08PM00.,12,20,7
2012-12-02 21:00:00,4,0,0,2,18.04,21.97,77,15.0013,8,91,99,12120210.,09PM00.,12,21,7
2012-12-02 22:00:00,4,0,0,2,18.04,21.97,77,12.998,11,85,96,12120210.,10PM00.,12,22,7
2012-12-02 23:00:00,4,0,0,2,17.22,21.21,82,8.9981,7,44,51,12120210.,11PM00.,12,23,7
2012-12-03 00:00:00,4,0,1,2,17.22,21.21,82,11.0014,3,18,21,12120310.,12AM00.,12,00,1
2012-12-03 01:00:00,4,0,1,1,16.4,20.455,82,8.9981,2,11,13,12120310.,01AM00.,12,01,1
2012-12-03 02:00:00,4,0,1,1,17.22,21.21,77,11.0014,1,9,10,12120310.,02AM00.,12,02,1
2012-12-03 03:00:00,4,0,1,1,15.58,19.695,87,0.0,2,6,8,12120310.,03AM00.,12,03,1
2012-12-03 04:00:00,4,0,1,1,14.76,18.94,93,0.0,1,4,5,12120310.,04AM00.,12,04,1
2012-12-03 05:00:00,4,0,1,1,13.94,17.425,93,6.0032,0,38,38,12120310.,05AM00.,12,05,1
2012-12-03 06:00:00,4,0,1,1,14.76,18.94,93,0.0,2,136,138,12120310.,06AM00.,12,06,1
2012-12-03 07:00:00,4,0,1,2,13.94,18.18,93,0.0,9,387,396,12120310.,07AM00.,12,07,1
2012-12-03 08:00:00,4,0,1,1,14.76,18.94,93,0.0,19,712,731,12120310.,08AM00.,12,08,1
2012-12-03 09:00:00,4,0,1,1,16.4,20.455,87,6.0032,19,289,308,12120310.,09AM00.,12,09,1
2012-12-03 10:00:00,4,0,1,1,18.04,21.97,77,8.9981,31,105,136,12120310.,10AM00.,12,10,1
2012-12-03 11:00:00,4,0,1,1,19.68,23.485,77,8.9981,51,182,233,12120310.,11AM00.,12,11,1
2012-12-03 12:00:00,4,0,1,1,21.32,25.0,68,11.0014,40,228,268,12120310.,12PM00.,12,12,1
2012-12-03 13:00:00,4,0,1,1,23.78,27.275,56,6.0032,81,240,321,12120310.,01PM00.,12,13,1
2012-12-03 14:00:00,4,0,1,1,24.6,31.06,53,0.0,51,209,260,12120310.,02PM00.,12,14,1
2012-12-03 15:00:00,4,0,1,1,24.6,31.06,56,0.0,58,210,268,12120310.,03PM00.,12,15,1
2012-12-03 16:00:00,4,0,1,1,24.6,31.06,53,8.9981,45,397,442,12120310.,04PM00.,12,16,1
2012-12-03 17:00:00,4,0,1,1,21.32,25.0,63,7.0015,43,665,708,12120310.,05PM00.,12,17,1
2012-12-03 18:00:00,4,0,1,1,20.5,24.24,68,6.0032,26,666,692,12120310.,06PM00.,12,18,1
2012-12-03 19:00:00,4,0,1,1,20.5,24.24,68,6.0032,27,444,471,12120310.,07PM00.,12,19,1
2012-12-03 20:00:00,4,0,1,2,18.86,22.725,77,0.0,16,284,300,12120310.,08PM00.,12,20,1
2012-12-03 21:00:00,4,0,1,1,18.04,21.97,82,12.998,14,207,221,12120310.,09PM00.,12,21,1
2012-12-03 22:00:00,4,0,1,1,17.22,21.21,82,7.0015,5,139,144,12120310.,10PM00.,12,22,1
2012-12-03 23:00:00,4,0,1,1,17.22,21.21,82,7.0015,9,93,102,12120310.,11PM00.,12,23,1
2012-12-04 00:00:00,4,0,1,1,17.22,21.21,88,7.0015,6,49,55,12120410.,12AM00.,12,00,2
2012-12-04 01:00:00,4,0,1,1,17.22,21.21,82,7.0015,3,22,25,12120410.,01AM00.,12,01,2
2012-12-04 02:00:00,4,0,1,1,17.22,21.21,88,6.0032,3,5,8,12120410.,02AM00.,12,02,2
2012-12-04 03:00:00,4,0,1,2,16.4,20.455,87,8.9981,1,3,4,12120410.,03AM00.,12,03,2
2012-12-04 04:00:00,4,0,1,2,16.4,20.455,87,8.9981,0,7,7,12120410.,04AM00.,12,04,2
2012-12-04 05:00:00,4,0,1,2,18.04,21.97,88,0.0,1,45,46,12120410.,05AM00.,12,05,2
2012-12-04 06:00:00,4,0,1,2,14.76,18.94,93,0.0,3,150,153,12120410.,06AM00.,12,06,2
2012-12-04 07:00:00,4,0,1,1,17.22,21.21,88,8.9981,7,495,502,12120410.,07AM00.,12,07,2
2012-12-04 08:00:00,4,0,1,2,18.04,21.97,88,11.0014,21,700,721,12120410.,08AM00.,12,08,2
2012-12-04 09:00:00,4,0,1,1,18.86,22.725,82,7.0015,19,317,336,12120410.,09AM00.,12,09,2
2012-12-04 10:00:00,4,0,1,1,18.86,22.725,82,12.998,26,130,156,12120410.,10AM00.,12,10,2
2012-12-04 11:00:00,4,0,1,1,19.68,23.485,77,12.998,24,183,207,12120410.,11AM00.,12,11,2
2012-12-04 12:00:00,4,0,1,1,21.32,25.0,68,12.998,39,273,312,12120410.,12PM00.,12,12,2
2012-12-04 13:00:00,4,0,1,2,22.14,25.76,64,11.0014,39,233,272,12120410.,01PM00.,12,13,2
2012-12-04 14:00:00,4,0,1,2,23.78,27.275,56,15.0013,39,231,270,12120410.,02PM00.,12,14,2
2012-12-04 15:00:00,4,0,1,2,24.6,31.06,49,16.9979,56,244,300,12120410.,03PM00.,12,15,2
2012-12-04 16:00:00,4,0,1,1,23.78,27.275,49,19.0012,44,391,435,12120410.,04PM00.,12,16,2
2012-12-04 17:00:00,4,0,1,1,21.32,25.0,59,15.0013,43,700,743,12120410.,05PM00.,12,17,2
2012-12-04 18:00:00,4,0,1,1,20.5,24.24,63,15.0013,38,693,731,12120410.,06PM00.,12,18,2
2012-12-04 19:00:00,4,0,1,1,19.68,23.485,67,15.0013,46,414,460,12120410.,07PM00.,12,19,2
2012-12-04 20:00:00,4,0,1,2,20.5,24.24,63,15.0013,34,272,306,12120410.,08PM00.,12,20,2
2012-12-04 21:00:00,4,0,1,2,20.5,24.24,63,16.9979,28,252,280,12120410.,09PM00.,12,21,2
2012-12-04 22:00:00,4,0,1,2,20.5,24.24,63,19.9995,26,155,181,12120410.,10PM00.,12,22,2
2012-12-04 23:00:00,4,0,1,1,19.68,23.485,67,16.9979,5,91,96,12120410.,11PM00.,12,23,2
2012-12-05 00:00:00,4,0,1,1,20.5,24.24,59,19.0012,6,31,37,12120510.,12AM00.,12,00,3
2012-12-05 01:00:00,4,0,1,1,21.32,25.0,55,22.0028,0,11,11,12120510.,01AM00.,12,01,3
2012-12-05 02:00:00,4,0,1,1,18.86,22.725,67,11.0014,2,7,9,12120510.,02AM00.,12,02,3
2012-12-05 03:00:00,4,0,1,1,19.68,23.485,67,8.9981,0,7,7,12120510.,03AM00.,12,03,3
2012-12-05 04:00:00,4,0,1,1,20.5,24.24,63,30.0026,1,9,10,12120510.,04AM00.,12,04,3
2012-12-05 05:00:00,4,0,1,1,20.5,24.24,59,19.0012,1,48,49,12120510.,05AM00.,12,05,3
2012-12-05 06:00:00,4,0,1,3,19.68,23.485,55,26.0027,5,119,124,12120510.,06AM00.,12,06,3
2012-12-05 07:00:00,4,0,1,3,18.86,22.725,59,19.9995,9,389,398,12120510.,07AM00.,12,07,3
2012-12-05 08:00:00,4,0,1,2,18.04,21.97,58,19.0012,22,737,759,12120510.,08AM00.,12,08,3
2012-12-05 09:00:00,4,0,1,2,18.04,21.97,51,15.0013,26,362,388,12120510.,09AM00.,12,09,3
2012-12-05 10:00:00,4,0,1,2,18.04,21.97,47,23.9994,14,127,141,12120510.,10AM00.,12,10,3
2012-12-05 11:00:00,4,0,1,1,18.04,21.97,44,19.0012,11,161,172,12120510.,11AM00.,12,11,3
2012-12-05 12:00:00,4,0,1,1,18.04,21.97,41,19.0012,24,208,232,12120510.,12PM00.,12,12,3
2012-12-05 13:00:00,4,0,1,1,18.86,22.725,41,19.0012,14,200,214,12120510.,01PM00.,12,13,3
2012-12-05 14:00:00,4,0,1,1,19.68,23.485,33,32.9975,39,179,218,12120510.,02PM00.,12,14,3
2012-12-05 15:00:00,4,0,1,1,19.68,23.485,33,19.0012,20,265,285,12120510.,03PM00.,12,15,3
2012-12-05 16:00:00,4,0,1,1,18.86,22.725,33,19.0012,23,354,377,12120510.,04PM00.,12,16,3
2012-12-05 17:00:00,4,0,1,1,18.04,21.97,35,19.0012,29,576,605,12120510.,05PM00.,12,17,3
2012-12-05 18:00:00,4,0,1,1,17.22,21.21,35,30.0026,29,580,609,12120510.,06PM00.,12,18,3
2012-12-05 19:00:00,4,0,1,1,15.58,19.695,43,23.9994,14,400,414,12120510.,07PM00.,12,19,3
2012-12-05 20:00:00,4,0,1,1,13.94,15.15,46,26.0027,19,274,293,12120510.,08PM00.,12,20,3
2012-12-05 21:00:00,4,0,1,1,13.94,15.15,46,27.9993,14,184,198,12120510.,09PM00.,12,21,3
2012-12-05 22:00:00,4,0,1,1,13.12,14.395,45,26.0027,4,101,105,12120510.,10PM00.,12,22,3
2012-12-05 23:00:00,4,0,1,1,12.3,13.635,49,26.0027,5,69,74,12120510.,11PM00.,12,23,3
2012-12-06 00:00:00,4,0,1,1,10.66,12.12,48,19.0012,1,43,44,12120610.,12AM00.,12,00,4
2012-12-06 01:00:00,4,0,1,1,10.66,12.12,48,19.0012,0,16,16,12120610.,01AM00.,12,01,4
2012-12-06 02:00:00,4,0,1,1,9.84,10.605,52,19.0012,0,9,9,12120610.,02AM00.,12,02,4
2012-12-06 03:00:00,4,0,1,1,9.02,11.365,55,12.998,0,2,2,12120610.,03AM00.,12,03,4
2012-12-06 04:00:00,4,0,1,1,9.02,10.605,55,19.9995,1,8,9,12120610.,04AM00.,12,04,4
2012-12-06 05:00:00,4,0,1,1,9.02,10.605,55,19.0012,0,32,32,12120610.,05AM00.,12,05,4
2012-12-06 06:00:00,4,0,1,1,9.02,10.605,55,19.9995,2,122,124,12120610.,06AM00.,12,06,4
2012-12-06 07:00:00,4,0,1,1,9.02,10.605,51,19.9995,8,381,389,12120610.,07AM00.,12,07,4
2012-12-06 08:00:00,4,0,1,1,9.02,10.605,51,19.9995,13,646,659,12120610.,08AM00.,12,08,4
2012-12-06 09:00:00,4,0,1,1,9.84,11.365,48,12.998,19,257,276,12120610.,09AM00.,12,09,4
2012-12-06 10:00:00,4,0,1,1,9.84,11.365,52,12.998,23,122,145,12120610.,10AM00.,12,10,4
2012-12-06 11:00:00,4,0,1,1,10.66,12.88,48,11.0014,16,162,178,12120610.,11AM00.,12,11,4
2012-12-06 12:00:00,4,0,1,1,11.48,15.91,41,0.0,29,206,235,12120610.,12PM00.,12,12,4
2012-12-06 13:00:00,4,0,1,1,12.3,16.665,39,0.0,33,212,245,12120610.,01PM00.,12,13,4
2012-12-06 14:00:00,4,0,1,1,12.3,15.91,42,6.0032,37,175,212,12120610.,02PM00.,12,14,4
2012-12-06 15:00:00,4,0,1,1,13.12,17.425,39,0.0,38,232,270,12120610.,03PM00.,12,15,4
2012-12-06 16:00:00,4,0,1,1,13.12,17.425,42,0.0,39,292,331,12120610.,04PM00.,12,16,4
2012-12-06 17:00:00,4,0,1,1,12.3,15.91,45,7.0015,31,586,617,12120610.,05PM00.,12,17,4
2012-12-06 18:00:00,4,0,1,1,11.48,13.635,45,11.0014,23,542,565,12120610.,06PM00.,12,18,4
2012-12-06 19:00:00,4,0,1,1,10.66,12.88,60,12.998,13,360,373,12120610.,07PM00.,12,19,4
2012-12-06 20:00:00,4,0,1,2,9.84,12.88,60,7.0015,5,222,227,12120610.,08PM00.,12,20,4
2012-12-06 21:00:00,4,0,1,2,9.84,12.12,60,8.9981,7,184,191,12120610.,09PM00.,12,21,4
2012-12-06 22:00:00,4,0,1,1,9.84,12.12,65,11.0014,2,131,133,12120610.,10PM00.,12,22,4
2012-12-06 23:00:00,4,0,1,1,9.84,12.12,65,11.0014,0,93,93,12120610.,11PM00.,12,23,4
2012-12-07 00:00:00,4,0,1,1,9.84,12.88,70,7.0015,3,45,48,12120710.,12AM00.,12,00,5
2012-12-07 01:00:00,4,0,1,2,9.84,11.365,70,12.998,2,26,28,12120710.,01AM00.,12,01,5
2012-12-07 02:00:00,4,0,1,2,10.66,13.635,70,8.9981,0,11,11,12120710.,02AM00.,12,02,5
2012-12-07 03:00:00,4,0,1,2,10.66,12.88,81,12.998,0,5,5,12120710.,03AM00.,12,03,5
2012-12-07 04:00:00,4,0,1,1,10.66,13.635,75,7.0015,0,10,10,12120710.,04AM00.,12,04,5
2012-12-07 05:00:00,4,0,1,2,10.66,13.635,81,7.0015,1,25,26,12120710.,05AM00.,12,05,5
2012-12-07 06:00:00,4,0,1,2,11.48,13.635,75,11.0014,0,84,84,12120710.,06AM00.,12,06,5
2012-12-07 07:00:00,4,0,1,3,11.48,13.635,81,11.0014,3,212,215,12120710.,07AM00.,12,07,5
2012-12-07 08:00:00,4,0,1,2,12.3,14.395,75,12.998,11,430,441,12120710.,08AM00.,12,08,5
2012-12-07 09:00:00,4,0,1,2,12.3,15.15,81,8.9981,10,291,301,12120710.,09AM00.,12,09,5
2012-12-07 10:00:00,4,0,1,2,13.12,15.91,76,11.0014,16,150,166,12120710.,10AM00.,12,10,5
2012-12-07 11:00:00,4,0,1,2,13.12,15.91,76,12.998,20,183,203,12120710.,11AM00.,12,11,5
2012-12-07 12:00:00,4,0,1,2,13.94,16.665,71,12.998,36,204,240,12120710.,12PM00.,12,12,5
2012-12-07 13:00:00,4,0,1,2,14.76,17.425,66,8.9981,23,197,220,12120710.,01PM00.,12,13,5
2012-12-07 14:00:00,4,0,1,2,14.76,17.425,71,11.0014,40,175,215,12120710.,02PM00.,12,14,5
2012-12-07 15:00:00,4,0,1,2,14.76,17.425,71,11.0014,34,269,303,12120710.,03PM00.,12,15,5
2012-12-07 16:00:00,4,0,1,1,14.76,17.425,76,8.9981,39,336,375,12120710.,04PM00.,12,16,5
2012-12-07 17:00:00,4,0,1,2,15.58,19.695,66,0.0,29,539,568,12120710.,05PM00.,12,17,5
2012-12-07 18:00:00,4,0,1,2,15.58,19.695,71,7.0015,25,473,498,12120710.,06PM00.,12,18,5
2012-12-07 19:00:00,4,0,1,2,15.58,19.695,76,0.0,15,337,352,12120710.,07PM00.,12,19,5
2012-12-07 20:00:00,4,0,1,3,15.58,19.695,76,7.0015,12,229,241,12120710.,08PM00.,12,20,5
2012-12-07 21:00:00,4,0,1,2,14.76,18.18,93,7.0015,9,162,171,12120710.,09PM00.,12,21,5
2012-12-07 22:00:00,4,0,1,2,14.76,18.18,93,6.0032,15,150,165,12120710.,10PM00.,12,22,5
2012-12-07 23:00:00,4,0,1,2,14.76,18.18,93,6.0032,6,116,122,12120710.,11PM00.,12,23,5
2012-12-08 00:00:00,4,0,0,2,14.76,18.18,93,6.0032,5,98,103,12120810.,12AM00.,12,00,6
2012-12-08 01:00:00,4,0,0,2,14.76,17.425,93,8.9981,16,84,100,12120810.,01AM00.,12,01,6
2012-12-08 02:00:00,4,0,0,2,14.76,17.425,93,8.9981,3,67,70,12120810.,02AM00.,12,02,6
2012-12-08 03:00:00,4,0,0,2,14.76,18.18,93,7.0015,6,23,29,12120810.,03AM00.,12,03,6
2012-12-08 04:00:00,4,0,0,2,14.76,18.94,93,0.0,3,9,12,12120810.,04AM00.,12,04,6
2012-12-08 05:00:00,4,0,0,2,14.76,18.18,93,7.0015,2,4,6,12120810.,05AM00.,12,05,6
2012-12-08 06:00:00,4,0,0,2,14.76,18.18,93,7.0015,1,19,20,12120810.,06AM00.,12,06,6
2012-12-08 07:00:00,4,0,0,2,14.76,18.18,100,6.0032,3,36,39,12120810.,07AM00.,12,07,6
2012-12-08 08:00:00,4,0,0,2,15.58,19.695,94,6.0032,5,106,111,12120810.,08AM00.,12,08,6
2012-12-08 09:00:00,4,0,0,2,15.58,19.695,94,0.0,17,153,170,12120810.,09AM00.,12,09,6
2012-12-08 10:00:00,4,0,0,2,16.4,20.455,87,8.9981,43,244,287,12120810.,10AM00.,12,10,6
2012-12-08 11:00:00,4,0,0,2,16.4,20.455,87,7.0015,63,341,404,12120810.,11AM00.,12,11,6
2012-12-08 12:00:00,4,0,0,2,16.4,20.455,87,15.0013,122,364,486,12120810.,12PM00.,12,12,6
2012-12-08 13:00:00,4,0,0,2,16.4,20.455,87,11.0014,148,399,547,12120810.,01PM00.,12,13,6
2012-12-08 14:00:00,4,0,0,2,16.4,20.455,87,19.0012,164,378,542,12120810.,02PM00.,12,14,6
2012-12-08 15:00:00,4,0,0,1,17.22,21.21,82,11.0014,167,374,541,12120810.,03PM00.,12,15,6
2012-12-08 16:00:00,4,0,0,1,17.22,21.21,82,11.0014,139,368,507,12120810.,04PM00.,12,16,6
2012-12-08 17:00:00,4,0,0,1,15.58,19.695,87,8.9981,77,268,345,12120810.,05PM00.,12,17,6
2012-12-08 18:00:00,4,0,0,1,16.4,20.455,87,7.0015,40,264,304,12120810.,06PM00.,12,18,6
2012-12-08 19:00:00,4,0,0,1,16.4,20.455,87,0.0,34,212,246,12120810.,07PM00.,12,19,6
2012-12-08 20:00:00,4,0,0,2,14.76,18.94,100,0.0,20,162,182,12120810.,08PM00.,12,20,6
2012-12-08 21:00:00,4,0,0,2,14.76,18.94,100,0.0,34,175,209,12120810.,09PM00.,12,21,6
2012-12-08 22:00:00,4,0,0,2,15.58,19.695,94,7.0015,23,137,160,12120810.,10PM00.,12,22,6
2012-12-08 23:00:00,4,0,0,2,16.4,20.455,94,0.0,18,144,162,12120810.,11PM00.,12,23,6
2012-12-09 00:00:00,4,0,0,2,16.4,20.455,87,8.9981,15,103,118,12120910.,12AM00.,12,00,7
2012-12-09 01:00:00,4,0,0,2,16.4,20.455,87,7.0015,17,85,102,12120910.,01AM00.,12,01,7
2012-12-09 02:00:00,4,0,0,2,16.4,20.455,87,7.0015,8,70,78,12120910.,02AM00.,12,02,7
2012-12-09 03:00:00,4,0,0,2,16.4,20.455,87,7.0015,14,34,48,12120910.,03AM00.,12,03,7
2012-12-09 04:00:00,4,0,0,2,16.4,20.455,94,7.0015,1,11,12,12120910.,04AM00.,12,04,7
2012-12-09 05:00:00,4,0,0,2,16.4,20.455,87,7.0015,0,8,8,12120910.,05AM00.,12,05,7
2012-12-09 06:00:00,4,0,0,3,16.4,20.455,94,7.0015,0,6,6,12120910.,06AM00.,12,06,7
2012-12-09 07:00:00,4,0,0,3,16.4,20.455,87,15.0013,1,22,23,12120910.,07AM00.,12,07,7
2012-12-09 08:00:00,4,0,0,3,16.4,20.455,87,11.0014,1,68,69,12120910.,08AM00.,12,08,7
2012-12-09 09:00:00,4,0,0,2,16.4,20.455,87,16.9979,9,94,103,12120910.,09AM00.,12,09,7
2012-12-09 10:00:00,4,0,0,2,16.4,20.455,87,19.0012,39,180,219,12120910.,10AM00.,12,10,7
2012-12-09 11:00:00,4,0,0,2,16.4,20.455,87,19.9995,40,210,250,12120910.,11AM00.,12,11,7
2012-12-09 12:00:00,4,0,0,2,16.4,20.455,82,19.9995,60,255,315,12120910.,12PM00.,12,12,7
2012-12-09 13:00:00,4,0,0,2,15.58,19.695,87,19.0012,65,220,285,12120910.,01PM00.,12,13,7
2012-12-09 14:00:00,4,0,0,2,15.58,19.695,87,12.998,42,190,232,12120910.,02PM00.,12,14,7
2012-12-09 15:00:00,4,0,0,3,14.76,17.425,93,11.0014,25,200,225,12120910.,03PM00.,12,15,7
2012-12-09 16:00:00,4,0,0,3,14.76,17.425,93,11.0014,33,220,253,12120910.,04PM00.,12,16,7
2012-12-09 17:00:00,4,0,0,3,14.76,17.425,93,8.9981,20,209,229,12120910.,05PM00.,12,17,7
2012-12-09 18:00:00,4,0,0,3,14.76,18.18,93,6.0032,17,181,198,12120910.,06PM00.,12,18,7
2012-12-09 19:00:00,4,0,0,3,15.58,19.695,94,6.0032,12,110,122,12120910.,07PM00.,12,19,7
2012-12-09 20:00:00,4,0,0,3,14.76,18.18,100,6.0032,6,102,108,12120910.,08PM00.,12,20,7
2012-12-09 21:00:00,4,0,0,2,14.76,18.18,100,7.0015,10,86,96,12120910.,09PM00.,12,21,7
2012-12-09 22:00:00,4,0,0,3,14.76,18.18,93,7.0015,3,75,78,12120910.,10PM00.,12,22,7
2012-12-09 23:00:00,4,0,0,3,14.76,18.18,100,6.0032,3,48,51,12120910.,11PM00.,12,23,7
2012-12-10 00:00:00,4,0,1,3,14.76,18.18,100,6.0032,0,20,20,12121010.,12AM00.,12,00,1
2012-12-10 01:00:00,4,0,1,2,14.76,18.94,100,0.0,0,4,4,12121010.,01AM00.,12,01,1
2012-12-10 02:00:00,4,0,1,2,15.58,19.695,94,7.0015,2,3,5,12121010.,02AM00.,12,02,1
2012-12-10 03:00:00,4,0,1,2,15.58,19.695,94,7.0015,0,4,4,12121010.,03AM00.,12,03,1
2012-12-10 04:00:00,4,0,1,2,15.58,19.695,94,7.0015,3,9,12,12121010.,04AM00.,12,04,1
2012-12-10 05:00:00,4,0,1,2,15.58,19.695,94,7.0015,0,27,27,12121010.,05AM00.,12,05,1
2012-12-10 06:00:00,4,0,1,2,15.58,19.695,94,11.0014,2,121,123,12121010.,06AM00.,12,06,1
2012-12-10 07:00:00,4,0,1,2,15.58,19.695,94,16.9979,3,291,294,12121010.,07AM00.,12,07,1
2012-12-10 08:00:00,4,0,1,2,17.22,21.21,100,16.9979,9,575,584,12121010.,08AM00.,12,08,1
2012-12-10 09:00:00,4,0,1,2,17.22,21.21,100,15.0013,11,273,284,12121010.,09AM00.,12,09,1
2012-12-10 10:00:00,4,0,1,2,18.04,21.97,94,15.0013,12,121,133,12121010.,10AM00.,12,10,1
2012-12-10 11:00:00,4,0,1,3,18.86,22.725,94,15.0013,8,126,134,12121010.,11AM00.,12,11,1
2012-12-10 12:00:00,4,0,1,3,18.04,21.97,100,15.0013,23,150,173,12121010.,12PM00.,12,12,1
2012-12-10 13:00:00,4,0,1,3,18.04,21.97,100,15.0013,30,190,220,12121010.,01PM00.,12,13,1
2012-12-10 14:00:00,4,0,1,2,20.5,24.24,94,15.0013,31,179,210,12121010.,02PM00.,12,14,1
2012-12-10 15:00:00,4,0,1,2,20.5,24.24,87,11.0014,29,207,236,12121010.,03PM00.,12,15,1
2012-12-10 16:00:00,4,0,1,2,20.5,24.24,88,7.0015,37,308,345,12121010.,04PM00.,12,16,1
2012-12-10 17:00:00,4,0,1,2,19.68,23.485,82,19.0012,38,578,616,12121010.,05PM00.,12,17,1
2012-12-10 18:00:00,4,0,1,2,18.86,22.725,88,19.0012,20,544,564,12121010.,06PM00.,12,18,1
2012-12-10 19:00:00,4,0,1,1,21.32,25.0,77,19.0012,18,409,427,12121010.,07PM00.,12,19,1
2012-12-10 20:00:00,4,0,1,1,18.86,22.725,88,16.9979,13,287,300,12121010.,08PM00.,12,20,1
2012-12-10 21:00:00,4,0,1,2,18.86,22.725,94,12.998,21,224,245,12121010.,09PM00.,12,21,1
2012-12-10 22:00:00,4,0,1,2,20.5,24.24,82,15.0013,11,115,126,12121010.,10PM00.,12,22,1
2012-12-10 23:00:00,4,0,1,1,18.86,22.725,88,16.9979,8,76,84,12121010.,11PM00.,12,23,1
2012-12-11 00:00:00,4,0,1,3,18.86,22.725,77,31.0009,2,29,31,12121110.,12AM00.,12,00,2
2012-12-11 01:00:00,4,0,1,1,17.22,21.21,71,30.0026,1,7,8,12121110.,01AM00.,12,01,2
2012-12-11 02:00:00,4,0,1,2,16.4,20.455,66,22.0028,0,1,1,12121110.,02AM00.,12,02,2
2012-12-11 03:00:00,4,0,1,3,14.76,16.665,76,19.0012,0,3,3,12121110.,03AM00.,12,03,2
2012-12-11 04:00:00,4,0,1,2,13.94,15.91,76,19.0012,0,8,8,12121110.,04AM00.,12,04,2
2012-12-11 05:00:00,4,0,1,3,13.94,15.15,71,22.0028,1,40,41,12121110.,05AM00.,12,05,2
2012-12-11 06:00:00,4,0,1,2,13.94,15.15,71,19.9995,0,118,118,12121110.,06AM00.,12,06,2
2012-12-11 07:00:00,4,0,1,1,13.94,15.15,66,27.9993,8,372,380,12121110.,07AM00.,12,07,2
2012-12-11 08:00:00,4,0,1,2,13.94,15.15,61,19.9995,16,708,724,12121110.,08AM00.,12,08,2
2012-12-11 09:00:00,4,0,1,1,13.94,15.15,61,26.0027,12,322,334,12121110.,09AM00.,12,09,2
2012-12-11 10:00:00,4,0,1,1,14.76,16.665,57,22.0028,12,142,154,12121110.,10AM00.,12,10,2
2012-12-11 11:00:00,4,0,1,2,14.76,16.665,53,23.9994,28,145,173,12121110.,11AM00.,12,11,2
2012-12-11 12:00:00,4,0,1,2,14.76,15.91,53,30.0026,13,213,226,12121110.,12PM00.,12,12,2
2012-12-11 13:00:00,4,0,1,2,15.58,19.695,50,15.0013,28,226,254,12121110.,01PM00.,12,13,2
2012-12-11 14:00:00,4,0,1,2,15.58,19.695,50,15.0013,19,185,204,12121110.,02PM00.,12,14,2
2012-12-11 15:00:00,4,0,1,2,15.58,19.695,50,15.0013,20,250,270,12121110.,03PM00.,12,15,2
2012-12-11 16:00:00,4,0,1,2,15.58,19.695,50,15.0013,24,334,358,12121110.,04PM00.,12,16,2
2012-12-11 17:00:00,4,0,1,1,13.12,15.15,53,15.0013,21,580,601,12121110.,05PM00.,12,17,2
2012-12-11 18:00:00,4,0,1,1,13.12,15.15,53,15.0013,23,523,546,12121110.,06PM00.,12,18,2
2012-12-11 19:00:00,4,0,1,1,13.12,15.15,53,15.0013,21,412,433,12121110.,07PM00.,12,19,2
2012-12-11 20:00:00,4,0,1,1,13.12,15.15,53,15.0013,9,248,257,12121110.,08PM00.,12,20,2
2012-12-11 21:00:00,4,0,1,1,13.12,15.91,53,12.998,14,193,207,12121110.,09PM00.,12,21,2
2012-12-11 22:00:00,4,0,1,1,12.3,14.395,56,15.0013,6,100,106,12121110.,10PM00.,12,22,2
2012-12-11 23:00:00,4,0,1,1,12.3,14.395,52,15.0013,4,60,64,12121110.,11PM00.,12,23,2
2012-12-12 00:00:00,4,0,1,1,12.3,15.15,52,11.0014,1,33,34,12121210.,12AM00.,12,00,3
2012-12-12 01:00:00,4,0,1,1,11.48,13.635,61,15.0013,3,18,21,12121210.,01AM00.,12,01,3
2012-12-12 02:00:00,4,0,1,1,11.48,13.635,56,11.0014,5,4,9,12121210.,02AM00.,12,02,3
2012-12-12 03:00:00,4,0,1,1,10.66,13.635,60,8.9981,3,7,10,12121210.,03AM00.,12,03,3
2012-12-12 04:00:00,4,0,1,1,10.66,15.15,60,0.0,0,4,4,12121210.,04AM00.,12,04,3
2012-12-12 05:00:00,4,0,1,1,10.66,12.88,60,12.998,0,37,37,12121210.,05AM00.,12,05,3
2012-12-12 06:00:00,4,0,1,2,10.66,12.12,60,16.9979,2,126,128,12121210.,06AM00.,12,06,3
2012-12-12 07:00:00,4,0,1,2,10.66,12.88,60,12.998,3,366,369,12121210.,07AM00.,12,07,3
2012-12-12 08:00:00,4,0,1,2,10.66,12.88,65,11.0014,18,670,688,12121210.,08AM00.,12,08,3
2012-12-12 09:00:00,4,0,1,2,11.48,14.395,61,8.9981,13,272,285,12121210.,09AM00.,12,09,3
2012-12-12 10:00:00,4,0,1,2,12.3,15.15,56,11.0014,20,116,136,12121210.,10AM00.,12,10,3
2012-12-12 11:00:00,4,0,1,2,13.12,15.15,49,15.0013,24,148,172,12121210.,11AM00.,12,11,3
2012-12-12 12:00:00,4,0,1,2,13.94,18.18,42,0.0,14,218,232,12121210.,12PM00.,12,12,3
2012-12-12 13:00:00,4,0,1,2,13.94,18.18,42,0.0,18,220,238,12121210.,01PM00.,12,13,3
2012-12-12 14:00:00,4,0,1,2,13.94,18.18,46,0.0,34,191,225,12121210.,02PM00.,12,14,3
2012-12-12 15:00:00,4,0,1,2,13.94,17.425,46,7.0015,21,207,228,12121210.,03PM00.,12,15,3
2012-12-12 16:00:00,4,0,1,2,13.94,16.665,46,8.9981,19,310,329,12121210.,04PM00.,12,16,3
2012-12-12 17:00:00,4,0,1,2,13.12,15.15,53,15.0013,21,540,561,12121210.,05PM00.,12,17,3
2012-12-12 18:00:00,4,0,1,2,13.12,15.15,49,15.0013,25,515,540,12121210.,06PM00.,12,18,3
2012-12-12 19:00:00,4,0,1,2,12.3,14.395,56,15.0013,18,384,402,12121210.,07PM00.,12,19,3
2012-12-12 20:00:00,4,0,1,1,12.3,14.395,52,19.0012,25,243,268,12121210.,08PM00.,12,20,3
2012-12-12 21:00:00,4,0,1,2,12.3,14.395,52,16.9979,16,186,202,12121210.,09PM00.,12,21,3
2012-12-12 22:00:00,4,0,1,2,12.3,14.395,52,15.0013,4,118,122,12121210.,10PM00.,12,22,3
2012-12-12 23:00:00,4,0,1,2,11.48,13.635,56,15.0013,3,76,79,12121210.,11PM00.,12,23,3
2012-12-13 00:00:00,4,0,1,2,11.48,13.635,52,15.0013,1,31,32,12121310.,12AM00.,12,00,4
2012-12-13 01:00:00,4,0,1,2,11.48,12.88,52,19.0012,4,19,23,12121310.,01AM00.,12,01,4
2012-12-13 02:00:00,4,0,1,2,10.66,12.12,56,16.9979,3,5,8,12121310.,02AM00.,12,02,4
2012-12-13 03:00:00,4,0,1,2,10.66,12.12,56,19.0012,0,2,2,12121310.,03AM00.,12,03,4
2012-12-13 04:00:00,4,0,1,2,10.66,12.88,56,12.998,0,8,8,12121310.,04AM00.,12,04,4
2012-12-13 05:00:00,4,0,1,2,10.66,12.88,56,11.0014,2,31,33,12121310.,05AM00.,12,05,4
2012-12-13 06:00:00,4,0,1,1,10.66,12.12,56,16.9979,2,112,114,12121310.,06AM00.,12,06,4
2012-12-13 07:00:00,4,0,1,1,9.84,11.365,60,15.0013,5,380,385,12121310.,07AM00.,12,07,4
2012-12-13 08:00:00,4,0,1,1,9.84,11.365,60,12.998,24,655,679,12121310.,08AM00.,12,08,4
2012-12-13 09:00:00,4,0,1,1,11.48,13.635,52,16.9979,25,300,325,12121310.,09AM00.,12,09,4
2012-12-13 10:00:00,4,0,1,1,13.12,15.15,45,19.0012,28,139,167,12121310.,10AM00.,12,10,4
2012-12-13 11:00:00,4,0,1,1,13.94,15.91,42,16.9979,25,164,189,12121310.,11AM00.,12,11,4
2012-12-13 12:00:00,4,0,1,1,14.76,16.665,40,16.9979,30,252,282,12121310.,12PM00.,12,12,4
2012-12-13 13:00:00,4,0,1,1,14.76,17.425,34,12.998,41,230,271,12121310.,01PM00.,12,13,4
2012-12-13 14:00:00,4,0,1,1,14.76,17.425,34,11.0014,31,211,242,12121310.,02PM00.,12,14,4
2012-12-13 15:00:00,4,0,1,1,14.76,17.425,34,8.9981,40,240,280,12121310.,03PM00.,12,15,4
2012-12-13 16:00:00,4,0,1,1,13.94,17.425,39,7.0015,50,356,406,12121310.,04PM00.,12,16,4
2012-12-13 17:00:00,4,0,1,1,13.12,16.665,42,7.0015,43,507,550,12121310.,05PM00.,12,17,4
2012-12-13 18:00:00,4,0,1,1,13.12,16.665,42,7.0015,20,446,466,12121310.,06PM00.,12,18,4
2012-12-13 19:00:00,4,0,1,1,12.3,15.15,45,11.0014,20,328,348,12121310.,07PM00.,12,19,4
2012-12-13 20:00:00,4,0,1,1,12.3,16.665,45,0.0,6,235,241,12121310.,08PM00.,12,20,4
2012-12-13 21:00:00,4,0,1,1,11.48,15.91,48,0.0,13,200,213,12121310.,09PM00.,12,21,4
2012-12-13 22:00:00,4,0,1,1,10.66,14.395,60,6.0032,7,141,148,12121310.,10PM00.,12,22,4
2012-12-13 23:00:00,4,0,1,1,10.66,15.15,60,0.0,5,115,120,12121310.,11PM00.,12,23,4
2012-12-14 00:00:00,4,0,1,1,9.02,12.88,64,6.0032,4,43,47,12121410.,12AM00.,12,00,5
2012-12-14 01:00:00,4,0,1,1,9.02,12.88,69,6.0032,0,26,26,12121410.,01AM00.,12,01,5
2012-12-14 02:00:00,4,0,1,1,9.02,13.635,69,0.0,3,6,9,12121410.,02AM00.,12,02,5
2012-12-14 03:00:00,4,0,1,1,8.2,11.365,69,7.0015,0,12,12,12121410.,03AM00.,12,03,5
2012-12-14 04:00:00,4,0,1,1,8.2,11.365,75,6.0032,1,9,10,12121410.,04AM00.,12,04,5
2012-12-14 05:00:00,4,0,1,1,8.2,11.365,69,7.0015,0,34,34,12121410.,05AM00.,12,05,5
2012-12-14 06:00:00,4,0,1,1,6.56,9.09,80,7.0015,1,112,113,12121410.,06AM00.,12,06,5
2012-12-14 07:00:00,4,0,1,1,8.2,10.605,72,7.0015,3,305,308,12121410.,07AM00.,12,07,5
2012-12-14 08:00:00,4,0,1,1,8.2,11.365,69,6.0032,13,623,636,12121410.,08AM00.,12,08,5
2012-12-14 09:00:00,4,0,1,1,9.84,12.12,75,8.9981,13,330,343,12121410.,09AM00.,12,09,5
2012-12-14 10:00:00,4,0,1,1,10.66,12.88,81,12.998,28,162,190,12121410.,10AM00.,12,10,5
2012-12-14 11:00:00,4,0,1,1,13.12,15.15,65,12.998,31,180,211,12121410.,11AM00.,12,11,5
2012-12-14 12:00:00,4,0,1,1,14.76,17.425,50,12.998,29,244,273,12121410.,12PM00.,12,12,5
2012-12-14 13:00:00,4,0,1,1,14.76,17.425,50,15.0013,39,274,313,12121410.,01PM00.,12,13,5
2012-12-14 14:00:00,4,0,1,1,16.4,20.455,43,12.998,48,251,299,12121410.,02PM00.,12,14,5
2012-12-14 15:00:00,4,0,1,1,16.4,20.455,47,11.0014,57,252,309,12121410.,03PM00.,12,15,5
2012-12-14 16:00:00,4,0,1,1,15.58,19.695,54,12.998,45,372,417,12121410.,04PM00.,12,16,5
2012-12-14 17:00:00,4,0,1,1,13.94,16.665,57,11.0014,40,582,622,12121410.,05PM00.,12,17,5
2012-12-14 18:00:00,4,0,1,1,14.76,17.425,46,8.9981,23,432,455,12121410.,06PM00.,12,18,5
2012-12-14 19:00:00,4,0,1,1,13.94,17.425,53,6.0032,17,302,319,12121410.,07PM00.,12,19,5
2012-12-14 20:00:00,4,0,1,1,13.12,16.665,61,8.9981,12,209,221,12121410.,08PM00.,12,20,5
2012-12-14 21:00:00,4,0,1,1,12.3,15.15,75,11.0014,7,165,172,12121410.,09PM00.,12,21,5
2012-12-14 22:00:00,4,0,1,1,11.48,14.395,75,7.0015,4,134,138,12121410.,10PM00.,12,22,5
2012-12-14 23:00:00,4,0,1,1,11.48,15.15,75,6.0032,11,123,134,12121410.,11PM00.,12,23,5
2012-12-15 00:00:00,4,0,0,1,12.3,16.665,70,0.0,4,90,94,12121510.,12AM00.,12,00,6
2012-12-15 01:00:00,4,0,0,2,10.66,14.395,81,6.0032,9,86,95,12121510.,01AM00.,12,01,6
2012-12-15 02:00:00,4,0,0,1,10.66,15.15,81,0.0,6,63,69,12121510.,02AM00.,12,02,6
2012-12-15 03:00:00,4,0,0,2,9.84,14.395,81,0.0,5,18,23,12121510.,03AM00.,12,03,6
2012-12-15 04:00:00,4,0,0,2,9.84,12.88,87,7.0015,1,5,6,12121510.,04AM00.,12,04,6
2012-12-15 05:00:00,4,0,0,2,10.66,15.15,75,0.0,0,3,3,12121510.,05AM00.,12,05,6
2012-12-15 06:00:00,4,0,0,2,9.84,14.395,75,0.0,0,11,11,12121510.,06AM00.,12,06,6
2012-12-15 07:00:00,4,0,0,2,9.84,12.88,75,6.0032,1,47,48,12121510.,07AM00.,12,07,6
2012-12-15 08:00:00,4,0,0,2,10.66,14.395,75,6.0032,8,111,119,12121510.,08AM00.,12,08,6
2012-12-15 09:00:00,4,0,0,1,10.66,13.635,75,7.0015,17,203,220,12121510.,09AM00.,12,09,6
2012-12-15 10:00:00,4,0,0,1,13.12,15.91,61,11.0014,23,250,273,12121510.,10AM00.,12,10,6
2012-12-15 11:00:00,4,0,0,1,13.94,17.425,61,6.0032,66,327,393,12121510.,11AM00.,12,11,6
2012-12-15 12:00:00,4,0,0,1,15.58,19.695,50,6.0032,89,364,453,12121510.,12PM00.,12,12,6
2012-12-15 13:00:00,4,0,0,1,15.58,19.695,54,16.9979,88,368,456,12121510.,01PM00.,12,13,6
2012-12-15 14:00:00,4,0,0,1,16.4,20.455,50,11.0014,92,334,426,12121510.,02PM00.,12,14,6
2012-12-15 15:00:00,4,0,0,1,17.22,21.21,47,0.0,95,352,447,12121510.,03PM00.,12,15,6
2012-12-15 16:00:00,4,0,0,1,16.4,20.455,50,8.9981,85,328,413,12121510.,04PM00.,12,16,6
2012-12-15 17:00:00,4,0,0,1,16.4,20.455,50,15.0013,35,274,309,12121510.,05PM00.,12,17,6
2012-12-15 18:00:00,4,0,0,1,15.58,19.695,58,11.0014,40,232,272,12121510.,06PM00.,12,18,6
2012-12-15 19:00:00,4,0,0,1,14.76,17.425,62,8.9981,32,225,257,12121510.,07PM00.,12,19,6
2012-12-15 20:00:00,4,0,0,2,14.76,17.425,57,12.998,23,178,201,12121510.,08PM00.,12,20,6
2012-12-15 21:00:00,4,0,0,1,14.76,17.425,62,8.9981,15,169,184,12121510.,09PM00.,12,21,6
2012-12-15 22:00:00,4,0,0,1,14.76,17.425,62,12.998,22,134,156,12121510.,10PM00.,12,22,6
2012-12-15 23:00:00,4,0,0,2,14.76,17.425,62,8.9981,11,108,119,12121510.,11PM00.,12,23,6
2012-12-16 00:00:00,4,0,0,2,14.76,18.94,62,0.0,8,102,110,12121610.,12AM00.,12,00,7
2012-12-16 01:00:00,4,0,0,3,13.94,17.425,76,7.0015,14,82,96,12121610.,01AM00.,12,01,7
2012-12-16 02:00:00,4,0,0,2,13.94,17.425,87,6.0032,8,79,87,12121610.,02AM00.,12,02,7
2012-12-16 03:00:00,4,0,0,2,13.94,16.665,87,12.998,1,37,38,12121610.,03AM00.,12,03,7
2012-12-16 04:00:00,4,0,0,2,13.94,18.18,87,0.0,1,10,11,12121610.,04AM00.,12,04,7
2012-12-16 05:00:00,4,0,0,2,13.94,18.18,87,0.0,0,9,9,12121610.,05AM00.,12,05,7
2012-12-16 06:00:00,4,0,0,2,13.94,18.18,87,0.0,0,6,6,12121610.,06AM00.,12,06,7
2012-12-16 07:00:00,4,0,0,2,13.94,17.425,87,6.0032,5,22,27,12121610.,07AM00.,12,07,7
2012-12-16 08:00:00,4,0,0,2,14.76,17.425,87,8.9981,12,76,88,12121610.,08AM00.,12,08,7
2012-12-16 09:00:00,4,0,0,2,14.76,17.425,87,8.9981,19,113,132,12121610.,09AM00.,12,09,7
2012-12-16 10:00:00,4,0,0,2,14.76,17.425,87,8.9981,42,215,257,12121610.,10AM00.,12,10,7
2012-12-16 11:00:00,4,0,0,2,14.76,17.425,87,8.9981,47,248,295,12121610.,11AM00.,12,11,7
2012-12-16 12:00:00,4,0,0,2,15.58,19.695,82,12.998,67,350,417,12121610.,12PM00.,12,12,7
2012-12-16 13:00:00,4,0,0,2,15.58,19.695,76,12.998,67,289,356,12121610.,01PM00.,12,13,7
2012-12-16 14:00:00,4,0,0,2,15.58,19.695,76,8.9981,50,260,310,12121610.,02PM00.,12,14,7
2012-12-16 15:00:00,4,0,0,2,15.58,19.695,82,7.0015,46,292,338,12121610.,03PM00.,12,15,7
2012-12-16 16:00:00,4,0,0,2,15.58,19.695,82,7.0015,66,334,400,12121610.,04PM00.,12,16,7
2012-12-16 17:00:00,4,0,0,2,15.58,19.695,82,7.0015,29,214,243,12121610.,05PM00.,12,17,7
2012-12-16 18:00:00,4,0,0,3,15.58,19.695,82,7.0015,8,99,107,12121610.,06PM00.,12,18,7
2012-12-16 19:00:00,4,0,0,1,14.76,17.425,93,8.9981,10,99,109,12121610.,07PM00.,12,19,7
2012-12-16 20:00:00,4,0,0,2,15.58,19.695,82,0.0,14,108,122,12121610.,08PM00.,12,20,7
2012-12-16 21:00:00,4,0,0,2,14.76,18.94,93,0.0,14,92,106,12121610.,09PM00.,12,21,7
2012-12-16 22:00:00,4,0,0,2,16.4,20.455,82,12.998,6,83,89,12121610.,10PM00.,12,22,7
2012-12-16 23:00:00,4,0,0,2,14.76,17.425,93,8.9981,4,29,33,12121610.,11PM00.,12,23,7
2012-12-17 00:00:00,4,0,1,2,15.58,19.695,87,0.0,2,26,28,12121710.,12AM00.,12,00,1
2012-12-17 01:00:00,4,0,1,2,15.58,19.695,87,7.0015,1,14,15,12121710.,01AM00.,12,01,1
2012-12-17 02:00:00,4,0,1,2,15.58,19.695,94,0.0,1,4,5,12121710.,02AM00.,12,02,1
2012-12-17 03:00:00,4,0,1,2,14.76,18.94,93,0.0,0,3,3,12121710.,03AM00.,12,03,1
2012-12-17 04:00:00,4,0,1,3,14.76,18.94,100,0.0,2,3,5,12121710.,04AM00.,12,04,1
2012-12-17 05:00:00,4,0,1,2,15.58,19.695,87,0.0,0,24,24,12121710.,05AM00.,12,05,1
2012-12-17 06:00:00,4,0,1,2,14.76,17.425,93,8.9981,1,107,108,12121710.,06AM00.,12,06,1
2012-12-17 07:00:00,4,0,1,2,14.76,17.425,93,8.9981,5,314,319,12121710.,07AM00.,12,07,1
2012-12-17 08:00:00,4,0,1,2,15.58,19.695,87,7.0015,10,582,592,12121710.,08AM00.,12,08,1
2012-12-17 09:00:00,4,0,1,2,16.4,20.455,87,0.0,11,271,282,12121710.,09AM00.,12,09,1
2012-12-17 10:00:00,4,0,1,2,15.58,19.695,87,6.0032,15,120,135,12121710.,10AM00.,12,10,1
2012-12-17 11:00:00,4,0,1,2,16.4,20.455,87,6.0032,22,148,170,12121710.,11AM00.,12,11,1
2012-12-17 12:00:00,4,0,1,2,16.4,20.455,87,0.0,21,211,232,12121710.,12PM00.,12,12,1
2012-12-17 13:00:00,4,0,1,2,16.4,20.455,87,8.9981,16,194,210,12121710.,01PM00.,12,13,1
2012-12-17 14:00:00,4,0,1,2,16.4,20.455,87,6.0032,12,169,181,12121710.,02PM00.,12,14,1
2012-12-17 15:00:00,4,0,1,2,17.22,21.21,88,0.0,15,196,211,12121710.,03PM00.,12,15,1
2012-12-17 16:00:00,4,0,1,3,16.4,20.455,94,16.9979,15,287,302,12121710.,04PM00.,12,16,1
2012-12-17 17:00:00,4,0,1,2,16.4,20.455,94,16.9979,17,478,495,12121710.,05PM00.,12,17,1
2012-12-17 18:00:00,4,0,1,2,16.4,20.455,94,6.0032,14,493,507,12121710.,06PM00.,12,18,1
2012-12-17 19:00:00,4,0,1,2,17.22,21.21,88,8.9981,7,333,340,12121710.,07PM00.,12,19,1
2012-12-17 20:00:00,4,0,1,2,17.22,21.21,94,16.9979,8,192,200,12121710.,08PM00.,12,20,1
2012-12-17 21:00:00,4,0,1,2,17.22,21.21,94,8.9981,6,114,120,12121710.,09PM00.,12,21,1
2012-12-17 22:00:00,4,0,1,2,17.22,21.21,94,8.9981,5,49,54,12121710.,10PM00.,12,22,1
2012-12-17 23:00:00,4,0,1,3,17.22,21.21,94,15.0013,6,41,47,12121710.,11PM00.,12,23,1
2012-12-18 00:00:00,4,0,1,2,18.04,21.97,94,8.9981,0,18,18,12121810.,12AM00.,12,00,2
2012-12-18 01:00:00,4,0,1,2,18.04,21.97,94,8.9981,0,15,15,12121810.,01AM00.,12,01,2
2012-12-18 02:00:00,4,0,1,2,18.04,21.97,88,15.0013,2,5,7,12121810.,02AM00.,12,02,2
2012-12-18 03:00:00,4,0,1,1,17.22,21.21,88,12.998,0,5,5,12121810.,03AM00.,12,03,2
2012-12-18 04:00:00,4,0,1,1,17.22,21.21,82,11.0014,3,5,8,12121810.,04AM00.,12,04,2
2012-12-18 05:00:00,4,0,1,1,15.58,19.695,87,6.0032,0,36,36,12121810.,05AM00.,12,05,2
2012-12-18 06:00:00,4,0,1,1,14.76,17.425,93,11.0014,1,117,118,12121810.,06AM00.,12,06,2
2012-12-18 07:00:00,4,0,1,1,14.76,17.425,93,8.9981,4,351,355,12121810.,07AM00.,12,07,2
2012-12-18 08:00:00,4,0,1,1,15.58,19.695,94,0.0,10,652,662,12121810.,08AM00.,12,08,2
2012-12-18 09:00:00,4,0,1,1,16.4,20.455,87,6.0032,19,307,326,12121810.,09AM00.,12,09,2
2012-12-18 10:00:00,4,0,1,1,18.04,21.97,77,6.0032,22,162,184,12121810.,10AM00.,12,10,2
2012-12-18 11:00:00,4,0,1,1,19.68,23.485,63,15.0013,58,211,269,12121810.,11AM00.,12,11,2
2012-12-18 12:00:00,4,0,1,3,19.68,23.485,48,16.9979,49,264,313,12121810.,12PM00.,12,12,2
2012-12-18 13:00:00,4,0,1,1,20.5,24.24,42,19.0012,51,235,286,12121810.,01PM00.,12,13,2
2012-12-18 14:00:00,4,0,1,1,18.86,22.725,47,30.0026,56,191,247,12121810.,02PM00.,12,14,2
2012-12-18 15:00:00,4,0,1,1,18.86,22.725,44,32.9975,28,218,246,12121810.,03PM00.,12,15,2
2012-12-18 16:00:00,4,0,1,1,18.04,21.97,41,31.0009,40,323,363,12121810.,04PM00.,12,16,2
2012-12-18 17:00:00,4,0,1,1,16.4,20.455,47,30.0026,39,533,572,12121810.,05PM00.,12,17,2
2012-12-18 18:00:00,4,0,1,1,15.58,19.695,46,22.0028,13,512,525,12121810.,06PM00.,12,18,2
2012-12-18 19:00:00,4,0,1,1,15.58,19.695,46,26.0027,19,334,353,12121810.,07PM00.,12,19,2
2012-12-18 20:00:00,4,0,1,1,14.76,16.665,50,16.9979,4,264,268,12121810.,08PM00.,12,20,2
2012-12-18 21:00:00,4,0,1,1,14.76,17.425,50,15.0013,9,159,168,12121810.,09PM00.,12,21,2
2012-12-18 22:00:00,4,0,1,1,13.94,16.665,49,0.0,5,127,132,12121810.,10PM00.,12,22,2
2012-12-18 23:00:00,4,0,1,1,13.94,17.425,49,6.0032,1,80,81,12121810.,11PM00.,12,23,2
2012-12-19 00:00:00,4,0,1,1,12.3,15.91,61,0.0,6,35,41,12121910.,12AM00.,12,00,3
2012-12-19 01:00:00,4,0,1,1,12.3,15.91,65,6.0032,1,14,15,12121910.,01AM00.,12,01,3
2012-12-19 02:00:00,4,0,1,1,11.48,15.15,65,6.0032,1,2,3,12121910.,02AM00.,12,02,3
2012-12-19 03:00:00,4,0,1,1,10.66,13.635,75,8.9981,0,5,5,12121910.,03AM00.,12,03,3
2012-12-19 04:00:00,4,0,1,1,9.84,12.12,75,8.9981,1,6,7,12121910.,04AM00.,12,04,3
2012-12-19 05:00:00,4,0,1,1,10.66,14.395,75,6.0032,2,29,31,12121910.,05AM00.,12,05,3
2012-12-19 06:00:00,4,0,1,1,9.84,12.88,75,6.0032,3,109,112,12121910.,06AM00.,12,06,3
2012-12-19 07:00:00,4,0,1,1,10.66,13.635,75,8.9981,3,360,363,12121910.,07AM00.,12,07,3
2012-12-19 08:00:00,4,0,1,1,9.84,12.88,87,7.0015,13,665,678,12121910.,08AM00.,12,08,3
2012-12-19 09:00:00,4,0,1,1,11.48,14.395,75,7.0015,8,309,317,12121910.,09AM00.,12,09,3
2012-12-19 10:00:00,4,0,1,1,13.12,16.665,70,7.0015,17,147,164,12121910.,10AM00.,12,10,3
2012-12-19 11:00:00,4,0,1,1,16.4,20.455,54,15.0013,31,169,200,12121910.,11AM00.,12,11,3
2012-12-19 12:00:00,4,0,1,1,16.4,20.455,54,19.0012,33,203,236,12121910.,12PM00.,12,12,3
2012-12-19 13:00:00,4,0,1,1,17.22,21.21,50,12.998,30,183,213,12121910.,01PM00.,12,13,3
2012-12-19 14:00:00,4,0,1,1,17.22,21.21,50,12.998,33,185,218,12121910.,02PM00.,12,14,3
2012-12-19 15:00:00,4,0,1,1,17.22,21.21,50,19.0012,28,209,237,12121910.,03PM00.,12,15,3
2012-12-19 16:00:00,4,0,1,1,17.22,21.21,50,23.9994,37,297,334,12121910.,04PM00.,12,16,3
2012-12-19 17:00:00,4,0,1,1,16.4,20.455,50,26.0027,26,536,562,12121910.,05PM00.,12,17,3
2012-12-19 18:00:00,4,0,1,1,15.58,19.695,50,23.9994,23,546,569,12121910.,06PM00.,12,18,3
2012-12-19 19:00:00,4,0,1,1,15.58,19.695,50,26.0027,7,329,336,12121910.,07PM00.,12,19,3
2012-12-19 20:00:00,4,0,1,1,14.76,17.425,57,15.0013,10,231,241,12121910.,08PM00.,12,20,3
2012-12-19 21:00:00,4,0,1,1,13.94,15.91,61,15.0013,4,164,168,12121910.,09PM00.,12,21,3
2012-12-19 22:00:00,4,0,1,1,13.94,17.425,61,6.0032,12,117,129,12121910.,10PM00.,12,22,3
2012-12-19 23:00:00,4,0,1,1,13.12,16.665,66,8.9981,4,84,88,12121910.,11PM00.,12,23,3
